date,momentum_20,reversal_5,low_volatility_20,volume_price_corr_20,volume_expansion,amihud_liquidity_20,overnight_gap,random_baseline_s143,Volume-Weighted Reversal,Volume-Weighted Reversal Smoothed
2023-01-03,1.0,1.0,1.0,1.0,1.0,1.0,1.0,1.0,1.0,1.0
2023-01-04,1.0,1.0,1.0,1.0,1.0,1.0,1.0326672533138257,1.0,1.0,1.0
2023-01-05,1.0,1.0,1.0,1.0,1.0,1.0,1.0357028732275986,1.0,1.0,1.0
2023-01-06,1.0,1.0,1.0,1.0,1.0,1.0,1.043948047800915,1.0,1.0,1.0
2023-01-09,1.0,1.0,1.0,1.0,1.0,1.0,1.0429106147359137,1.0,1.0,1.0
2023-01-10,1.0,1.0056692679613126,1.0,1.0,1.0,1.0,1.0493446097779169,1.0,1.0,1.0
2023-01-11,1.0,1.0075378167755218,1.0,1.0,1.0,1.0,1.0512943080423096,1.0,1.0,1.0
2023-01-12,1.0,1.0297370167617717,1.0,1.0,1.0,1.0,1.0744575999803998,1.0,1.0,1.0
2023-01-13,1.0,1.0466985907926283,1.0,1.0,1.0,1.0,1.0921558004222902,1.0,1.0,1.0
2023-01-16,1.0,1.0441297558850657,1.0,1.0,1.0,1.0,1.0894754032484513,0.997045773988654,1.0,1.0
2023-01-17,1.0,1.04459107694978,1.0,1.0,1.0,1.0,1.0899567590858592,0.9974862922436245,1.0,1.0
2023-01-18,1.0,1.0415079427142508,1.0,1.0,1.0,1.0,1.086739727011455,0.9945421888476167,1.0,1.0
2023-01-19,1.0,1.0419983901302203,1.0,1.0,1.0,1.0,1.087251474132226,0.9950105200303071,1.0,1.0
2023-01-20,1.0,1.0498231316400144,1.0,1.0,1.0,1.0,1.0954160373616988,1.0024824126862928,1.0,1.0
2023-01-30,1.0,1.036098794495305,1.0,1.0,1.0,1.0,1.0810956641889455,0.9893769607309189,1.0,1.0
2023-01-31,1.0,1.0380672046976476,1.0,1.0,1.0,1.0,1.0831495607347228,0.9912566074536178,1.0,1.0
2023-02-01,1.0,1.0226720541806416,1.0,1.0,1.0,1.0,1.0670858122177884,0.9765556857756519,1.0,1.0
2023-02-02,1.0,1.0046916242487411,1.0,1.0,1.0,1.0,1.0483245078490295,0.9593860652595657,1.0,1.0
2023-02-03,1.0,0.9828621332941421,1.0,1.0,1.0,1.0,1.02554698108435,0.9385409532589435,1.0,1.0
2023-02-06,1.0,0.9863631370123142,1.0,1.003062049650278,1.003062049650278,1.0,1.0292000303496653,0.9418840827332713,1.0,1.0
2023-02-07,0.9917251395402942,0.9786943012594458,0.9917251395402942,0.9952633821818206,0.9952633821818206,0.9917251395402942,1.0211981437285718,0.9345610654208022,0.9917251395402942,1.0
2023-02-08,1.0040008759305663,0.9908087397968127,1.0040008759305663,1.0075829155196747,1.0075829155196747,1.0040008759305663,1.033838701797371,0.9461292155284374,1.0040008759305663,1.0
2023-02-09,0.9968599780164731,0.9837616701847244,0.9968599780164731,1.0004165405570618,1.0004165405570618,0.9968599780164731,1.0264855840798877,0.9393999264375613,0.9968599780164731,1.0
2023-02-10,1.0106053158497554,0.9973264002394198,1.0106053158497554,1.0142109185311097,1.0142109185311097,1.0106053158497554,1.0406394185654957,0.9523529686242258,1.0106053158497554,1.0
2023-02-13,1.0063954550711791,0.9931718552059057,1.0063954550711791,1.0099860379568988,1.0099860379568988,1.0063954550711791,1.036304445253807,0.9483857686233029,1.0063954550711791,1.0
2023-02-14,0.9940661066118204,0.9810045090387916,0.9940661066118204,0.9976127012746728,0.9976127012746728,0.9940661066118204,1.023608681822907,0.936767096702307,0.9940661066118204,1.0
2023-02-15,0.9920121458781958,0.978977536458525,0.9920121458781958,0.9955514124910049,0.9955514124910049,0.9920121458781958,1.0214936795860563,0.9348315284132561,0.9920121458781958,1.0
2023-02-16,0.9713674751022527,0.9586041277042017,0.9713674751022527,0.9748330863729239,0.9748330863729239,0.9713674751022527,1.000235471405458,0.9153768380495829,0.9713674751022527,1.0
2023-02-17,1.0046131231186637,0.991412942322354,1.0046131231186637,1.0081973470621075,1.0081973470621075,1.0046131231186637,1.034469144313205,0.9467061721483678,1.0046131231186637,1.0
2023-02-20,1.0021960109216368,0.9890275899314371,1.0021960109216368,1.0057716111758104,1.0057716111758104,1.0021960109216368,1.0319801981421604,0.9444283848260235,1.0021960109216368,1.0
2023-02-21,0.9887171303499064,0.9757258160054236,0.9887171303499064,0.9922446411203133,0.9922446411203133,0.9887171303499064,1.0181007397412463,0.9317264410257129,0.9887171303499064,1.0
2023-02-22,0.9916800380588925,0.978649792391952,0.9916800380588925,0.995218119788914,0.995218119788914,0.9916800380588925,1.0211517018796652,0.9345185636359525,0.9916800380588925,1.0
2023-02-23,0.9770738532747004,0.9642355265419833,0.9770738532747004,0.9805598235639881,0.9805598235639881,0.9770738532747004,1.0061114369979183,0.920754294616842,0.9770738532747004,1.0
2023-02-24,0.9711205673746298,0.9583604642370506,0.9711205673746298,0.9745852977364527,0.9745852977364527,0.9711205673746298,0.9999812258458085,0.9151441623415791,0.9711205673746298,1.0
2023-02-27,0.9755244445022806,0.9627064763289458,0.9755244445022806,0.9790048868645559,0.9790048868645559,0.9755244445022806,1.0045159814637314,0.9192941953863272,0.9755244445022806,1.0
2023-02-28,1.002731836425904,0.9895563749209343,1.002731836425904,1.0063093483797736,1.0063093483797736,1.002731836425904,1.0325319478039405,0.9449333247878964,1.002731836425904,1.0
2023-03-01,0.9981898731288799,0.9850740910520516,0.9981898731288799,1.0017511804232395,1.0017511804232395,0.9981898731288799,1.0278550022442523,0.9406531650049785,0.9981898731288799,1.0
2023-03-02,1.0030771948170711,0.9898971954526032,1.0030771948170711,1.0066559389286602,1.0066559389286602,1.0030771948170711,1.0328875698749356,0.9452587763602452,1.0030771948170711,1.0
2023-03-03,0.9905805954466409,0.9775647959788623,0.9905805954466409,0.9941147546233486,0.9941147546233486,0.9905805954466409,1.0200195850158258,0.9334824940455911,0.9905805954466409,1.0
2023-03-06,0.9768245474580696,0.9639894964956739,0.9768245474580696,0.9803096282826901,0.9803096282826901,0.9768245474580696,1.005854722080636,0.9205193590481884,0.9768245474580696,1.0
2023-03-07,0.9667256733564136,0.9540233172204274,0.9667256733564136,0.9701747237674111,0.9701747237674111,0.9667256733564136,0.9954557203056682,0.911002594610444,0.9667256733564136,0.9891615271105382
2023-03-08,0.9613550278576797,0.9487232396746147,0.9613550278576797,0.9647849170654784,0.9647849170654784,0.9613550278576797,0.9899254650007825,0.9059415187345004,0.9613550278576797,0.9836662392025917
2023-03-09,0.9510818651861912,0.9385850619057647,0.9510818651861912,0.9544751021596375,0.9544751021596375,0.9510818651861912,0.9793469949871972,0.8962605119023473,0.9510818651861912,0.9731546560757018
2023-03-10,0.9453679216418209,0.9329461971017672,0.9453679216418209,0.9487407726051784,0.9487407726051784,0.9453679216418209,0.9734632391881,0.8908759260391148,0.9453679216418209,0.9673081028311301
2023-03-13,0.9343763498675052,0.9220990498141695,0.9343763498675052,0.9377099854813685,0.9377099854813685,0.9343763498675052,0.9621450097260601,0.8805179199560832,0.9343763498675052,0.9560614377002882
2023-03-14,0.9347959365320444,0.9225131232918867,0.9347959365320444,0.9381310691326928,0.9381310691326928,0.9347959365320444,0.9625770660548524,0.8809133212065042,0.9347959365320444,0.9564907621687384
2023-03-15,0.9286326003957677,0.9164307707197653,0.9286326003957677,0.9319457436589859,0.9319457436589859,0.9286326003957677,0.9562305621995014,0.8751052462103059,0.9286326003957677,0.9501843867897871
2023-03-16,0.9224666825968407,0.9103458704069213,0.9224666825968407,0.925757827311862,0.925757827311862,0.9224666825968407,0.9498813999572637,0.8692947383611922,0.9224666825968407,0.9438753698327336
2023-03-17,0.9212184064261719,0.9091139960438313,0.9212184064261719,0.9245050975846588,0.9245050975846588,0.9212184064261719,0.9485960263617749,0.8681184141343601,0.9212184064261719,0.9425981235598095
2023-03-20,0.944605791829031,0.9321940813442267,0.944605791829031,0.9479759236920104,0.9479759236920104,0.944605791829031,0.9726784596972202,0.8901577261857159,0.944605791829031,0.966528285443165
2023-03-21,0.9486416913368811,0.9361769508826753,0.9486416913368811,0.9520262223424922,0.9520262223424922,0.9486416913368811,0.9768343017963749,0.8939609922254738,0.9486416913368811,0.9706578504588423
2023-03-22,0.9519459803394126,0.9394378229605888,0.9519459803394126,0.9553423002730064,0.9553423002730064,0.9519459803394126,0.9802367907131043,0.8970748185545063,0.9519459803394126,0.9740388256887755
2023-03-23,0.949765412400406,0.937285906738717,0.949765412400406,0.9531539525791495,0.9531539525791495,0.949765412400406,0.9779914186409395,0.8950199408317886,0.949765412400406,0.9718076509388309
2023-03-24,0.9429442318282594,0.9305543535213445,0.9429442318282594,0.946308435634954,0.946308435634954,0.9429442318282594,0.970967519920834,0.8885919402409312,0.9429442318282594,0.9648281638129586
2023-03-27,0.9405654828786663,0.928206860301426,0.9405654828786663,0.9439211998671576,0.9439211998671576,0.9405654828786663,0.9685180771116633,0.886350304868321,0.9405654828786663,0.9623942086502465
2023-03-28,0.9444511702909179,0.9320414914660741,0.9444511702909179,0.9478207505005231,0.9478207505005231,0.9444511702909179,0.9725192429733456,0.8900120171947518,0.9444511702909179,0.9663700754349076
2023-03-29,0.9644962485470165,0.951823186086256,0.9644962485470165,0.967937344893312,0.967937344893312,0.9644962485470165,0.9931600393894883,0.9089016761784361,0.9644962485470165,0.9868803616156934
2023-03-30,0.9642010020708583,0.9515318190207636,0.9642010020708583,0.9676410450469909,0.9676410450469909,0.9642010020708583,0.9928560185057029,0.9086234480179116,0.9642010020708583,0.9865782630335623
2023-03-31,0.9650393966811404,0.9523591974894288,0.9650393966811404,0.968482430852557,0.968482430852557,0.9650393966811404,0.9937193293018061,0.9094135166861228,0.9650393966811404,0.9874361151790924
2023-04-03,0.9608137490705604,0.9481890730560376,0.9608137490705604,0.9642417071226294,0.9642417071226294,0.9608137490705604,0.989368099990451,0.9054314398227017,0.9608137490705604,0.9831123983701654
2023-04-04,0.9536318074279764,0.9411014990122526,0.9536318074279764,0.957034141997131,0.957034141997131,0.9536318074279764,0.9819727187690237,0.8986634728067656,0.9536318074279764,0.9757637775994641
2023-04-06,0.9597714229449433,0.9471604426437158,0.9597714229449433,0.9631956622219233,0.9631956622219233,0.9597714229449433,0.9882947970537791,0.9044491944649565,0.9597714229449433,0.9820458818489035
2023-04-07,0.9645593862771733,0.9518854942140176,0.9645593862771733,0.9680007078840779,0.9680007078840779,0.9645593862771733,0.9932250535050577,0.9089611745838015,0.9645593862771733,0.9869449646517989
2023-04-10,0.9617078415142631,0.9490714175127453,0.9617078415142631,0.9651389894784193,0.9651389894784193,0.9617078415142631,0.990288763899661,0.9062739958429705,0.9617078415142631,0.9840272409892927
2023-04-11,0.9495294956634659,0.937053089845397,0.9495294956634659,0.9529171941466373,0.9529171941466373,0.9495294956634659,0.9777484907123911,0.8947976225822707,0.9495294956634659,0.9715662590256808
2023-04-12,0.9478415895215672,0.9353873620582575,0.9478415895215672,0.951223265951603,0.951223265951603,0.9478415895215672,0.9760104218159082,0.8932070091154845,0.9478415895215672,0.9698391798108059
2023-04-13,0.9536769767796169,0.9411460748581998,0.9536769767796169,0.9570794725024215,0.9570794725024215,0.9536769767796169,0.9820192305051989,0.8987060385497427,0.9536769767796169,0.9758099952453576
2023-04-14,0.979465841417095,0.9665960849974513,0.979465841417095,0.98296034575892,0.98296034575892,0.979465841417095,1.0085745124544572,0.923008406061336,0.979465841417095,1.0021973701028888
2023-04-17,0.9932287665357304,0.980178171248197,0.9932287665357304,0.9967723737656293,0.9967723737656293,0.9932287665357304,1.0227464569006177,0.9359780217838344,0.9932287665357304,1.0162797063882087
2023-04-18,0.9878111459499789,0.9748317358476396,0.9878111459499789,0.9913354243805886,0.9913354243805886,0.9878111459499789,1.0171678304596667,0.930872678514012,0.9878111459499789,1.0107363531913274
2023-04-19,0.9854879451203257,0.9725390608694529,0.9854879451203257,0.9890039349153926,0.9890039349153926,0.9854879451203257,1.0147755866007986,0.92868338940962,0.9854879451203257,1.0083592353141684
2023-04-20,0.9799876169843927,0.9671110046600582,0.9799876169843927,0.9834839828990346,0.9834839828990346,0.9799876169843927,1.0091117946302568,0.9235001059392985,0.9799876169843927,1.0027312550830667
2023-04-21,0.9630445189885064,0.9503905316246154,0.9630445189885064,0.9664804359043094,0.9664804359043094,0.9630445189885064,0.9916651659903589,0.9075336258297951,0.9630445189885064,0.9853949401909562
2023-04-24,0.9688121600186088,0.956082388352668,0.9688121600186088,0.9722686545245324,0.9722686545245324,0.9688121600186088,0.9976042151066933,0.9129688139995291,0.9688121600186088,0.991296437137193
2023-04-25,0.9716658066137679,0.9588985392690249,0.9716658066137679,0.9751324822612842,0.9751324822612842,0.9716658066137679,1.000542669008532,0.9156579734208004,0.9716658066137679,0.9942163114114542
2023-04-26,0.9854801302601816,0.9725313486931823,0.9854801302601816,0.9889960921736609,0.9889960921736609,0.9854801302601816,1.0147675394914186,0.9286760250061868,0.9854801302601816,1.0083512390860685
2023-04-27,0.9931415394313073,0.9800920902701008,0.9931415394313073,0.9966848354553609,0.9966848354553609,0.9931415394313073,1.0226566375004953,0.9358958225409262,0.9931415394313073,1.0161904549095377
2023-04-28,0.9919230290733312,0.9788895906098324,0.9919230290733312,0.995461977738287,0.995461977738287,0.9919230290733312,1.0214019143256283,0.9347475483942161,0.9919230290733312,1.0149436652568837
2023-05-04,0.9936025390521754,0.9805470325558591,0.9936025390521754,0.9971474798147267,0.9971474798147267,0.9936025390521754,1.0231313375341238,0.9363302496615664,0.9936025390521754,1.0166621534498197
2023-05-05,1.0094321133585815,0.996168613120232,1.0094321133585815,1.0130335303286777,1.0130335303286777,1.0094321133585815,1.0394313497584873,0.951247390751496,1.0094321133585815,1.0328591018975326
2023-05-08,0.9975690065941542,0.9844613824343594,0.9975690065941542,1.0011280987823714,1.0011280987823714,0.9975690065941542,1.0272156842240805,0.9400680858665729,0.9975690065941542,1.0207206751165052
2023-05-09,0.9934970043329227,0.9804428845170533,0.9934970043329227,0.9970415685723538,0.9970415685723538,0.9934970043329227,1.0230226664365556,0.9362307980738923,0.9934970043329227,1.016554169471597
2023-05-10,0.9993139441352974,0.9861833922528886,0.9993139441352974,1.0028792618513032,1.0028792618513032,0.9993139441352974,1.0290124794316355,0.9417124433831118,0.9993139441352974,1.0225061093203132
2023-05-11,0.991548518315814,0.978520000761266,0.991548518315814,0.9950861308142462,0.9950861308142462,0.991548518315814,1.0210162735113195,0.9343946248283995,0.991548518315814,1.014560462821038
2023-05-12,1.0029542779387461,0.9897758936487583,1.0029542779387461,1.0065325835117491,1.0065325835117491,1.0029542779387461,1.032761000039228,0.9451429445393248,1.0029542779387461,1.0262309283082165
2023-05-15,0.991569033721804,0.9785402466037177,0.991569033721804,0.9951067194143921,0.9951067194143921,0.991569033721804,1.0210373986131038,0.9344139577049347,0.991569033721804,1.01458145435036
2023-05-16,0.986229747330237,0.9732711161200023,0.986229747330237,0.9897483837015638,0.9897483837015638,0.986229747330237,1.015539434374312,0.9293824333644278,0.986229747330237,1.009118253334475
2023-05-17,0.9802708946046335,0.9673905601352101,0.9802708946046335,0.983768271187368,0.983768271187368,0.9802708946046335,1.0094034909566036,0.9237670551412771,0.9802708946046335,1.0030211070350286
2023-05-18,0.9756258969098266,0.9628065956958514,0.9756258969098266,0.9791067012304914,0.9791067012304914,0.9756258969098266,1.004620448927681,0.9193897999710107,0.9756258969098266,0.9982683078285404
2023-05-19,0.9868092383765906,0.9738429929052977,0.9868092383765906,0.9903299422360236,0.9903299422360236,0.9868092383765906,1.0161361472711112,0.9299285219408786,0.9868092383765906,1.0097111932595808
2023-05-22,0.9698547169263605,0.9571112465147474,0.9698547169263605,0.9733149310307493,0.9733149310307493,0.9698547169263605,0.9986777556840966,0.9139512768368856,0.9698547169263605,0.9923631897966015
2023-05-23,0.9482560707901696,0.9357963972227269,0.9482560707901696,0.9516392259921354,0.9516392259921354,0.9482560707901696,0.9764372210218891,0.8935975992503296,0.9482560707901696,0.9702632803968457
2023-05-24,0.9469845853473048,0.9345416185472131,0.9469845853473048,0.9503632041874979,0.9503632041874979,0.9469845853473048,0.9751279483996046,0.8923994035580215,0.9469845853473048,0.9689622862089121
2023-05-25,0.9466839119524499,0.9342448958703823,0.9466839119524499,0.9500614580605075,0.9500614580605075,0.9466839119524499,0.9748183393149376,0.8921160612920692,0.9466839119524499,0.9686546347596819
2023-05-26,0.9405870168463428,0.9282281113221055,0.9405870168463428,0.9439428106629788,0.9439428106629788,0.9405870168463428,0.9685402510456914,0.8863705975955821,0.9405870168463428,0.9624162423801239
2023-05-29,0.9369648453122646,0.9246535335512629,0.9369648453122646,0.9403077160706199,0.9403077160706199,0.9369648453122646,0.9648104324705753,0.8829572118165404,0.9369648453122646,0.9587100071731232
2023-05-30,0.9178552987368422,0.9057950781311581,0.9178552987368422,0.9211299911160705,0.9211299911160705,0.9178552987368422,0.9451329707301561,0.864949159489145,0.9178552987368422,0.9391569645738647
2023-05-31,0.918231525212341,0.906166361153916,0.918231525212341,0.921507559879372,0.921507559879372,0.918231525212341,0.9455203782517392,0.8653036998771648,0.918231525212341,0.9395419225462248
2023-06-01,0.950472608837481,0.9379838109212785,0.950472608837481,0.9538636721272052,0.9538636721272052,0.950472608837481,0.978719632195279,0.8956863737266945,0.950472608837481,0.9725312600525065
2023-06-02,0.9533146511565883,0.9407885100367389,0.9533146511565883,0.9567158541865708,0.9567158541865708,0.9533146511565883,0.9816461369544665,0.8983645977545205,0.9533146511565883,0.9754392607376652
2023-06-05,0.9519244273225778,0.9394165531410491,0.9519244273225778,0.9553206703600636,0.9553206703600636,0.9519244273225778,0.9802145971637973,0.8970545078761006,0.9519244273225778,0.9740167724676465
2023-06-06,0.947515915702611,0.9350659674520572,0.947515915702611,0.9508964302048631,0.9508964302048631,0.947515915702611,0.9756750693214329,0.8929001074760201,0.947515915702611,0.9695059477254518
2023-06-07,0.9643939101158084,0.9517221923376562,0.9643939101158084,0.9678346413425897,0.9678346413425897,0.9643939101158084,0.9930546595702069,0.9088052366414217,0.9643939101158084,0.9867756481052476
2023-06-08,0.9600290269598105,0.9474146618535356,0.9600290269598105,0.9634541853074824,0.9634541853074824,0.9600290269598105,0.9885600567828223,0.9046919499150232,0.9600290269598105,0.9823094643602194
2023-06-09,0.9631675471224436,0.9505119432222228,0.9631675471224436,0.9666039029737663,0.9666039029737663,0.9631675471224436,0.9917918503880759,0.9076495624934384,0.9631675471224436,0.9855208235725579
2023-06-12,0.9622170132411401,0.9495738989439291,0.9622170132411401,0.9656499778105673,0.9656499778105673,0.9622170132411401,0.9908130676624628,0.9067538183790547,0.9622170132411401,0.9845482296180226
2023-06-13,0.9658866916162089,0.9531953593364726,0.9658866916162089,0.9693327487371806,0.9693327487371806,0.9658866916162089,0.9945918049307731,0.910211972655093,0.9658866916162089,0.9883030742089237
2023-06-14,0.9951559746707631,0.9820800567040521,0.9951559746707631,0.9987064577271695,0.9987064577271695,0.9951559746707631,1.024730939588015,0.9377941436266255,0.9951559746707631,1.0182516413377491
2023-06-15,1.0019731679759323,0.988807675045406,1.0019731679759323,1.0055479731787542,1.0055479731787542,1.0019731679759323,1.0317507325438582,0.9442183867807434,1.0019731679759323,1.025227048659804
2023-06-16,0.9790532806647357,0.9661889451144751,0.9790532806647357,0.9825463130865822,0.9825463130865822,0.9790532806647357,1.0081496908403964,0.9226196257421702,0.9790532806647357,1.001775234604602
2023-06-19,0.9788494412621735,0.9659877840732695,0.9788494412621735,0.982341746432852,0.982341746432852,0.9788494412621735,1.007939793550093,0.9224275358559326,0.9788494412621735,1.0015666644794046
2023-06-20,0.9770259081234975,0.9641882113692769,0.9770259081234975,0.9805117073557338,0.9805117073557338,0.9770259081234975,1.0060620669684048,0.9207091130742926,0.9770259081234975,0.9997008106245806
2023-06-21,0.9661023867929857,0.9534082203721609,0.9661023867929857,0.9695492134637467,0.9695492134637467,0.9661023867929857,0.9948139103361457,0.9104152349363216,0.9661023867929857,0.9885237752581784
2023-06-26,0.9741739940013795,0.9613737701620165,0.9741739940013795,0.9776496182730803,0.9776496182730803,0.9741739940013795,1.003125397026842,0.9180215862645046,0.9741739940013795,0.9967827090307458
2023-06-27,0.9785024856569572,0.9656453873142515,0.9785024856569572,0.9819935529714313,0.9819935529714313,0.9785024856569572,1.007582526797566,0.9221005791346227,0.9785024856569572,1.0012116566982379
2023-06-28,0.9689725610604732,0.9562406817943991,0.9689725610604732,0.9724296278396848,0.9724296278396848,0.9689725610604732,0.9977693830949532,0.9131199693576049,0.9689725610604732,0.9914605607804294
2023-06-29,0.9776024647358178,0.96475719227773,0.9776024647358178,0.9810903209867882,0.9810903209867882,0.9776024647358178,1.0066557582229483,0.9212524363605564,0.9776024647358178,1.0002907480130525
2023-06-30,0.9915712593810297,0.9785424430187464,0.9915712593810297,0.9951089530142483,0.9951089530142483,0.9915712593810297,1.021039690416528,0.9344160550748355,0.9915712593810297,1.0145837316628796
2023-07-03,0.987919660201235,0.9749388242686909,0.987919660201235,0.9914443257852366,0.9914443257852366,0.987919660201235,1.0172795696377246,0.9309749378903497,0.987919660201235,1.0108473858507936
2023-07-04,0.9829996512675316,0.9700834621188587,0.9829996512675316,0.9865067634138801,0.9865067634138801,0.9829996512675316,1.0122133433317595,0.9263385234165842,0.9829996512675316,1.0058131929205876
2023-07-05,0.9724265584416943,0.9596492951478259,0.9724265584416943,0.9758959482732625,0.9758959482732625,0.9724265584416943,1.0013260295623214,0.9163748747178249,0.9724265584416943,0.994994718834164
2023-07-06,0.9653077397708377,0.9526240146672925,0.9653077397708377,0.9687517313274462,0.9687517313274462,0.9653077397708377,0.9939956472594296,0.9096663921995162,0.9653077397708377,0.9877106859986241
2023-07-07,0.9683362072315911,0.9556126893788793,0.9683362072315911,0.9717910036496283,0.9717910036496283,0.9683362072315911,0.9971141175149051,0.9125202956288735,0.9683362072315911,0.9908094383963779
2023-07-10,0.9721001895368196,0.9593272145888343,0.9721001895368196,0.9755684149607007,0.9755684149607007,0.9721001895368196,1.0009899613247215,0.9160673180579207,0.9721001895368196,0.994660775531276
2023-07-11,0.9720629765806333,0.9592904905947552,0.9720629765806333,0.9755310692374167,0.9755310692374167,0.9720629765806333,1.0009516424395133,0.9160322500954436,0.9720629765806333,0.9946226989335564
2023-07-12,0.9899387174584627,0.9769313519891046,0.9899387174584627,0.993470586565092,0.993470586565092,0.9899387174584627,1.019358631104411,0.9328776145758826,0.9899387174584627,1.012913301564968
2023-07-13,0.9906718891945354,0.9776548901664988,0.9906718891945354,0.9942063740859187,0.9942063740859187,0.9906718891945354,1.0201135919156885,0.9335685255263887,0.9906718891945354,1.0136634888146456
2023-07-14,0.9801396123732156,0.9672610028953836,0.9801396123732156,0.9836365205717474,0.9836365205717474,0.9801396123732156,1.0092683071585098,0.923643340154964,0.9801396123732156,1.0028867779941326
2023-07-17,0.9752185564020512,0.9624046074657087,0.9752185564020512,0.978697907427346,0.978697907427346,0.9752185564020512,1.0042010026982569,0.9190059389960717,0.9752185564020512,0.9978515137267289
2023-07-18,0.9773439225621084,0.9645020472360687,0.9773439225621084,0.9808308563952565,0.9808308563952565,0.9773439225621084,1.0063895324539915,0.9210087968281049,0.9773439225621084,1.000026205570023
2023-07-19,0.9770539807094453,0.9642159150936188,0.9770539807094453,0.9805398800980827,0.9805398800980827,0.9770539807094453,1.0060909738414046,0.92073556752703,0.9770539807094453,0.9997295347215519
2023-07-20,0.982868822294812,0.9699543521821077,0.982868822294812,0.986375467674078,0.986375467674078,0.982868822294812,1.0120786262627244,0.9262152355626638,0.982868822294812,1.0056793276576568
2023-07-21,0.9774409606429203,0.9645978102785784,0.9774409606429203,0.9809282406851758,0.9809282406851758,0.9774409606429203,1.0064894544021656,0.9211002415324631,0.9774409606429203,1.000125495719079
2023-07-24,1.0151977780656083,1.0018585194932375,1.0151977780656083,1.0188197655747686,1.0188197655747686,1.0151977780656083,1.045368363817551,0.9566807165154837,1.0151977780656083,1.0387585766540162
2023-07-25,1.013449425588747,1.0001331396097648,1.013449425588747,1.0170651753864293,1.0170651753864293,1.013449425588747,1.0435680521860624,0.9550331409036927,1.013449425588747,1.036969648260364
2023-07-26,1.018791469030188,1.0054049909169147,1.018791469030188,1.0224262779856388,1.0224262779856388,1.018791469030188,1.0490688554112846,0.9600672633748359,1.018791469030188,1.0424356703119773
2023-07-27,1.0491477694771827,1.0353624227397733,1.0491477694771827,1.0528908825911127,1.0528908825911127,1.0491477694771827,1.08032731244839,0.9886737949195822,1.0491477694771827,1.0734964824277067
2023-07-28,1.0575932767414369,1.0436969597008936,1.0575932767414369,1.06136652144399,1.06136652144399,1.0575932767414369,1.089023811102342,0.9966324943134074,1.0575932767414369,1.082137993761246
2023-07-31,1.0485316044738744,1.034754353877414,1.0485316044738744,1.0522725192556237,1.0522725192556237,1.0485316044738744,1.0796928356840916,0.9880931463114067,1.0485316044738744,1.072866017413254
2023-08-01,1.0420742745041314,1.02838187042331,1.0420742745041314,1.0457921510474228,1.0457921510474228,1.0420742745041314,1.0730436008148403,0.9820080235937411,1.0420742745041314,1.0662588251663043
2023-08-02,1.0518503560165466,1.0380294984639624,1.0518503560165466,1.055603111325229,1.055603111325229,1.0518503560165466,1.0831102169520952,0.9912206015446424,1.0518503560165466,1.0762617908312213
2023-08-03,1.0595808349680225,1.0456584022742688,1.0595808349680225,1.0633611708120518,1.0633611708120518,1.0595808349680225,1.0910704374210844,0.9985054876053641,1.0595808349680225,1.0841716794125278
2023-08-04,1.0548123959765936,1.0409526185033964,1.0548123959765936,1.0585757191489658,1.0585757191489658,1.0548123959765936,1.08616028555301,0.9940119064238991,1.0548123959765936,1.079292574073038
2023-08-07,1.050501398640793,1.0366982658031627,1.050501398640793,1.0542493411860205,1.0542493411860205,1.050501398640793,1.0817211700144251,0.9899493994826717,1.050501398640793,1.0748815267350225
2023-08-08,1.0553794254926996,1.0415121974975479,1.0553794254926996,1.0591447716933613,1.0591447716933613,1.0553794254926996,1.0867441665762894,0.9945462517657371,1.0553794254926996,1.0798727632596155
2023-08-09,1.0431170908962355,1.02941098466023,1.0431170908962355,1.0468386879637714,1.0468386879637714,1.0431170908962355,1.0741174085881917,0.9829907309585001,1.0431170908962355,1.067325843332201
2023-08-10,1.0163749628606933,1.0030202365905907,1.0163749628606933,1.0200011502890378,1.0200011502890378,1.0163749628606933,1.0465805332782583,0.9577900471479629,1.0163749628606933,1.039963081656511
2023-08-11,0.9970848862025421,0.9839836231747588,0.9970848862025421,1.0006422511627764,1.0006422511627764,0.9970848862025421,1.026717176295277,0.9396118706805928,0.9970848862025421,1.0202253192166164
2023-08-14,0.9991180822476348,0.9859901039054961,0.9991180822476348,1.0026827011743749,1.0026827011743749,0.9991180822476348,1.0288107967393925,0.9415278711794729,0.9991180822476348,1.022305701852878
2023-08-15,1.0005119348890537,0.9873656419276384,1.0005119348890537,1.0040815267550238,1.0040815267550238,1.0005119348890537,1.030246073181722,0.9428413806970474,1.0005119348890537,1.023731903147984
2023-08-16,1.0021132841966962,0.9889459501997894,1.0021132841966962,1.0056885893013234,1.0056885893013234,1.0021132841966962,1.0318950128679578,0.944350426556019,1.0021132841966962,1.025370416710043
2023-08-17,0.9937665376556489,0.9807088762887997,0.9937665376556489,0.9973120635267445,0.9973120635267445,0.9937665376556489,1.0233002099996535,0.936484795214038,0.9937665376556489,1.0168299581471896
2023-08-18,0.9792009665560741,0.966334690477244,0.9792009665560741,0.9826945258865346,0.9826945258865346,0.9792009665560741,1.008301765797536,0.9227587988642924,0.9792009665560741,1.0019263480029903
2023-08-21,0.9794911633794305,0.9666210742401827,0.9794911633794305,0.9829857580640773,0.9829857580640773,0.9794911633794305,1.0086005869582708,0.9230322684392831,0.9794911633794305,1.0022232797395367
2023-08-22,0.9697237648273964,0.9569820150695775,0.9697237648273964,0.9731835117254178,0.9731835117254178,0.9697237648273964,0.998542911829638,0.9138278729538465,0.9697237648273964,0.992229198549903
2023-08-23,0.9786482122349431,0.9657891991081956,0.9786482122349431,0.9821397994676606,0.9821397994676606,0.9786482122349431,1.0077325842126679,0.922237905880263,0.9786482122349431,1.001360765311358
2023-08-24,0.9841605058881834,0.9712290636131891,0.9841605058881834,0.9876717596914847,0.9876717596914847,0.9841605058881834,1.0134086973028182,0.9274324651629615,0.9841605058881834,1.0070009887565368
2023-08-25,1.0008187135598556,0.9876683896597379,1.0008187135598556,1.0043893999401536,1.0043893999401536,1.0008187135598556,1.0305619689845689,0.9431304763244568,1.0008187135598556,1.024045801564938
2023-08-28,1.0028455033684334,0.9896685483291301,1.0028455033684334,1.0064234208592882,1.0064234208592882,1.0028455033684334,1.0326489928057123,0.9450404398489939,1.0028455033684334,1.026119629288189
2023-08-29,1.0006820598846893,0.9875335315546044,1.0006820598846893,1.0042522587167326,1.0042522587167326,1.0006820598846893,1.0304212541091968,0.9430016995100298,1.0006820598846893,1.023905976419358
2023-08-30,0.9957033381393439,0.9826202280540148,0.9957033381393439,0.9992557740601961,0.9992557740601961,0.9957033381393439,1.0252945701099947,0.938309956492483,0.9957033381393439,1.018811708065456
2023-08-31,1.0073433662295852,0.9941073112227442,1.0073433662295852,1.0109373310399405,1.0109373310399405,1.0073433662295852,1.0372805273120203,0.9492790411912804,1.0073433662295852,1.030721878942968
2023-09-01,1.020100078513255,1.0066964058388403,1.020100078513255,1.0237395562803442,1.0237395562803442,1.020100078513255,1.0504163553603056,0.9613004432388471,1.020100078513255,1.0437746501180771
2023-09-04,1.0105700785806166,0.9972916259727179,1.0105700785806166,1.0141755555436616,1.0141755555436616,1.0105700785806166,1.040603134082629,0.9523197624681295,1.0105700785806166,1.0340234771157062
2023-09-05,1.0085997212805566,0.9953471583131528,1.0085997212805566,1.012198168470996,1.012198168470996,1.0085997212805566,1.0385742198834425,0.950462978623306,1.0085997212805566,1.0320073915915533
2023-09-06,0.99197290774417,0.9789388138965658,0.99197290774417,0.9955120343645224,0.9955120343645224,0.99197290774417,1.0214532753369023,0.9347945520063087,0.99197290774417,1.0149947015162677
2023-09-07,0.9815146933772572,0.9686180159313234,0.9815146933772572,0.9850165075422206,0.9850165075422206,0.9815146933772572,1.0106842540905947,0.9249391600519696,0.9815146933772572,1.004293771998064
2023-09-08,0.9849077185343167,0.971966458209174,0.9849077185343167,0.988421638217045,0.988421638217045,0.9849077185343167,1.014178116304897,0.9281366076907893,0.9849077185343167,1.00776554277894
2023-09-11,0.9838981943241921,0.9709701987093994,0.9838981943241921,0.9874085122613706,0.9874085122613706,0.9838981943241921,1.0131385901213559,0.9271852735118257,0.9838981943241921,1.0067325894428867
2023-09-12,0.9807177690172858,0.9678315628118629,0.9807177690172858,0.9842167399430894,0.9842167399430894,0.9807177690172858,1.0098636459960253,0.9241881712454745,0.9807177690172858,1.003478352548031
2023-09-13,0.9798376708255667,0.9669630287287363,0.9798376708255667,0.9833335017674912,0.9833335017674912,0.9798376708255667,1.008957392232912,0.9233588028338708,0.9798376708255667,1.0025778289607081
2023-09-14,0.9639255127142681,0.9512599494748554,0.9639255127142681,0.9673645728090058,0.9673645728090058,0.9639255127142681,0.9925723419018233,0.908363838155923,0.9639255127142681,0.9862963800959549
2023-09-15,0.9748761594077425,0.9620667094194273,0.9748761594077425,0.9783542888408869,0.9783542888408869,0.9748761594077425,1.003848430033649,0.9186832781225697,0.9748761594077425,0.9975011703531095
2023-09-18,0.9752081381852271,0.9623943261397354,0.9752081381852271,0.9786874520407681,0.9786874520407681,0.9752081381852271,1.0041902748632372,0.91899612129616,0.9752081381852271,0.9978408537230202
2023-09-19,0.9747605665750613,0.9619526354264418,0.9747605665750613,0.9782382836000965,0.9782382836000965,0.9747605665750613,1.0037294019063423,0.9185743481816431,0.9747605665750613,0.9973828948318844
2023-09-20,0.9630214560451678,0.9503677717183511,0.9630214560451678,0.9664572906777996,0.9664572906777996,0.9630214560451678,0.991641417641157,0.9075118922586286,0.9630214560451678,0.9853713420008179
2023-09-21,0.9829595885529318,0.9700439258109554,0.9829595885529318,0.986466557764913,0.986466557764913,0.9829595885529318,1.0121720899963833,0.9263007699587487,0.9829595885529318,1.0057722004270129
2023-09-22,0.976478568732326,0.9636480637803564,0.976478568732326,0.9799624151860191,0.9799624151860191,0.976478568732326,1.0054984612393887,0.9201933228979973,0.976478568732326,0.9991407685330752
2023-09-25,0.9653767429809383,0.9526921112051349,0.9653767429809383,0.9688209807248124,0.9688209807248124,0.9653767429809383,0.9940667011706963,0.9097314179924281,0.9653767429809383,0.9877812906412441
2023-09-26,0.9646396038017866,0.9519646577151434,0.9646396038017866,0.9680812116060005,0.9680812116060005,0.9646396038017866,0.9933076550081997,0.9090367682864109,0.9646396038017866,0.9870270438717224
2023-09-27,0.9588310678660769,0.9462324434228094,0.9588310678660769,0.9622519521767409,0.9622519521767409,0.9588310678660769,0.9873264956336607,0.9035630424361938,0.9588310678660769,0.9810837029273418
2023-09-28,0.9455076939199557,0.9330841328327787,0.9455076939199557,0.9488810435580117,0.9488810435580117,0.9455076939199557,0.9736071653479654,0.8910076416969742,0.9455076939199557,0.9674511189564895
2023-10-09,0.9372043928950539,0.9248899335826921,0.9372043928950539,0.9405481183029877,0.9405481183029877,0.9372043928950539,0.9650570991498052,0.8831829516261559,0.9372043928950539,0.9589551141971101
2023-10-10,0.9377395980277947,0.9254181063520757,0.9377395980277947,0.9410852329220842,0.9410852329220842,0.9377395980277947,0.9656082100032845,0.8836873069753657,0.9377395980277947,0.9595027404172571
2023-10-11,0.9485554734108965,0.9360918658228509,0.9485554734108965,0.9519396968111744,0.9519396968111744,0.9485554734108965,0.9767455215663885,0.8938797439909039,0.9485554734108965,0.970569631579712
2023-10-12,0.9339561644577031,0.9216843854584431,0.9339561644577031,0.937288300948599,0.937288300948599,0.9339561644577031,0.9617123368579401,0.8801219544727029,0.9339561644577031,0.9556315005908443
2023-10-13,0.9247342937970882,0.9125836861793271,0.9247342937970882,0.9280335288168958,0.9280335288168958,0.9247342937970882,0.9522164021227469,0.8714316420805494,0.9247342937970882,0.9461956079515198
2023-10-16,0.9292004382872786,0.9169911474676199,0.9292004382872786,0.9325156074628804,0.9325156074628804,0.9292004382872786,0.9568152756222331,0.8756403533319455,0.9292004382872786,0.9507654031126176
2023-10-17,0.9260370903015791,0.9138693645026951,0.9260370903015791,0.9293409733936819,0.9293409733936819,0.9260370903015791,0.9535579163377229,0.8726593440321485,0.9260370903015791,0.9475286398709292
2023-10-18,0.8916010793492432,0.8798858278014056,0.8916010793492432,0.8947821028328741,0.8947821028328741,0.8916010793492432,0.9180985041882607,0.8402082607618631,0.8916010793492432,0.9122934349725799
2023-10-19,0.8881900697134315,0.8765196373530548,0.8881900697134315,0.8913589235148967,0.8913589235148967,0.8881900697134315,0.9145861230158465,0.8369938652884535,0.8881900697134315,0.9088032623276001
2023-10-20,0.8809432955984542,0.8693680827074497,0.8809432955984542,0.884086294609953,0.884086294609953,0.8809432955984542,0.907123982570697,0.8301648028116301,0.8809432955984542,0.9013883044468308
2023-10-23,0.8803067395943364,0.8687398907731892,0.8803067395943364,0.8834474675233471,0.8834474675233471,0.8803067395943364,0.9064685088069829,0.8295649385612551,0.8803067395943364,0.9007369751954432
2023-10-24,0.8806948572048763,0.8691229086866304,0.8806948572048763,0.88383696984647,0.88383696984647,0.8806948572048763,0.9068681608553474,0.8299306846668575,0.8806948572048763,0.9011341002733437
2023-10-25,0.884365938088065,0.8727457531589454,0.884365938088065,0.887521148285023,0.887521148285023,0.884365938088065,0.91064834231281,0.8333901606089811,0.884365938088065,0.9048903799218956
2023-10-26,0.8992797045975625,0.8874635592437292,0.8992797045975625,0.9024881236146923,0.9024881236146923,0.8992797045975625,0.926005329917823,0.8474442820211032,0.8992797045975625,0.9201502664254639
2023-10-27,0.9007138653580016,0.8888788757536871,0.9007138653580016,0.9039274011242739,0.9039274011242739,0.9007138653580016,0.9274821123931041,0.8487957762555661,0.9007138653580016,0.9216177113139322
2023-10-30,0.8928949096708693,0.8811626577536638,0.8928949096708693,0.8960805492375583,0.8960805492375583,0.8928949096708693,0.9194307857550633,0.841427513350754,0.8928949096708693,0.9136172926211704
2023-10-31,0.908291166809755,0.8963566147501933,0.908291166809755,0.9115317366099903,0.9115317366099903,0.908291166809755,0.935284603091877,0.8559363141278317,0.908291166809755,0.9293708674387412
2023-11-01,0.9092620797502542,0.8973147703156821,0.9092620797502542,0.9125061135400874,0.9125061135400874,0.9092620797502542,0.9362843705204,0.856851262631128,0.9092620797502542,0.9303643134114556
2023-11-02,0.9116709305717876,0.8996919698819971,0.9116709305717876,0.9149235585762413,0.9149235585762413,0.9116709305717876,0.9387648097967597,0.8591212647723014,0.9116709305717876,0.9328290690529777
2023-11-03,0.9297912069370482,0.9175741536735135,0.9297912069370482,0.9331084838365995,0.9331084838365995,0.9297912069370482,0.9574236012806888,0.876197069458958,0.9297912069370482,0.9513698823727436
2023-11-06,0.9182724535818508,0.9062067517423994,0.9182724535818508,0.9215486342717029,0.9215486342717029,0.9182724535818508,0.9455625229683579,0.8653422690926562,0.9182724535818508,0.9395838007849052
2023-11-07,0.9162035918809404,0.9041650739870956,0.9162035918809404,0.9194723913575935,0.9194723913575935,0.9162035918809404,0.9434321769235049,0.8633926587436562,0.9162035918809404,0.9374669247611744
2023-11-08,0.9143210221200051,0.9023072403764595,0.9143210221200051,0.9175831050293977,0.9175831050293977,0.9143210221200051,0.9414936592146589,0.8616186022724003,0.9143210221200051,0.9355406641570121
2023-11-09,0.905160246201495,0.8932668330810304,0.905160246201495,0.9083896456115066,0.9083896456115066,0.905160246201495,0.9320606348915765,0.8529858630575282,0.905160246201495,0.9261672841518965
2023-11-10,0.8944305939440441,0.8826781638014249,0.8944305939440441,0.897621712471952,0.897621712471952,0.8944305939440441,0.9210121089126536,0.8428746791765124,0.8944305939440441,0.915188617188914
2023-11-13,0.8906871959602902,0.8789839524438866,0.8906871959602902,0.8938649589223843,0.8938649589223843,0.8906871959602902,0.9171574611682002,0.8393470545671243,0.8906871959602902,0.9113583420982189
2023-11-14,0.8990086586013774,0.8871960746743974,0.8990086586013774,0.9022161105899794,0.9022161105899794,0.8990086586013774,0.9257262287262394,0.8471888593995789,0.8990086586013774,0.9198729299701562
2023-11-15,0.8911655286217692,0.8794560000216184,0.8911655286217692,0.8943449981625836,0.8943449981625836,0.8911655286217692,0.9176500093617587,0.839797815633789,0.8911655286217692,0.9118477759458301
2023-11-16,0.8863559180147567,0.8747095856123375,0.8863559180147567,0.8895182279932484,0.8895182279932484,0.8863559180147567,0.9126974623019805,0.8352654360117171,0.8863559180147567,0.9069265434763107
2023-11-17,0.8917544091226163,0.8800371428880471,0.8917544091226163,0.8949359796509078,0.8949359796509078,0.8917544091226163,0.9182563907575372,0.8403527524467574,0.8917544091226163,0.9124503232367086
2023-11-20,0.8987222396520779,0.8869134191458887,0.8987222396520779,0.901928669765062,0.901928669765062,0.8987222396520779,0.925431297713914,0.8469189499380338,0.8987222396520779,0.9195798637848973
2023-11-21,0.8892577184652,0.8775732576632016,0.8892577184652,0.8924303813869434,0.8924303813869434,0.8892577184652,0.9156855011398757,0.837999973649698,0.8892577184652,0.9098956891647301
2023-11-22,0.8926341408167093,0.8809053152891674,0.8926341408167093,0.8958188500213023,0.8958188500213023,0.8926341408167093,0.9191622671311092,0.8411817754860413,0.8926341408167093,0.9133504718206964
2023-11-23,0.8869369273848059,0.8752829607712137,0.8869369273848059,0.8901013102684266,0.8901013102684266,0.8869369273848059,0.913295738645422,0.835812955394098,0.8869369273848059,0.9075210369625011
2023-11-24,0.8748383808493749,0.8633433838908321,0.8748383808493749,0.8779595989572474,0.8779595989572474,0.8748383808493749,0.900837636323318,0.8244117817327781,0.8748383808493749,0.8951417063037272
2023-11-27,0.8770742749967116,0.8655498993586482,0.8770742749967116,0.8802034702503664,0.8802034702503664,0.8770742749967116,0.9031399788392013,0.8265187966033215,0.8770742749967116,0.8974294912774711
2023-11-28,0.8630952081955765,0.8517545114333831,0.8630952081955765,0.8661745294183405,0.8661745294183405,0.8630952081955765,0.8887454692122757,0.8133454978309285,0.8630952081955765,0.88312599707463
2023-11-29,0.8636677181491373,0.8523194988544179,0.8636677181491373,0.8667490819531062,0.8667490819531062,0.8636677181491373,0.889334993545715,0.8138850077120754,0.8636677181491373,0.8837117938891328
2023-11-30,0.8534479953974489,0.8422340588279955,0.8534479953974489,0.8564928976281623,0.8564928976281623,0.8534479953974489,0.8788115516288522,0.8042543604668614,0.8534479953974489,0.8732548909203631
2023-12-01,0.8440835164036014,0.8329926250273049,0.8440835164036014,0.8470950083701492,0.8470950083701492,0.8440835164036014,0.8691687703941896,0.7954296598349326,0.8440835164036014,0.8636730802811688
2023-12-04,0.8262952727349429,0.8154381111667401,0.8262952727349429,0.8292433004211605,0.8292433004211605,0.8262952727349429,0.8508518792613844,0.7786667491330295,0.8262952727349429,0.8454720055017908
2023-12-05,0.8278002726070619,0.8169233359931692,0.8278002726070619,0.8307536697797538,0.8307536697797538,0.8278002726070619,0.8524016061105315,0.7800849992386966,0.8278002726070619,0.8470119335422223
2023-12-06,0.8325072191829169,0.8215684353321427,0.8325072191829169,0.8354774096367531,0.8354774096367531,0.8325072191829169,0.8572484380745986,0.7845206324917258,0.8325072191829169,0.8518281193447937
2023-12-07,0.8312341956859168,0.820312138811858,0.8312341956859168,0.834199844290564,0.834199844290564,0.8312341956859168,0.8559375816888646,0.7833209874003312,0.8312341956859168,0.8505255514074302
2023-12-08,0.8380137139419067,0.8270025771378415,0.8380137139419067,0.8410035502772325,0.8410035502772325,0.8380137139419067,0.8629185799336001,0.7897097271345025,0.8380137139419067,0.8574624093144783
2023-12-11,0.8385251363705054,0.8275072796975022,0.8385251363705054,0.841516797341078,0.841516797341078,0.8385251363705054,0.8634452012865571,0.7901916706395071,0.8385251363705054,0.857985700879411
2023-12-12,0.8210353625587044,0.8102473139293046,0.8210353625587044,0.8239646241193757,0.8239646241193757,0.8210353625587044,0.845435650213643,0.7737100256797935,0.8210353625587044,0.8400900228713637
2023-12-13,0.8137275452190867,0.8030355181405601,0.8137275452190867,0.8166307342018868,0.8166307342018868,0.8137275452190867,0.8379106524048909,0.7668234385736328,0.8137275452190867,0.8326126050694719
2023-12-14,0.8097931070422663,0.7991527767752491,0.8097931070422663,0.8126822588726612,0.8126822588726612,0.8097931070422663,0.8338592869583658,0.7631157855276829,0.8097931070422663,0.8285868561082451
2023-12-15,0.8036234441499025,0.7930641805778721,0.8036234441499025,0.8064905840704858,0.8064905840704858,0.8036234441499025,0.8275062683225435,0.7573017484562344,0.8036234441499025,0.8222740071412996
2023-12-18,0.8049674836141755,0.7943905599464152,0.8049674836141755,0.8078394187522588,0.8078394187522588,0.8049674836141755,0.8288902511936944,0.7585683160802849,0.8049674836141755,0.8236492391906992
2023-12-19,0.8022974860939714,0.7917556450358062,0.8022974860939714,0.8051598953072778,0.8051598953072778,0.8022974860939714,0.8261409042197374,0.756052220009241,0.8022974860939714,0.8209172761351441
2023-12-20,0.8201518840702199,0.8093754439650462,0.8201518840702199,0.8230779935869064,0.8230779935869064,0.8201518840702199,0.8445259156949813,0.772877471815265,0.8201518840702199,0.8391860405370531
2023-12-21,0.8264986380409013,0.8156388043407657,0.8264986380409013,0.8294473912868218,0.8294473912868218,0.8264986380409013,0.8510612883654433,0.7788583922500875,0.8264986380409013,0.8456800905275094
2023-12-22,0.8275413750692975,0.8166678402567823,0.8275413750692975,0.8304938485563116,0.8304938485563116,0.8275413750692975,0.8521350144164828,0.7798410248257458,0.8275413750692975,0.8467470274878178
2023-12-25,0.8234818964588939,0.812661701434963,0.8234818964588939,0.8264198866785701,0.8264198866785701,0.8234818964588939,0.8479548924692146,0.7760155388075631,0.8234818964588939,0.8425933361437183
2023-12-26,0.8257911395104193,0.8149406020341738,0.8257911395104193,0.8287373685675604,0.8287373685675604,0.8257911395104193,0.8503327637398057,0.7781916746747547,0.8257911395104193,0.8449561723094173
2023-12-27,0.854414067003212,0.843187436671787,0.854414067003212,0.8574624159507769,0.8574624159507769,0.854414067003212,0.8798063338433796,0.8051647466950187,0.854414067003212,0.8742433832002227
2023-12-28,0.8539145262259774,0.8426944596437439,0.8539145262259774,0.8569610929292402,0.8569610929292402,0.8539145262259774,0.8792919472516822,0.8046939999705686,0.8539145262259774,0.8737322490370554
2023-12-29,0.8368340466963647,0.8258384102083537,0.8368340466963647,0.8398196742557057,0.8398196742557057,0.8368340466963647,0.8617038542466793,0.7885980571426068,0.8368340466963647,0.8562553642486
2024-01-02,0.8371228952534358,0.8261234634206414,0.8371228952534358,0.8401095533566652,0.8401095533566652,0.8371228952534358,0.8620012870721054,0.7888702561667907,0.8371228952534358,0.8565509164281797
2024-01-03,0.8291434598817886,0.8182488743695672,0.8291434598817886,0.8321016492315685,0.8321016492315685,0.8291434598817886,0.85378471146598,0.7813507637942976,0.8291434598817886,0.8483862936243863
2024-01-04,0.8349656545757229,0.8239945679499657,0.8349656545757229,0.8379446161502978,0.8379446161502978,0.8349656545757229,0.8597799355223432,0.7868373610976319,0.8349656545757229,0.8543436103206439
2024-01-05,0.824026856314655,0.8131995007545365,0.824026856314655,0.8269667908232504,0.8269667908232504,0.824026856314655,0.8485160479455879,0.7765290866073578,0.824026856314655,0.8431509434753487
2024-01-08,0.8239728715510121,0.8131462253272779,0.8239728715510121,0.8269126134546355,0.8269126134546355,0.8239728715510121,0.8484604588128496,0.7764782135819447,0.8239728715510121,0.843095705828602
2024-01-09,0.8234741720860894,0.8126540785570677,0.8234741720860894,0.8264121347470157,0.8264121347470157,0.8234741720860894,0.8479469385363609,0.776008259675685,0.8234741720860894,0.8425854325029962
2024-01-10,0.8290846570245684,0.8181908441563915,0.8290846570245684,0.8320426365795487,0.8320426365795487,0.8290846570245684,0.8537241610511069,0.7812953503952595,0.8290846570245684,0.8483261260653264
2024-01-11,0.82799872268231,0.8171191785204848,0.82799872268231,0.8309528278783147,0.8309528278783147,0.82799872268231,0.8526059539085116,0.7802720104440827,0.82799872268231,0.8472149892641275
2024-01-12,0.8281086095504544,0.8172276215228332,0.8281086095504544,0.8310631067970254,0.8310631067970254,0.8281086095504544,0.8527191064961542,0.7803755633182353,0.8281086095504544,0.8473274263962932
2024-01-15,0.8438885215844414,0.832800192355511,0.8438885215844414,0.84689931785522,0.84689931785522,0.8438885215844414,0.8689679805387921,0.7952459047210613,0.8438885215844414,0.8634735600052368
2024-01-16,0.8247081854991367,0.8138718775689864,0.8247081854991367,0.827650550830424,0.827650550830424,0.8247081854991367,0.8492176255004166,0.7771711432651598,0.8247081854991367,0.8438480850069757
2024-01-17,0.831890022193037,0.8209593480430679,0.831890022193037,0.8348580106328064,0.8348580106328064,0.831890022193037,0.8566128986541982,0.783939011381764,0.831890022193037,0.8511965983933352
2024-01-18,0.8342587800516348,0.8232969814505943,0.8342587800516348,0.8372352196637387,0.8372352196637387,0.8342587800516348,0.8590520534478981,0.7861712315603119,0.8342587800516348,0.8536203305909406
2024-01-19,0.831431211081769,0.8205065655108426,0.831431211081769,0.8343975625911293,0.8343975625911293,0.831431211081769,0.8561404521703204,0.7835066466227418,0.831431211081769,0.8507271391537751
2024-01-22,0.8329258341853717,0.8219815499149938,0.8329258341853717,0.8358975181593307,0.8358975181593307,0.8329258341853717,0.8576794938645548,0.7849151180876812,0.8329258341853717,0.8522564496007412
2024-01-23,0.8427803178081166,0.8317065498962443,0.8427803178081166,0.8457871602678031,0.8457871602678031,0.8427803178081166,0.8678268421385085,0.7942015789692853,0.8427803178081166,0.8623396369390032
2024-01-24,0.8486995562975849,0.8375480121587856,0.8486995562975849,0.8517275172115625,0.8517275172115625,0.8486995562975849,0.8739219940276032,0.7997796263622974,0.8486995562975849,0.8683962496316664
2024-01-25,0.8523493127462041,0.841149812390354,0.8523493127462041,0.8553902951349661,0.8553902951349661,0.8523493127462041,0.877680217311243,0.8032190070325596,0.8523493127462041,0.872130709946311
2024-01-26,0.8568364815209054,0.8455780217131763,0.8568364815209054,0.8598934730751765,0.8598934730751765,0.8568364815209054,0.8823007399143565,0.8074475307067217,0.8568364815209054,0.8767220173253486
2024-01-29,0.8360185343246449,0.8250336133155586,0.8360185343246449,0.8390012523271605,0.8390012523271605,0.8360185343246449,0.8608641057246502,0.7878295517567984,0.8360185343246449,0.8554209253946209
2024-01-30,0.8493495795368632,0.8381894943745766,0.8493495795368632,0.8523798595812646,0.8523798595812646,0.8493495795368632,0.8745913352582179,0.8003921815823151,0.8493495795368632,0.8690613586669831
2024-01-31,0.846596513411795,0.8354726023445493,0.846596513411795,0.8496169711621249,0.8496169711621249,0.846596513411795,0.8717564509698303,0.7977978050676587,0.846596513411795,0.8662443991431361
2024-02-01,0.8370845820839747,0.826085653669613,0.8370845820839747,0.8400711034948034,0.8400711034948034,0.8370845820839747,0.8619618352764676,0.7888341514084827,0.8370845820839747,0.85651171408334
2024-02-02,0.8570779087747422,0.8458162767175905,0.8570779087747422,0.8601357616848168,0.8601357616848168,0.8570779087747422,0.882549342126435,0.8076750418411797,0.8570779087747422,0.8769690476439521
2024-02-05,0.8825922514434124,0.8709953719876602,0.8825922514434124,0.8857411335425248,0.8857411335425248,0.8825922514434124,0.90882194360932,0.8317187111173229,0.8825922514434124,0.9030755294028768
2024-02-06,0.8889726577799715,0.8772919425517629,0.8889726577799715,0.8921443036720647,0.8921443036720647,0.8889726577799715,0.9153919687577684,0.8377313441604626,0.8889726577799715,0.9096040127662537
2024-02-07,0.8916503325591846,0.8799344338455267,0.8916503325591846,0.8948315317667138,0.8948315317667138,0.8916503325591846,0.9181492211506126,0.8402546749652778,0.8916503325591846,0.9123438312553146
2024-02-08,0.8962618682213357,0.8844853759288283,0.8962618682213357,0.8994595203062522,0.8994595203062522,0.8962618682213357,0.9228978066912693,0.844600396889443,0.8962618682213357,0.9170623918393742
2024-02-19,0.8946640053837525,0.882908508316032,0.8946640053837525,0.8978559566689193,0.8978559566689193,0.8946640053837525,0.9212524570892322,0.8430946365367507,0.8946640053837525,0.9154274456616758
2024-02-20,0.9303743439469656,0.9181496285159926,0.9303743439469656,0.9336937013425657,0.9336937013425657,0.9303743439469656,0.9580240684951671,0.8767465938418202,0.9303743439469656,0.9519665528772544
2024-02-21,0.9292043992583163,0.9169950563932161,0.9292043992583163,0.9325195825657335,0.9325195825657335,0.9292043992583163,0.9568193543090695,0.8756440859884704,0.9292043992583163,0.9507694560102173
2024-02-22,0.9236679627624044,0.9115313662720345,0.9236679627624044,0.926963393363239,0.926963393363239,0.9236679627624044,0.9511183808769378,0.8704267754817987,0.9236679627624044,0.9451045294131685
2024-02-23,0.9060343178570114,0.8941294198140264,0.9060343178570114,0.9092668357496346,0.9092668357496346,0.9060343178570114,0.9329606830163155,0.853809552308778,0.9060343178570114,0.9270616413386394
2024-02-26,0.9143398111714304,0.9023257825478965,0.9143398111714304,0.9176019611157505,0.9176019611157505,0.9143398111714304,0.9415130066564789,0.8616363083032532,0.9143398111714304,0.9355598892663823
2024-02-27,0.9105251473169217,0.8985612417222413,0.9105251473169217,0.91377368743552,0.91377368743552,0.9105251473169217,0.937584975096264,0.8580415256624255,0.9105251473169217,0.9316566943603874
2024-02-28,0.9272928796734824,0.9151086533468135,0.9272928796734824,0.9306012431274588,0.9306012431274588,0.9272928796734824,0.9548510264187047,0.873842748391439,0.9272928796734824,0.9488135737121179
2024-02-29,0.9306485667738237,0.91842024817382,0.9306485667738237,0.9339689025321379,0.9339689025321379,0.9306485667738237,0.9583064409294137,0.8770050101781752,0.9306485667738237,0.9522471398913984
2024-03-01,0.9244851332237454,0.912337799467872,0.9244851332237454,0.9277834792970797,0.9277834792970797,0.9244851332237454,0.9519598367652277,0.8711968433832087,0.9244851332237454,0.9459406648378574
2024-03-04,0.9342217894490713,0.9219465202526108,0.9342217894490713,0.9375548736276214,0.9375548736276214,0.9342217894490713,0.9619858559382771,0.8803722685617967,0.9342217894490713,0.9559032902301832
2024-03-05,0.9259139304793204,0.9137478229470939,0.9259139304793204,0.9292173741660702,0.9292173741660702,0.9259139304793204,0.9534310963380505,0.8725432832708367,0.9259139304793204,0.947402621744773
2024-03-06,0.9279386182150516,0.9157459071639653,0.9279386182150516,0.9312492855126556,0.9312492855126556,0.9279386182150516,0.9555159556150041,0.8744512658882044,0.9279386182150516,0.9494742986100874
2024-03-07,0.9240183652518889,0.911877164624756,0.9240183652518889,0.9273150460066023,0.9273150460066023,0.9240183652518889,0.9514791969514252,0.8707569804053631,0.9240183652518889,0.9454630640741943
2024-03-08,0.9568021095859841,0.944230144774678,0.9568021095859841,0.9602157550494934,0.9602157550494934,0.9568021095859841,0.9852372388963627,0.9016510354331074,0.9568021095859841,0.9790076564065007
2024-03-11,0.9661221089005929,0.9534276833398271,0.9661221089005929,0.9695690059352071,0.9695690059352071,0.9661221089005929,0.9948342185635737,0.9104338202410225,0.9661221089005929,0.9885439550781806
2024-03-12,0.955938209275086,0.9433775957392426,0.955938209275086,0.959348772544955,0.959348772544955,0.955938209275086,0.9843476643976619,0.9008369312395357,0.955938209275086,0.9781237066218298
2024-03-13,0.9523192326522718,0.9398061708999155,0.9523192326522718,0.9557168842625539,0.9557168842625539,0.9523192326522718,0.9806211356831351,0.8974265562137317,0.9523192326522718,0.9744207404738723
2024-03-14,0.9575523583438204,0.9449705355891751,0.9575523583438204,0.9609686805188911,0.9609686805188911,0.9575523583438204,0.9860097842401182,0.9023580390679846,0.9575523583438204,0.9797753170029525
2024-03-15,0.9610079607957255,0.9483807329233532,0.9610079607957255,0.9644366117496685,0.9644366117496685,0.9610079607957255,0.9895680834791445,0.905614456980936,0.9610079607957255,0.9833111173779915
2024-03-18,0.9519874754127835,0.9394787728066906,0.9519874754127835,0.9553839433910646,0.9553839433910646,0.9519874754127835,0.9802795189754141,0.8971139218084558,0.9519874754127835,0.974081283783431
2024-03-19,0.9538514105203276,0.9413182166152003,0.9538514105203276,0.9572545285817977,0.9572545285817977,0.9538514105203276,0.9821988482290185,0.8988704177472289,0.9538514105203276,0.9759884772595409
2024-03-20,0.9510920127141659,0.9385950760996234,0.9510920127141659,0.9544852858916117,0.9544852858916117,0.9510920127141659,0.9793574440887874,0.8962700745161984,0.9510920127141659,0.9731650391083932
2024-03-21,0.9508034468849593,0.9383103019002788,0.9508034468849593,0.9541956905272234,0.9541956905272234,0.9508034468849593,0.9790603023935938,0.8959981419231492,0.9508034468849593,0.9728697762182511
2024-03-22,0.9499237683600044,0.937442181969677,0.9499237683600044,0.9533128735156619,0.9533128735156619,0.9499237683600044,0.9781544807692893,0.8951691689882786,0.9499237683600044,0.9719696820373552
2024-03-25,0.9671958757676994,0.9544873413759294,0.9671958757676994,0.9706466037505923,0.9706466037505923,0.9671958757676994,0.9959398966267464,0.9114456940630392,0.9671958757676994,0.9896426420204031
2024-03-26,0.9645119486450278,0.9518386798917887,0.9645119486450278,0.96795310100559,0.96795310100559,0.9645119486450278,0.9931762060775228,0.9089164713063805,0.9645119486450278,0.9868964260829513
2024-03-27,0.9679028226058265,0.9551849992391647,0.9679028226058265,0.9713560728091899,0.9713560728091899,0.9679028226058265,0.9966678531643258,0.9121118917461414,0.9679028226058265,0.990365995742416
2024-03-28,0.9677408674154159,0.9550251720697256,0.9677408674154159,0.9711935398006541,0.9711935398006541,0.9677408674154159,0.9965010848398975,0.9119592718222673,0.9677408674154159,0.9902002818818191
2024-03-29,0.9919216789572348,0.9788882582336772,0.9919216789572348,0.9954606228052936,0.9954606228052936,0.9919216789572348,1.0214005240855362,0.9347462761002241,0.9919216789572348,1.0149422838071775
2024-04-01,0.9924449208768481,0.9794046249813659,0.9924449208768481,0.9959857315293248,0.9959857315293248,0.9924449208768481,1.0219393161920647,0.9352393578084214,0.9924449208768481,1.0154776691709033
2024-04-02,0.9886669369936646,0.9756762821681186,0.9886669369936646,0.9921942686859522,0.9921942686859522,0.9886669369936646,1.0180490546924603,0.9316791408670144,0.9886669369936646,1.0116120055082078
2024-04-03,0.9751679358120826,0.9623546520083419,0.9751679358120826,0.9786471062349879,0.9786471062349879,0.9751679358120826,1.004148877718817,0.9189582362298447,0.9751679358120826,0.9977997183296944
2024-04-08,0.9738444252410072,0.9610485317922419,0.9738444252410072,0.9773188736886872,0.9773188736886872,0.9738444252410072,1.0027860338374832,0.9177110141921203,0.9738444252410072,0.9964454916098364
2024-04-09,0.9664477615143385,0.9537490570194447,0.9664477615143385,0.9698958204010814,0.9698958204010814,0.9664477615143385,0.9951695492226433,0.9107407018975674,0.9664477615143385,0.9888771654661929
2024-04-10,0.9642977896881039,0.9516273348906907,0.9642977896881039,0.9677381779797489,0.9677381779797489,0.9642977896881039,0.9929556825468048,0.9087146566956862,0.9642977896881039,0.9866772969062743
2024-04-11,0.9492903408435778,0.9368170774161362,0.9492903408435778,0.9526771860784573,0.9526771860784573,0.9492903408435778,0.9775022284685553,0.8945722528962929,0.9492903408435778,0.9713215538798741
2024-04-12,0.9816827525053081,0.9687838668353101,0.9816827525053081,0.9851851662658141,0.9851851662658141,0.9816827525053081,1.0108573077551248,0.9250975320761357,0.9816827525053081,1.0044657314570196
2024-04-15,0.9849402614656748,0.9719985735405272,0.9849402614656748,0.9884542972539476,0.9884542972539476,0.9849402614656748,1.0142116263771652,0.9281672748135531,0.9849402614656748,1.007798840969489
2024-04-16,0.9947782415806941,0.9817072868629869,0.9947782415806941,0.9983273769740505,0.9983273769740505,0.9947782415806941,1.0243419806768992,0.937438183466875,0.9947782415806941,1.0178651417851783
2024-04-17,1.0034559995873382,0.9902710228924556,1.0034559995873382,1.0070360951854809,1.0070360951854809,1.0034559995873382,1.0332776323154353,0.9456157464274272,1.0034559995873382,1.0267442939565958
2024-04-18,0.9926970246740754,0.97965341624402,0.9926970246740754,0.9962387347737574,0.9962387347737574,0.9926970246740754,1.022198912242917,0.935476930079144,0.9926970246740754,1.0157356238150475
2024-04-19,0.990223524115351,0.9772124164100259,0.990223524115351,0.9937564093453167,0.9937564093453167,0.990223524115351,1.0196519019087311,0.9331460046792374,0.990223524115351,1.0132047180395942
2024-04-22,0.9888855352251558,0.975892008113641,0.9888855352251558,0.9924136468246503,0.9924136468246503,0.9888855352251558,1.01827414942821,0.9318851388678476,0.9888855352251558,1.0118356769865233
2024-04-23,0.987399402356774,0.9744254023867016,0.987399402356774,0.9909222117828375,0.9909222117828375,0.987399402356774,1.016743850289853,0.9304846682520926,0.987399402356774,1.0103150538168977
2024-04-24,0.996120861275418,0.983032265117137,0.996120861275418,0.9996747868208696,0.9996747868208696,0.996120861275418,1.0257245015844774,0.9387034131583777,0.996120861275418,1.019238921114893
2024-04-25,1.0048314579188398,0.9916284082979363,1.0048314579188398,1.0084164608296298,1.0084164608296298,1.0048314579188398,1.0346939677887463,0.9469119219023433,1.0048314579188398,1.028151674045035
2024-04-26,1.0209704297651772,1.0075553210527333,1.0209704297651772,1.0246130127413506,1.0246130127413506,1.0209704297651772,1.051312572515059,0.9621206265344563,1.0209704297651772,1.0446652005577746
2024-04-29,1.0332130846375236,1.0196371127489747,1.0332130846375236,1.036899346534184,1.036899346534184,1.0332130846375236,1.0639190659188111,0.9736576019774535,1.0332130846375236,1.0571919840323176
2024-04-30,1.0566637374663057,1.0427796341687519,1.0566637374663057,1.060433665790792,1.060433665790792,1.0566637374663057,1.088066646920011,0.9957565346541416,1.0566637374663057,1.0811868816575358
2024-05-06,1.0569607889772321,1.0430727825516384,1.0569607889772321,1.0607317771118219,1.0607317771118219,1.0569607889772321,1.0883725264822561,0.9960364638053427,1.0569607889772321,1.0814908271658394
2024-05-07,1.0467617028447853,1.0330077079882296,1.0467617028447853,1.0504963030327357,1.0504963030327357,1.0467617028447853,1.0778703344827567,0.9864252636630569,1.0467617028447853,1.071055039752771
2024-05-08,1.0571486571632565,1.0432581822311655,1.0571486571632565,1.0609203155674602,1.0609203155674602,1.0571486571632565,1.088565977908649,0.9962135030726652,1.0571486571632565,1.0816830554131125
2024-05-09,1.0573704118500888,1.043477023157575,1.0573704118500888,1.0611428614229923,1.0611428614229923,1.0573704118500888,1.0887943229061967,0.9964224755874532,1.0573704118500888,1.0819099566020605
2024-05-10,1.052560293398176,1.0387301075762556,1.052560293398176,1.0563155815968854,1.0563155815968854,1.052560293398176,1.083841252908914,0.9918896173931921,1.052560293398176,1.076988204501532
2024-05-13,1.0414195885332713,1.0277357867422092,1.0414195885332713,1.0451351293106057,1.0451351293106057,1.0414195885332713,1.0723694582812797,0.9813910744068662,1.0414195885332713,1.065588945186326
2024-05-14,1.044921324093844,1.0311915110160121,1.044921324093844,1.0486493582421597,1.0486493582421597,1.044921324093844,1.0759752616553302,0.9846909662678588,1.044921324093844,1.0691719493312426
2024-05-15,1.058148187191847,1.044244578868618,1.058148187191847,1.0619234116847058,1.0619234116847058,1.058148187191847,1.0895952128943336,0.9971554191451699,1.058148187191847,1.082705782621795
2024-05-16,1.068916478293514,1.0548713792947821,1.068916478293514,1.0727301215228084,1.0727301215228084,1.068916478293514,1.1006835260223529,1.0073030146870157,1.068916478293514,1.0937239851626608
2024-05-17,1.067423504371929,1.0533980224031119,1.067423504371929,1.0712318210205192,1.0712318210205192,1.067423504371929,1.0991461825220512,1.0058960973435178,1.067423504371929,1.0921963621720723
2024-05-20,1.0714806927437377,1.0574019010790785,1.0714806927437377,1.0753034844886318,1.0753034844886318,1.0714806927437377,1.1033239461672975,1.0097194251348534,1.0714806927437377,1.09634771012552
2024-05-21,1.0736270674635293,1.0595200733658081,1.0736270674635293,1.0774575169698892,1.0774575169698892,1.0736270674635293,1.1055341088345594,1.0117420805712685,1.0736270674635293,1.0985438980970352
2024-05-22,1.0695947990562946,1.0555407872168874,1.0695947990562946,1.073410862374938,1.073410862374938,1.0695947990562946,1.1013820057484238,1.0079422363316894,1.0695947990562946,1.0944180484528732
2024-05-23,1.0626367879425669,1.0486742013519148,1.0626367879425669,1.0664280267098893,1.0664280267098893,1.0626367879425669,1.094217210030252,1.0013852922547555,1.0626367879425669,1.0872985552102752
2024-05-24,1.0715093483220985,1.0574301801355654,1.0715093483220985,1.0753322423033735,1.0753322423033735,1.0715093483220985,1.1033534533586176,1.0097464289757114,1.0715093483220985,1.0963770307450427
2024-05-27,1.0637222104149362,1.0497453618436807,1.0637222104149362,1.0675173217150025,1.0675173217150025,1.0637222104149362,1.0953348900907358,1.0024081498407589,1.0637222104149362,1.0884091682620638
2024-05-28,1.0573643510287694,1.0434710419728193,1.0573643510287694,1.0611367789780843,1.0611367789780843,1.0573643510287694,1.0887880819637878,0.9964167641182127,1.0573643510287694,1.0819037551206707
2024-05-29,1.046376209457983,1.032627279817364,1.046376209457983,1.0501094342959651,1.0501094342959651,1.046376209457983,1.0774733846472355,0.9860619905181918,1.046376209457983,1.0706605998018208
2024-05-30,1.0410062634078026,1.0273278925296538,1.0410062634078026,1.0447203295380543,1.0447203295380543,1.0410062634078026,1.0719438495777618,0.9810015737738556,1.0410062634078026,1.0651660275752908
2024-05-31,1.0414282773896844,1.0277443614308164,1.0414282773896844,1.0451438491668201,1.0451438491668201,1.0414282773896844,1.0723784053611567,0.9813992624285093,1.0414282773896844,1.0655978356944762
2024-06-03,1.0480484047415586,1.0342775031800457,1.0480484047415586,1.0517875955800198,1.0517875955800198,1.0480484047415586,1.0791952757755887,0.987637798716958,1.0480484047415586,1.0723716035394022
2024-06-04,1.0376200292519848,1.0239861520222335,1.0376200292519848,1.0413220140931712,1.0413220140931712,1.0376200292519848,1.068456980185952,0.9778105256958647,1.0376200292519848,1.0617012054018058
2024-06-05,1.044103294370263,1.0303842298482673,1.044103294370263,1.047828409980433,1.047828409980433,1.044103294370263,1.0751329209684504,0.9839200886329827,1.044103294370263,1.0683349347024802
2024-06-06,1.0301848188750369,1.0166486370854264,1.0301848188750369,1.033860276629881,1.033860276629881,1.0301848188750369,1.0608008033558576,0.970803888620264,1.0301848188750369,1.054093438013861
2024-06-07,1.0101940362522002,0.9969205246774302,1.0101940362522002,1.013798171584436,1.013798171584436,1.0101940362522002,1.040215916180783,0.9519653956127619,1.0101940362522002,1.03363870756413
2024-06-11,1.006519566355327,0.993294335721601,1.006519566355327,1.0101105920409925,1.0101105920409925,1.006519566355327,1.036432244991795,0.9485027260032467,1.006519566355327,1.0298789602493685
2024-06-12,0.9981267622814398,0.9850118094537804,0.9981267622814398,1.0016878444111015,1.0016878444111015,0.9981267622814398,1.0277900158103264,0.9405936919327824,0.9981267622814398,1.0212913752464354
2024-06-13,1.0063188354884283,0.9930962423712482,1.0063188354884283,1.0099091450134516,1.0099091450134516,1.0063188354884283,1.0362255486194907,0.9483135654734263,1.0063188354884283,1.0296735708030011
2024-06-14,1.0016316126727722,0.9884706076308177,1.0016316126727722,1.0052051992864006,1.0052051992864006,1.0016316126727722,1.0313990265845558,0.9438965190824326,1.0016316126727722,1.0248775665113758
2024-06-17,1.0016031131946914,0.9884424826235204,1.0016031131946914,1.005176598128868,1.005176598128868,1.0016031131946914,1.0313696801326482,0.9438696623440712,1.0016031131946914,1.0248484056149219
2024-06-18,1.0039805095542733,0.9907886410258739,1.0039805095542733,1.0075624764809294,1.0075624764809294,1.0039805095542733,1.0338177301542877,0.9461100230913729,1.0039805095542733,1.0272809767965956
2024-06-19,1.0015381329955728,0.9883783562360401,1.0015381329955728,1.0051113860956433,1.0051113860956433,1.0015381329955728,1.0313027687919214,0.9438084276715816,1.0015381329955728,1.0247819173496737
2024-06-20,0.9902678523221708,0.9772561621634305,0.9902678523221708,0.9938008957047796,0.9938008957047796,0.9902678523221708,1.0196975475021666,0.9331877777618611,0.9902678523221708,1.0132500750193039
2024-06-21,0.9954503724284898,0.9823705862029057,0.9954503724284898,0.9990019058270311,0.9990019058270311,0.9954503724284898,1.0250340865303718,0.9380715719897369,0.9954503724284898,1.0185528715043182
2024-06-24,1.0012673699660697,0.9881111509153306,1.0012673699660697,1.0048396570471714,1.0048396570471714,1.0012673699660697,1.0310239589764851,0.9435532717062439,1.0012673699660697,1.0245048704281632
2024-06-25,0.9973606211364976,0.9842557350712525,0.9973606211364976,1.0009189698542893,1.0009189698542893,0.9973606211364976,1.0270011057748187,0.9398717119646115,0.9973606211364976,1.0205074534309713
2024-06-26,0.9978232407923722,0.9847122761054597,0.9978232407923722,1.0013832400285665,1.0013832400285665,0.9978232407923722,1.0274774739891512,0.9403076657397463,0.9978232407923722,1.0209808096041735
2024-06-27,0.9908072228695907,0.9777884456157503,0.9908072228695907,0.9943421905997776,0.9943421905997776,0.9908072228695907,1.020252947561968,0.933696058426892,0.9908072228695907,1.0138019633254371
2024-06-28,0.9865234852180925,0.9735609944193884,0.9865234852180925,0.9900431695772935,0.9900431695772935,0.9865234852180925,1.0158419018361755,0.9296592398932577,0.9865234852180925,1.0094188083168554
2024-07-01,0.9981451692793497,0.9850299745917197,0.9981451692793497,1.001706317080862,1.001706317080862,0.9981451692793497,1.0278089698444113,0.9406110379320843,0.9981451692793497,1.0213102094355584
2024-07-02,1.0018791633529651,0.9887149056024209,1.0018791633529651,1.005453633169346,1.005453633169346,1.0018791633529651,1.0316539342046342,0.9441298006825484,1.0018791633529651,1.0251308623693483
2024-07-03,1.0037253807194475,0.9905368644733034,1.0037253807194475,1.007306437406274,1.007306437406274,1.0037253807194475,1.0335550191649745,0.9458696001493825,1.0037253807194475,1.0270199269095164
2024-07-04,0.9836427861603753,0.9707181464981003,0.9836427861603753,0.9871521928611436,0.9871521928611436,0.9836427861603753,1.012875591501696,0.9269445873416599,0.9836427861603753,1.0064712537441252
2024-07-05,0.9791314653812788,0.9662661025177474,0.9791314653812788,0.9826247767478524,0.9826247767478524,0.9791314653812788,1.008230199122601,0.9226933038098925,0.9791314653812788,1.0018552338388678
2024-07-08,0.9899818301752833,0.976973898223522,0.9899818301752833,0.9935138530979721,0.9935138530979721,0.9899818301752833,1.0194030250847939,0.9329182422306223,0.9899818301752833,1.0129574148454819
2024-07-09,0.9884316694616443,0.9754441059494469,0.9884316694616443,0.9919581617745709,0.9919581617745709,0.9884316694616443,1.0178067952625036,0.9314574344015665,0.9884316694616443,1.0113712778667812
2024-07-10,0.9947535381000403,0.9816829079753561,0.9947535381000403,0.9983025853571734,0.9983025853571734,0.9947535381000403,1.024316543035378,0.9374149039206798,0.9947535381000403,1.0178398649839897
2024-07-11,1.0149437502142142,1.001607829457654,1.0149437502142142,1.018564831411595,1.018564831411595,1.0149437502142142,1.0451067865317138,0.9564413310950891,1.0149437502142142,1.0384986533020888
2024-07-12,1.0135839981883885,1.0002659439838033,1.0135839981883885,1.0172002281095356,1.0172002281095356,1.0135839981883885,1.0437066241385855,0.955159956597965,1.0135839981883885,1.0371073440326375
2024-07-15,1.0116506618903884,0.9983580108863849,1.0116506618903884,1.0152599941211802,1.0152599941211802,1.0116506618903884,1.0417158311658108,0.9533380598259287,1.0116506618903884,1.0351291386971897
2024-07-16,1.0191514456247546,1.0057602375751291,1.0191514456247546,1.0227875388922447,1.0227875388922447,1.0191514456247546,1.0494395301229582,0.9604064905420541,1.0191514456247546,1.0428040012747517
2024-07-17,1.0332228937949004,1.0196467930182767,1.0332228937949004,1.0369091906883334,1.0369091906883334,1.0332228937949004,1.063929166593792,0.9736668457247422,1.0332228937949004,1.0572020208414739
2024-07-18,1.0356482087453522,1.0220402403819957,1.0356482087453522,1.0393431585935553,1.0393431585935553,1.0356482087453522,1.0664265592952684,0.9759523629852263,1.0356482087453522,1.0596836227128545
2024-07-19,1.0248821997483812,1.0114156920746618,1.0248821997483812,1.0285387390021632,1.0285387390021632,1.0248821997483812,1.0553405960936417,0.9658069180051756,1.0248821997483812,1.0486677552399697
2024-07-22,1.0090677752740755,0.9958090622801652,1.0090677752740755,1.0126678923713595,1.0126678923713595,1.0090677752740755,1.0390561839380896,0.9509040534951816,1.0090677752740755,1.032486308222982
2024-07-23,0.9963211868050592,0.983229958456188,0.9963211868050592,0.9998758270650049,0.9998758270650049,0.9963211868050592,1.0259307805733373,0.9388921917150049,0.9963211868050592,1.0194438958168999
2024-07-24,0.9922877721530263,0.9792495411236287,0.9922877721530263,0.995828022135723,0.995828022135723,0.9922877721530263,1.0217774971772413,0.9350912673013765,0.9922877721530263,1.0153168733257905
2024-07-25,0.999868119360416,0.9867302858558629,0.999868119360416,1.0034354142436173,1.0034354142436173,0.999868119360416,1.0295831241482312,0.9422346753687383,0.999868119360416,1.023073145892398
2024-07-26,0.9979617906890986,0.9848490055166242,0.9979617906890986,1.0015222842388207,1.0015222842388207,0.9979617906890986,1.0276201414397477,0.94043822947554,0.9979617906890986,1.021122574978989
2024-07-29,0.9847230437271082,0.9717842099488504,0.9847230437271082,0.9882363045334484,0.9882363045334484,0.9847230437271082,1.0139879531611045,0.927962577732589,0.9847230437271082,1.007576582022697
2024-07-30,1.0071780104007961,0.9939441280978409,1.0071780104007961,1.0107713852603464,1.0107713852603464,1.0071780104007961,1.037110257285901,0.9491232166453809,1.0071780104007961,1.0305526855216804
2024-07-31,0.9986169531827438,0.9854955594592082,0.9986169531827438,1.0021797841985436,1.0021797841985436,0.9986169531827438,1.0282947746578397,0.9410556277179285,0.9986169531827438,1.021792942540936
2024-08-01,0.9870748790606477,0.9741051431859595,0.9870748790606477,0.990596530663723,0.990596530663723,0.9870748790606477,1.0164096825105078,0.9301788508181192,0.9870748790606477,1.0099829989558065
2024-08-02,0.981650615404476,0.9687521520020466,0.981650615404476,0.9851529145073453,0.9851529145073453,0.981650615404476,1.0108242155742309,0.9250672473914026,0.981650615404476,1.0044328485155471
2024-08-05,0.9657700442851337,0.9530802447007453,0.9657700442851337,0.9692156852357934,0.9692156852357934,0.9657700442851337,0.9944716909665162,0.9101020489981634,0.9657700442851337,0.988183719716415
2024-08-06,0.9705360056397176,0.9577835833898464,0.9705360056397176,0.9739986504224073,0.9739986504224073,0.9705360056397176,0.9993792915650442,0.9145932953563619,0.9705360056397176,0.993060289917848
2024-08-07,0.9742198349598603,0.9614190087901818,0.9742198349598603,0.9776956227813466,0.9776956227813466,0.9742198349598603,1.0031726003292916,0.918064784902202,0.9742198349598603,0.9968296138701906
2024-08-08,0.9765624352612585,0.9637308283394673,0.9765624352612585,0.9800465809310518,0.9800465809310518,0.9765624352612585,1.005584820191334,0.9202723552725011,0.9765624352612585,0.9992265814437272
2024-08-09,0.9790592762690895,0.9661948619391881,0.9790592762690895,0.9825523300818458,0.9825523300818458,0.9790592762690895,1.0081558646276627,0.9226252757536201,0.9790592762690895,1.0017813693554658
2024-08-12,0.9820626070521632,0.9691587302581397,0.9820626070521632,0.9855663760445792,0.9855663760445792,0.9820626070521632,1.0112484511704414,0.9254554914096853,0.9820626070521632,1.0048544017013317
2024-08-13,0.9758112653795794,0.9629895285042954,0.9758112653795794,0.9792927310514575,0.9792927310514575,0.9758112653795794,1.004811326348926,0.9195644836083227,0.9758112653795794,0.99845797834591
2024-08-14,0.9864292682195894,0.9734680153913895,0.9864292682195894,0.9899486164346426,0.9899486164346426,0.9864292682195894,1.0157448848098412,0.9295704536610742,0.9864292682195894,1.0093224047220326
2024-08-15,0.9950622487549975,0.9819875623061769,0.9950622487549975,0.9986123974193243,0.9986123974193243,0.9950622487549975,1.0246344282388704,0.9377058201706575,0.9950622487549975,1.018155740222756
2024-08-16,1.0067512402921095,0.9935229655633177,1.0067512402921095,1.0103430925360313,1.0103430925360313,1.0067512402921095,1.03667080402873,0.9487210460120453,1.0067512402921095,1.0301160108950846
2024-08-19,1.0062553176180706,0.9930335590981634,1.0062553176180706,1.0098454005262338,1.0098454005262338,1.0062553176180706,1.036160143066363,0.9482537088395392,1.0062553176180706,1.0296085788043678
2024-08-20,1.0063629130538105,0.9931397407765354,1.0063629130538105,1.0099533798372469,1.0099533798372469,1.0063629130538105,1.0362709361226952,0.9483551023618473,1.0063629130538105,1.0297186713243658
2024-08-21,1.0165476393935469,1.0031906442286829,1.0165476393935469,1.0201744428912507,1.0201744428912507,1.0165476393935469,1.0467583415718937,0.9579527704248908,1.0165476393935469,1.040139765681402
2024-08-22,1.0277247617347331,1.0142209040291648,1.0277247617347331,1.0313914425828241,1.0313914425828241,1.0277247617347331,1.0582676359640248,0.9684856317460828,1.0277247617347331,1.0515762876528558
2024-08-23,1.0303540151289174,1.0168156101739017,1.0303540151289174,1.0340300765363024,1.0340300765363024,1.0303540151289174,1.060975027940372,0.9709633322251381,1.0303540151289174,1.0542665609891604
2024-08-26,1.02610181015495,1.0126192773293616,1.02610181015495,1.029762700692545,1.029762700692545,1.02610181015495,1.0565964520093618,0.966956228792527,1.02610181015495,1.04991567047124
2024-08-27,1.015411137200989,1.0020690751821015,1.015411137200989,1.0190338859254908,1.0190338859254908,1.015411137200989,1.0455880637568924,0.9568817774071862,1.015411137200989,1.038976887446823
2024-08-28,1.0020162180692926,0.988850159479209,1.0020162180692926,1.0055911768647485,1.0055911768647485,1.0020162180692926,1.0317950620396792,0.9442589554217048,1.0020162180692926,1.0252710978634878
2024-08-29,1.0112778018226691,0.9979900500382688,1.0112778018226691,1.0148858037762116,1.0148858037762116,1.0112778018226691,1.041331890098025,0.9529866918024239,1.0112778018226691,1.0347476252604948
2024-08-30,0.9997470962364927,0.9866108529233076,0.9997470962364927,1.0033139593375797,1.0033139593375797,0.9997470962364927,1.0294585043472693,0.9421206281442355,0.9997470962364927,1.0229493140532582
2024-09-02,1.0056330474023145,0.9924194652432006,1.0056330474023145,1.0092209101963312,1.0092209101963312,1.0056330474023145,1.0355193796492714,0.9476673069297457,1.0056330474023145,1.0289718668871644
2024-09-03,1.0047097240658327,0.9915082739749692,1.0047097240658327,1.0082942926587943,1.0082942926587943,1.0047097240658327,1.0345686161365975,0.9467972049159252,1.0047097240658327,1.0280271149821485
2024-09-04,0.9996247354731576,0.9864900999273422,0.9996247354731576,1.0031911620197467,1.0031911620197467,0.9996247354731576,1.0293325071536914,0.9420053203832552,0.9996247354731576,1.0228241135306542
2024-09-05,0.998701222300556,0.9855787213173554,0.998701222300556,1.0022643539687992,1.0022643539687992,0.998701222300556,1.0283815481631724,0.9411350394756676,0.998701222300556,1.0218791673837855
2024-09-06,0.9807625420816612,0.9678757475775891,0.9807625420816612,0.9842616727472551,0.9842616727472551,0.9807625420816612,1.0099097496677067,0.9242303635435998,0.9807625420816612,1.003524164709591
2024-09-09,0.9796262581985661,0.9667543939719785,0.9796262581985661,0.9831213348698346,0.9831213348698346,0.9796262581985661,1.0087396966500901,0.9231595762517719,0.9796262581985661,1.0023615098510195
2024-09-10,0.9776477905663449,0.9648019225465,0.9776477905663449,0.9811358085292454,0.9811358085292454,0.9776477905663449,1.0067024310883963,0.9212951495628142,0.9776477905663449,1.0003371257694091
2024-09-11,0.9843975829402407,0.9714630255755898,0.9843975829402407,0.9879096825788461,0.9879096825788461,0.9843975829402407,1.013652820029803,0.9276558768458206,0.9843975829402407,1.0072435679134986
2024-09-12,0.9729347808192477,0.9601508397037253,0.9729347808192477,0.9764059838690314,0.9764059838690314,0.9729347808192477,1.001849355762161,0.9168538026260736,0.9729347808192477,0.9955147360809885
2024-09-13,0.9771432497961001,0.9643040112231868,0.9771432497961001,0.9806294676758965,0.9806294676758965,0.9771432497961001,1.006182895909276,0.9208196910501796,0.9771432497961001,0.9998208755729578
2024-09-18,0.982954923794816,0.9700393223457398,0.982954923794816,0.9864618763640349,0.9864618763640349,0.982954923794816,1.0121672866066775,0.9262963740821696,0.982954923794816,1.0057674274087844
2024-09-19,0.9864254552172353,0.9734642524902334,0.9864254552172353,0.9899447898283911,0.9899447898283911,0.9864254552172353,1.0157409584891601,0.929566860444163,0.9864254552172353,1.0093185032271876
2024-09-20,1.000491101649076,0.9873450824274012,1.000491101649076,1.0040606191869335,1.0040606191869335,1.000491101649076,1.0302246208002683,0.9428217483068089,1.000491101649076,1.023710586408356
2024-09-23,1.0511922921441048,1.037380081265442,1.0511922921441048,1.0549426996352702,1.0549426996352702,1.0511922921441048,1.0824325961293526,0.9906004691619658,1.0511922921441048,1.0755884545550263
2024-09-24,1.0823681199464346,1.0681462722095671,1.0823681199464346,1.0862297554774238,1.0862297554774238,1.0823681199464346,1.114534935993096,1.0199792896482816,1.0823681199464346,1.1074878136884403
2024-09-25,1.142708039745528,1.1276933516283658,1.142708039745528,1.1467849539547592,1.1467849539547592,1.142708039745528,1.1766680932912243,1.076841153370912,1.142708039745528,1.1692281076096445
2024-09-26,1.1893531813723768,1.173725596321485,1.1893531813723768,1.1935965145040934,1.1935965145040934,1.1893531813723768,1.2246994783435128,1.1207976202561811,1.1893531813723768,1.2169557937521953
2024-09-27,1.2724235427488757,1.255704449172214,1.2724235427488757,1.2769632514418752,1.2769632514418752,1.2724235427488757,1.310238601487921,1.1990797191337983,1.2724235427488757,1.3019540593216954
2024-09-30,1.360162480713504,1.3422905355391908,1.360162480713504,1.3650152213538158,1.3650152213538158,1.360162480713504,1.4005850462939162,1.2817612929629363,1.360162480713504,1.391729250212019
2024-10-08,1.2325489388558495,1.216353780283078,1.2325489388558495,1.236946384316646,1.236946384316646,1.2325489388558495,1.269178967266744,1.1615035291072222,1.2325489388558495,1.2611540421432834
2024-10-09,1.278651411426938,1.2618504863565063,1.278651411426938,1.2832133396943382,1.2832133396943382,1.278651411426938,1.3166515557227718,1.2049486069485906,1.278651411426938,1.3083264649192914
2024-10-10,1.240139308250127,1.2238444155150103,1.240139308250127,1.2445638343682397,1.2445638343682397,1.240139308250127,1.2769949142732335,1.1686563816721394,1.240139308250127,1.2689205694925665
2024-10-11,1.269621147108131,1.252938875794955,1.269621147108131,1.2741508575109197,1.2741508575109197,1.269621147108131,1.307352921663723,1.1964388565083348,1.269621147108131,1.2990866254384692
2024-10-14,1.2349158555630588,1.2186895967311466,1.2349158555630588,1.2393217456273933,1.2393217456273933,1.2349158555630588,1.271616226192017,1.1637340142602732,1.2349158555630588,1.2635758904598984
2024-10-15,1.224685812716059,1.2085939722109897,1.224685812716059,1.2290552043874587,1.2290552043874587,1.224685812716059,1.261082157477713,1.1540936417808334,1.224685812716059,1.253108427886145
2024-10-16,1.203888912552528,1.1880703342972185,1.203888912552528,1.2081841057630476,1.2081841057630476,1.203888912552528,1.2396671958159053,1.1344954966906637,1.203888912552528,1.2318288714495187
2024-10-17,1.2396620902893953,1.223373467991341,1.2396620902893953,1.244084913805778,1.244084913805778,1.2396620902893953,1.276503513908129,1.1682066710537051,1.2396620902893953,1.268432276215775
2024-10-18,1.2329160420150393,1.2167160598659468,1.2329160420150393,1.237314797213786,1.237314797213786,1.2329160420150393,1.2695569803368725,1.1618494720564256,1.2329160420150393,1.2615296650646142
2024-10-21,1.240205707954403,1.2239099427559657,1.240205707954403,1.2446304709710831,1.2446304709710831,1.240205707954403,1.2770632873052836,1.1687189540280247,1.240205707954403,1.2689885102069718
2024-10-22,1.245614730695776,1.2292478932840913,1.245614730695776,1.2500587918366535,1.2500587918366535,1.245614730695776,1.282633060383171,1.1738161950422095,1.245614730695776,1.2745230660199522
2024-10-23,1.2334079511331741,1.2172015055115815,1.2334079511331741,1.2378084613482536,1.2378084613482536,1.2334079511331741,1.2700635084647722,1.1623130270185873,1.2334079511331741,1.2620329904524719
2024-10-24,1.2442709907442016,1.2279218094927797,1.2442709907442016,1.24871025773617,1.24871025773617,1.2442709907442016,1.2812493859259138,1.1725499096666325,1.2442709907442016,1.273148140434368
2024-10-25,1.2389964928244075,1.222716616188413,1.2389964928244075,1.2434169416451828,1.2434169416451828,1.2389964928244075,1.2758181356025724,1.1675794393226344,1.2389964928244075,1.2677512315067603
2024-10-28,1.2216040375130706,1.2055526901977849,1.2216040375130706,1.2259624341335236,1.2259624341335236,1.2216040375130706,1.257908795231255,1.1511895033232493,1.2216040375130706,1.249955130575425
2024-10-29,1.2065260068462083,1.1906727783154325,1.2065260068462083,1.210830608590512,1.210830608590512,1.2065260068462083,1.242382661714846,1.136980586111569,1.2065260068462083,1.2345271676575993
2024-10-30,1.1975072322530849,1.1817725065095521,1.1975072322530849,1.2017796571254236,1.2017796571254236,1.1975072322530849,1.233095858843767,1.1284816631171932,1.1975072322530849,1.2252990845570166
2024-10-31,1.2056641995899118,1.1898222948327688,1.2056641995899118,1.2099657266081032,1.2099657266081032,1.2056641995899118,1.2414952424740775,1.1361684543267427,1.2056641995899118,1.2336453595033237
2024-11-01,1.2175347552581055,1.2015368765470424,1.2175347552581055,1.221878633634117,1.221878633634117,1.2175347552581055,1.2537185782856566,1.1473547787528295,1.2175347552581055,1.2457914080629258
2024-11-04,1.2402466684335776,1.2239503650322063,1.2402466684335776,1.2446715775876385,1.2446715775876385,1.2402466684335776,1.2771054650858316,1.1687575535023462,1.2402466684335776,1.2690304213005201
2024-11-05,1.221608095154799,1.2055566945238607,1.221608095154799,1.225966506251966,1.225966506251966,1.221608095154799,1.2579129734617303,1.1511933270782653,1.221608095154799,1.2499592823872567
2024-11-06,1.2617181104871047,1.2451396816480484,1.2617181104871047,1.2662196247092634,1.2662196247092634,1.2617181104871047,1.2992150152968924,1.1889913591825845,1.2617181104871047,1.2910001744541661
2024-11-07,1.2415519135767303,1.225238459820186,1.2415519135767303,1.2459814795392545,1.2459814795392545,1.2415519135767303,1.2784495007103758,1.1699875629505143,1.2415519135767303,1.2703659586868112
2024-11-08,1.2341569426431558,1.2179406555979158,1.2341569426431558,1.2385601250842315,1.2385601250842315,1.2341569426431558,1.2708347591966196,1.1630188458746913,1.2341569426431558,1.2627993646227516
2024-11-11,1.2361109595249724,1.2198689975452472,1.2361109595249724,1.2405211134398748,1.2405211134398748,1.2361109595249724,1.2728468473579122,1.1648602311800667,1.2361109595249724,1.264798730498809
2024-11-12,1.2495905805251968,1.2331715021708454,1.2495905805251968,1.254048826565541,1.254048826565541,1.2495905805251968,1.2867270681920584,1.1775628727297986,1.2495905805251968,1.2785911877190255
2024-11-13,1.242078519665449,1.2257581465332568,1.242078519665449,1.246509964434957,1.246509964434957,1.242078519665449,1.2789917569654956,1.1704838149135914,1.242078519665449,1.2709047862955722
2024-11-14,1.219874330729974,1.2038457110117464,1.219874330729974,1.2242265561624102,1.2242265561624102,1.219874330729974,1.2561276834234893,1.149559498647936,1.219874330729974,1.2481852806064253
2024-11-15,1.2281081195094907,1.2119713113772088,1.2281081195094907,1.232489721168665,1.232489721168665,1.2281081195094907,1.2646061715471173,1.1573186832318842,1.2281081195094907,1.2566101598741652
2024-11-18,1.2292965294512845,1.2131441061277106,1.2292965294512845,1.233682371078333,1.233682371078333,1.2292965294512845,1.2658298997538167,1.1584385919818774,1.2292965294512845,1.2578261505375523
2024-11-19,1.2260076012708883,1.2098983930373906,1.2260076012708883,1.2303817087737638,1.2303817087737638,1.2260076012708883,1.2624432281663303,1.155339241061129,1.2260076012708883,1.2544608926250544
2024-11-20,1.2236100802086627,1.207532374362259,1.2236100802086627,1.227975633918841,1.227975633918841,1.2236100802086627,1.2599744553575358,1.1530799156200888,1.2236100802086627,1.2520077296848824
2024-11-21,1.1929358062950401,1.1772611471062375,1.1929358062950401,1.1971919213920061,1.1971919213920061,1.1929358062950401,1.2283885750244694,1.1241737389318454,1.1929358062950401,1.2206215645465748
2024-11-22,1.189803560307287,1.174170057472493,1.189803560307287,1.194048500285386,1.194048500285386,1.189803560307287,1.225163242055823,1.1212220388783087,1.189803560307287,1.217416625120714
2024-11-25,1.186863254120473,1.1712683856339363,1.186863254120473,1.1910977037758865,1.1910977037758865,1.186863254120473,1.222135553132499,1.1184512150148682,1.186863254120473,1.2144080800514354
2024-11-26,1.2005228288871077,1.1847484795114893,1.2005228288871077,1.2048060127007847,1.2048060127007847,1.2005228288871077,1.236201075765388,1.1313234376077315,1.2005228288871077,1.2283846674207701
2024-11-27,1.1901092635327977,1.1744717438901857,1.1901092635327977,1.194355294188288,1.194355294188288,1.1901092635327977,1.2254780304523016,1.1215101210502179,1.1901092635327977,1.2177294231333484
2024-11-28,1.1991493962568391,1.1833930931904058,1.1991493962568391,1.2034276799850951,1.2034276799850951,1.1991493962568391,1.234786826194971,1.1300291710705106,1.1991493962568391,1.2269793600462144
2024-11-29,1.2008219698819724,1.1850436899234014,1.2008219698819724,1.205106220960541,1.205106220960541,1.2008219698819724,1.2365091069087857,1.1316053358028313,1.2008219698819724,1.2286907509059373
2024-12-02,1.2066302734022332,1.1907756748541245,1.2066302734022332,1.2109352471451478,1.2109352471451478,1.2066302734022332,1.2424900269607386,1.1370788426342688,1.2066302734022332,1.234633854040951
2024-12-03,1.2110963954087577,1.1951831139541769,1.2110963954087577,1.21541730322725,1.21541730322725,1.2110963954087577,1.2470888773083684,1.141287532697981,1.2110963954087577,1.2392036261965798
2024-12-04,1.2040327445159347,1.1882122763709968,1.2040327445159347,1.208328450885157,1.208328450885157,1.2040327445159347,1.2398153023105205,1.1346310380292897,1.2040327445159347,1.2319760414776784
2024-12-05,1.2272347293796013,1.2111093972148874,1.2272347293796013,1.2316132149876868,1.2316132149876868,1.2272347293796013,1.263706825202214,1.1564956362224108,1.2272347293796013,1.2557165000299555
2024-12-06,1.2284933254814863,1.2123514559097726,1.2284933254814863,1.2328763014651998,1.2328763014651998,1.2284933254814863,1.2650028254261718,1.1576816855288319,1.2284933254814863,1.2570043057399596
2024-12-09,1.2450792813124274,1.2287194794734462,1.2450792813124274,1.2495214320955201,1.2495214320955201,1.2450792813124274,1.2820816980202179,1.1733116095212517,1.2450792813124274,1.2739751898806078
2024-12-10,1.2384451964868533,1.2221725636456688,1.2384451964868533,1.242863678411629,1.242863678411629,1.2384451964868533,1.275250455330984,1.167059920282483,1.2384451964868533,1.2671871406357147
2024-12-11,1.259962251472404,1.2434068938593874,1.259962251472404,1.2644575012015185,1.2644575012015185,1.259962251472404,1.2974069740413352,1.1873367097176442,1.259962251472404,1.2892035653102893
2024-12-12,1.2284018316746452,1.2122611642918781,1.2284018316746452,1.2327844812299205,1.2327844812299205,1.2284018316746452,1.2649086125218263,1.157595465520695,1.2284018316746452,1.2569106885368686
2024-12-13,1.2267761675057085,1.2106568606451664,1.2267761675057085,1.231153017072606,1.231153017072606,1.2267761675057085,1.2632346353627781,1.156063506334461,1.2267761675057085,1.2552472958120935
2024-12-16,1.2362030540396607,1.2199598819779474,1.2362030540396607,1.2406135365261861,1.2406135365261861,1.2362030540396607,1.2729416788224954,1.1649470172706216,1.2362030540396607,1.264892962351027
2024-12-17,1.240916274254675,1.224611172523182,1.240916274254675,1.2453435724052175,1.2453435724052175,1.240916274254675,1.2777949708715282,1.1693885625436884,1.240916274254675,1.2697155673919227
2024-12-18,1.235476535631524,1.2192429097066453,1.235476535631524,1.2398844260708086,1.2398844260708086,1.235476535631524,1.2721935690689021,1.1642623761432718,1.235476535631524,1.2641495828403004
2024-12-19,1.2282214275690444,1.212083130617994,1.2282214275690444,1.232603433484793,1.232603433484793,1.2282214275690444,1.2647228470002967,1.1574254600963951,1.2282214275690444,1.2567260975970482
2024-12-20,1.244383193655922,1.2280325381068948,1.244383193655922,1.2488228609615568,1.2488228609615568,1.244383193655922,1.281364923387455,1.172655645085187,1.244383193655922,1.2732629473610508
2024-12-23,1.2658225523191158,1.24919019289424,1.2658225523191158,1.2703387102268386,1.2703387102268386,1.2658225523191158,1.3034414367243392,1.1928592166952614,1.2658225523191158,1.2951998725302418
2024-12-24,1.2687930195687458,1.2521216294923263,1.2687930195687458,1.2733197754067507,1.2733197754067507,1.2687930195687458,1.3065001830648169,1.195658463106317,1.2687930195687458,1.298239278642913
2024-12-25,1.26165340866569,1.2450758299805085,1.26165340866569,1.2661546920469284,1.2661546920469284,1.26165340866569,1.2991483906069545,1.1889303868418162,1.26165340866569,1.2909339710272354
2024-12-26,1.2603947287093646,1.2438336885329937,1.2603947287093646,1.264891521415802,1.264891521415802,1.2603947287093646,1.2978523040364922,1.1877442585144122,1.2603947287093646,1.2896460795166895
2024-12-27,1.2697000436162467,1.2530167356371658,1.2697000436162467,1.2742300355032672,1.2742300355032672,1.2697000436162467,1.3074341628911772,1.196513205339218,1.2697000436162467,1.2991673529836274
2024-12-30,1.2580450358883055,1.2415148696566802,1.2580450358883055,1.2625334454419899,1.2625334454419899,1.2580450358883055,1.2954327808727353,1.1855300044447026,1.2580450358883055,1.2872418548196773
2024-12-31,1.2343262010000016,1.2181076899733485,1.2343262010000016,1.2387299873151865,1.2387299873151865,1.2343262010000016,1.2710090477297313,1.1631783480028495,1.2343262010000016,1.2629725511423067
2025-01-02,1.2255460072669648,1.2094428641785115,1.2255460072669648,1.2299184679107227,1.2299184679107227,1.2255460072669648,1.2619679160852206,1.1549042538182939,1.2255460072669648,1.2539885859072228
2025-01-03,1.2248345667635896,1.208740771694841,1.2248345667635896,1.2292044891545337,1.2292044891545337,1.2248345667635896,1.2612353323354966,1.1542338214895078,1.2248345667635896,1.253260634230587
2025-01-06,1.2242520320527548,1.2081658912374957,1.2242520320527548,1.228619876096512,1.228619876096512,1.2242520320527548,1.2606354853197823,1.1536848646885793,1.2242520320527548,1.252664580003369
2025-01-07,1.2268386919011869,1.2107185634972013,1.2268386919011869,1.2312157645404591,1.2312157645404591,1.2268386919011869,1.2632990179160222,1.156122426758401,1.2268386919011869,1.2553112712791963
2025-01-08,1.2280885316461694,1.2119519808899166,1.2280885316461694,1.2324700634204422,1.2324700634204422,1.2280885316461694,1.264586001553571,1.1573002244334882,1.2280885316461694,1.256590117414003
2025-01-09,1.2131551815217014,1.1972148485103709,1.2131551815217014,1.2174834346060583,1.2174834346060583,1.2131551815217014,1.2492088483296198,1.1432276482264416,1.2131551815217014,1.2413101927972197
2025-01-10,1.2024877305037391,1.18668756317294,1.2024877305037391,1.2067779246254224,1.2067779246254224,1.2024877305037391,1.238224372144103,1.1331750802404246,1.2024877305037391,1.2303951706455174
2025-01-13,1.2267308712526745,1.2106121595652553,1.2267308712526745,1.231107559213167,1.231107559213167,1.2267308712526745,1.263187992953836,1.1560208210048202,1.2267308712526745,1.255200948319668
2025-01-14,1.2218278495345756,1.2057735614263807,1.2218278495345756,1.226187044663815,1.226187044663815,1.2218278495345756,1.2581392587052473,1.1514004145857877,1.2218278495345756,1.250184136845848
2025-01-15,1.2195715833505758,1.2035469416016291,1.2195715833505758,1.2239227286513854,1.2239227286513854,1.2195715833505758,1.2558159387176888,1.149274201944078,1.2195715833505758,1.2478755070394372
2025-01-16,1.2224524047641692,1.2063899102710902,1.2224524047641692,1.2268138281599488,1.2268138281599488,1.2224524047641692,1.2587823750443294,1.1519889697988315,1.2224524047641692,1.2508231868076896
2025-01-17,1.244386358450621,1.2280356613175643,1.244386358450621,1.2488260370475006,1.2488260370475006,1.244386358450621,1.281368182236447,1.1726586274578104,1.244386358450621,1.2732661856045815
2025-01-20,1.2379124344581414,1.2216468018789868,1.2379124344581414,1.2423290156129831,1.2423290156129831,1.2379124344581414,1.2747018601879565,1.1665578672142316,1.2379124344581414,1.2666420142193682
2025-01-21,1.2071799553872473,1.1913181342562202,1.2071799553872473,1.2114868902665303,1.2114868902665303,1.2071799553872473,1.2430560449029653,1.1375968403748484,1.2071799553872473,1.235196293093422
2025-01-22,1.2213832050554985,1.2053347593829424,1.2213832050554985,1.2257408137975494,1.2257408137975494,1.2213832050554985,1.257681399870628,1.1509813998794622,1.2213832050554985,1.2497291730189144
2025-01-23,1.2248421054126537,1.2087482112893257,1.2248421054126537,1.2292120546997292,1.2292120546997292,1.2248421054126537,1.2612430950251003,1.1542409256029564,1.2248421054126537,1.2532683478372761
2025-01-24,1.2347833506904233,1.2185588329150772,1.2347833506904233,1.2391887680084575,1.2391887680084575,1.2347833506904233,1.2714797834171225,1.1636091471070604,1.2347833506904233,1.2634403104026208
2025-01-27,1.2095279646017922,1.193635291647879,1.2095279646017922,1.2138432766271154,1.2138432766271154,1.2095279646017922,1.2454738344252338,1.139809507882884,1.2095279646017922,1.2375987951106333
2025-02-05,1.2126719277428462,1.1967379444766109,1.2126719277428462,1.2169984566910903,1.2169984566910903,1.2126719277428462,1.248711232768371,1.142772249700752,1.2126719277428462,1.2408157236225106
2025-02-06,1.2277639388895387,1.2116316531413511,1.2277639388895387,1.2321443125930045,1.2321443125930045,1.2277639388895387,1.26425176224943,1.1569943415427857,1.2277639388895387,1.2562579914803622
2025-02-07,1.221907530707394,1.205852195623141,1.221907530707394,1.2262670101203654,1.2262670101203654,1.221907530707394,1.2582213079167959,1.1514755028524795,1.221907530707394,1.2502656672662755
2025-02-10,1.2159460567505334,1.1999690528489337,1.2159460567505334,1.2202842670229743,1.2202842670229743,1.2159460567505334,1.2520826653676573,1.1458576544885823,1.2159460567505334,1.2441658389018084
2025-02-11,1.2253430505841374,1.2092425742584862,1.2253430505841374,1.2297147871260643,1.2297147871260643,1.2253430505841374,1.2617589277481325,1.1547129957709024,1.2253430505841374,1.2537809189879965
2025-02-12,1.2305462458164709,1.2143774017617859,1.2305462458164709,1.2349365461383297,1.2349365461383297,1.2305462458164709,1.2671167563448538,1.1596162733889086,1.2305462458164709,1.2591048704291534
2025-02-13,1.2456839485272873,1.2293162016233112,1.2456839485272873,1.2501282566211493,1.2501282566211493,1.2456839485272873,1.2827043352941647,1.173881423085529,1.2456839485272873,1.2745938902649347
2025-02-14,1.2448185891809869,1.228462212723566,1.2448185891809869,1.2492598098757126,1.2492598098757126,1.2448185891809869,1.281813258399099,1.1730659439568814,1.2448185891809869,1.2737084475834408
2025-02-17,1.2529722816740811,1.2365087692330765,1.2529722816740811,1.2574425928307853,1.2574425928307853,1.2529722816740811,1.2902092698608445,1.1807496490881155,1.2529722816740811,1.2820513716831563
2025-02-18,1.2529364390879718,1.2364733976030058,1.2529364390879718,1.2574066223667373,1.2574066223667373,1.2529364390879718,1.2901723620716377,1.180715872506151,1.2529364390879718,1.282014697259182
2025-02-19,1.2433518205004366,1.227014716747427,1.2433518205004366,1.2477878081086105,1.2477878081086105,1.2433518205004366,1.2803028989314027,1.1716837213569213,1.2433518205004366,1.272207638007407
2025-02-20,1.2455049865729313,1.2291395911514305,1.2455049865729313,1.2499486561725242,1.2499486561725242,1.2455049865729313,1.2825200547830635,1.1737127766853679,1.2455049865729313,1.2744107749459315
2025-02-21,1.2379489707034925,1.2216828580539174,1.2379489707034925,1.2423656822110865,1.2423656822110865,1.2379489707034925,1.2747394822512113,1.1665922974721934,1.2379489707034925,1.2666793984010882
2025-02-24,1.218587442461779,1.2025757318973471,1.218587442461779,1.222935076578775,1.222935076578775,1.218587442461779,1.2548025502204763,1.1483467879652567,1.218587442461779,1.2468685261230472
2025-02-25,1.2264267829118953,1.2103120668134086,1.2264267829118953,1.2308023859565267,1.2308023859565267,1.2264267829118953,1.2628748674347259,1.1557342606339975,1.2264267829118953,1.2548898026701505
2025-02-26,1.2454644890440467,1.229099625742514,1.2454644890440467,1.249908014157957,1.249908014157957,1.2454644890440467,1.2824783537111903,1.1736746134763978,1.2454644890440467,1.2743693375468639
2025-02-27,1.2408551988568028,1.224550899629553,1.2408551988568028,1.2452822791046534,1.2452822791046534,1.2408551988568028,1.2777320803785392,1.169331007595618,1.2408551988568028,1.269653074550889
2025-02-28,1.238811885596811,1.2225344346197333,1.238811885596811,1.2432316757823065,1.2432316757823065,1.238811885596811,1.2756280420467827,1.1674054730486856,1.238811885596811,1.2675623398985225
2025-03-03,1.2282552257376673,1.2121164846933377,1.2282552257376673,1.2326373522373524,1.2326373522373524,1.2282552257376673,1.2647576496141286,1.157457310103235,1.2282552257376673,1.2567606801565168
2025-03-04,1.2322396025624192,1.2160485085344017,1.2322396025624192,1.2366359443838897,1.2366359443838897,1.2322396025624192,1.2688604378314747,1.1612120232812273,1.2322396025624192,1.2608375267461722
2025-03-05,1.2364122443710825,1.220166323639128,1.2364122443710825,1.2408234731996346,1.2408234731996346,1.2364122443710825,1.2731570860655073,1.165144149652584,1.2364122443710825,1.265107007589908
2025-03-06,1.2353400347146948,1.2191082023526711,1.2353400347146948,1.2397474381507307,1.2397474381507307,1.2353400347146948,1.2720530114916808,1.164133743282032,1.2353400347146948,1.2640099139982868
2025-03-07,1.2295922904158327,1.2134359809214383,1.2295922904158327,1.2339791872486174,1.2339791872486174,1.2295922904158327,1.2661344504160332,1.1587173049751431,1.2295922904158327,1.2581287755483648
2025-03-10,1.2331173230221517,1.2169146961279091,1.2331173230221517,1.2375167963443117,1.2375167963443117,1.2331173230221517,1.2697642431989653,1.1620391510158028,1.2331173230221517,1.2617356174188976
2025-03-11,1.233698874068087,1.2174886058452852,1.233698874068087,1.2381004222279484,1.2381004222279484,1.233698874068087,1.2703630773163173,1.162587180851305,1.233698874068087,1.2623306651522352
2025-03-12,1.2336488400881842,1.2174392292901817,1.2336488400881842,1.2380502097385433,1.2380502097385433,1.2336488400881842,1.2703115563803615,1.162540030882326,1.2336488400881842,1.2622794699793625
2025-03-13,1.2735347542468973,1.2568010598330184,1.2735347542468973,1.2780784274818344,1.2780784274818344,1.2735347542468973,1.3113828369961538,1.2001268792390476,1.2735347542468973,1.3030910599130943
2025-03-14,1.26294384983018,1.246349315307686,1.26294384983018,1.267449737202759,1.267449737202759,1.26294384983018,1.3004771822945174,1.1901464456281325,1.26294384983018,1.2922543608628356
2025-03-17,1.2747333740019091,1.25798393024422,1.2747333740019091,1.2792813236309388,1.2792813236309388,1.2747333740019091,1.3126170784407356,1.201256409297948,1.2747333740019091,1.304317497339935
2025-03-18,1.292246517665386,1.2752669587943763,1.292246517665386,1.2968569500824652,1.2968569500824652,1.292246517665386,1.3306506938921745,1.2177600770466483,1.292246517665386,1.3222370875692142
2025-03-19,1.278147644708164,1.2613533389139626,1.278147644708164,1.2827077756540939,1.2827077756540939,1.278147644708164,1.316132817599098,1.2044738778702904,1.278147644708164,1.3078110067385653
2025-03-20,1.260519896463631,1.2439572116372477,1.260519896463631,1.2650171357392521,1.2650171357392521,1.260519896463631,1.2979811916417525,1.1878622114684312,1.260519896463631,1.2897741521751158
2025-03-21,1.2699359088148792,1.2532495016693697,1.2699359088148792,1.2744667422135953,1.2744667422135953,1.2699359088148792,1.3076770377497549,1.1967354750211499,1.2699359088148792,1.2994086921623644
2025-03-24,1.2742318095688114,1.2574889561502742,1.2742318095688114,1.2787779697336097,1.2787779697336097,1.2742318095688114,1.3121006080522999,1.2007837555632748,1.2742318095688114,1.3038042925557227
2025-03-25,1.2665378923290773,1.249896133646672,1.2665378923290773,1.2710566024021388,1.2710566024021388,1.2665378923290773,1.3041780358697899,1.1935333237589965,1.2665378923290773,1.2959318142135534
2025-03-26,1.272063177377847,1.2553488188458912,1.272063177377847,1.2766016003717437,1.2766016003717437,1.272063177377847,1.3098675264457678,1.1987401255996006,1.272063177377847,1.301585330559702
2025-03-27,1.2667778839143922,1.250132971846626,1.2667778839143922,1.2712974502211285,1.2712974502211285,1.2667778839143922,1.3044251597468226,1.1937594819783675,1.2667778839143922,1.2961773755445145
2025-03-28,1.2621899373502314,1.2456053089107966,1.2621899373502314,1.2666931349399482,1.2666931349399482,1.2621899373502314,1.29970086434677,1.1894359894519169,1.2621899373502314,1.2914829515162891
2025-03-31,1.2442989887541727,1.2279494396210404,1.2442989887541727,1.2487383556364724,1.2487383556364724,1.2442989887541727,1.2812782160066183,1.1725762938420303,1.2442989887541727,1.2731767882245968
2025-04-01,1.2505882801234047,1.2341560924289756,1.2505882801234047,1.2550500857218572,1.2550500857218572,1.2505882801234047,1.2877544183489378,1.1785030638798415,1.2505882801234047,1.2796120420165369
2025-04-02,1.2377999702074691,1.2215358153597995,1.2377999702074691,1.2422161501162485,1.2422161501162485,1.2377999702074691,1.2745860536207505,1.1664518855205754,1.2377999702074691,1.2665269398885561
2025-04-03,1.1364089202217325,1.1214769998035559,1.1364089202217325,1.1404633606502612,1.1404633606502612,1.1364089202217325,1.170181770712161,1.0709051216836443,1.1364089202217325,1.1627827975704732
2025-04-07,1.1765578408741604,1.1610983810488302,1.1765578408741604,1.180755523232736,1.180755523232736,1.1765578408741604,1.2115238740917025,1.1087398165647493,1.1765578408741604,1.2038634978755678
2025-04-08,1.1597820368385896,1.14454300380361,1.1597820368385896,1.16391986706393,1.16391986706393,1.1597820368385896,1.1942495112086355,1.0929309874167445,1.1597820368385896,1.1866983595165967
2025-04-09,1.176202424276427,1.1607476344710679,1.176202424276427,1.180398838591962,1.180398838591962,1.176202424276427,1.2111578948950634,1.108404886551379,1.176202424276427,1.2034998327384316
2025-04-10,1.18567133401623,1.1700921268429976,1.18567133401623,1.1899015311803327,1.1899015311803327,1.18567133401623,1.2209082104450981,1.1173279984318598,1.18567133401623,1.2131884977614429
2025-04-11,1.1845921947931592,1.169027167041359,1.1845921947931592,1.1888185418416775,1.1888185418416775,1.1845921947931592,1.219797000365322,1.1163110619220948,1.1845921947931592,1.2120843137811506
2025-04-14,1.2040005292883202,1.188180484437504,1.2040005292883202,1.2082961207211682,1.2082961207211682,1.2040005292883202,1.239782129681,1.134600679721084,1.2040005292883202,1.2319430785962522
2025-04-15,1.203168530731926,1.1873594179813518,1.203168530731926,1.2074611537891096,1.2074611537891096,1.203168530731926,1.2389254050226248,1.1338166384315258,1.203168530731926,1.2310917709447864
2025-04-16,1.2111380097391065,1.195224181490271,1.2111380097391065,1.2154590660277669,1.2154590660277669,1.2111380097391065,1.2471317283718433,1.141326748334812,1.2111380097391065,1.2392462063159382
2025-04-17,1.214089773179196,1.1981371600387636,1.214089773179196,1.218421360667334,1.218421360667334,1.214089773179196,1.2501712150456836,1.1441083690434681,1.214089773179196,1.2422664745394256
2025-04-18,1.210583381461542,1.1946768407877644,1.210583381461542,1.2149024589666226,1.2149024589666226,1.210583381461542,1.2465606171385728,1.1408040894111575,1.210583381461542,1.238678706176928
2025-04-21,1.2197449440610233,1.2037180244275179,1.2197449440610233,1.224096707872178,1.224096707872178,1.2197449440610233,1.2559944515219386,1.1494375699618868,1.2197449440610233,1.2480528911203752
2025-04-22,1.2219890528020176,1.2059326465527933,1.2219890528020176,1.2263488230666977,1.2263488230666977,1.2219890528020176,1.2583052527603653,1.1515523259283194,1.2219890528020176,1.2503490813327829
2025-04-23,1.2322854782796155,1.216093781464568,1.2322854782796155,1.2366819837748828,1.2366819837748828,1.2322854782796155,1.26890767692563,1.161255254674111,1.2322854782796155,1.2608844671510155
2025-04-24,1.2266412841768422,1.210523749624751,1.2266412841768422,1.2310176525116652,1.2310176525116652,1.2266412841768422,1.2630957434464931,1.1559363978217225,1.2266412841768422,1.2551092820991654
2025-04-25,1.2300886902846675,1.2139258583112562,1.2300886902846675,1.23447735815573,1.23447735815573,1.2300886902846675,1.2666456027549116,1.159185091836438,1.2300886902846675,1.2586366959086561
2025-04-28,1.2313940686820442,1.215214084602557,1.2313940686820442,1.2357873938369899,1.2357873938369899,1.2313940686820442,1.267989775593852,1.1604152268579169,1.2313940686820442,1.2599723696417464
2025-04-29,1.230645972643496,1.2144758182215503,1.230645972643496,1.2350366287672778,1.2350366287672778,1.230645972643496,1.267219446945886,1.1597102518573368,1.230645972643496,1.2592069117250797
2025-04-30,1.2392711963653364,1.2229877102439366,1.2392711963653364,1.243692625263901,1.243692625263901,1.2392711963653364,1.2761010030371938,1.1678383086641981,1.2392711963653364,1.2680323103914295
2025-05-06,1.2555487667015504,1.2390514003645552,1.2555487667015504,1.2600282701523953,1.2600282701523953,1.2555487667015504,1.2928623252513893,1.1831776228242947,1.2555487667015504,1.2846876519998884
2025-05-07,1.275874193659541,1.259109760026257,1.275874193659541,1.2804262134654754,1.2804262134654754,1.275874193659541,1.313791802031228,1.2023314709175252,1.275874193659541,1.3054847932396945
2025-05-08,1.2909137792515837,1.2739517319854017,1.2909137792515837,1.2955194567706594,1.2955194567706594,1.2909137792515837,1.3292783479265555,1.2165041590687018,1.2909137792515837,1.3208734188460507
2025-05-09,1.303713031844352,1.286582807949382,1.303713031844352,1.3083643740940045,1.3083643740940045,1.303713031844352,1.3424579805361583,1.2285656493574648,1.303713031844352,1.3339697176094625
2025-05-12,1.3173446398392459,1.3000353025264475,1.3173446398392459,1.3220446164682815,1.3220446164682815,1.3173446398392459,1.3564947052549388,1.2414115172125564,1.3173446398392459,1.3479176891517786
2025-05-13,1.3343178255791837,1.3167854679660322,1.3343178255791837,1.3390783585530703,1.3390783585530703,1.3343178255791837,1.373972315814271,1.2574063507770803,1.3343178255791837,1.365284790066929
2025-05-14,1.3312690298295589,1.3137767320704747,1.3312690298295589,1.3360186854154512,1.3360186854154512,1.3312690298295589,1.3708329131350492,1.25453329080268,1.3312690298295589,1.3621652375996023
2025-05-15,1.3230495205766224,1.3056652236048052,1.3230495205766224,1.3277698508817775,1.3277698508817775,1.3230495205766224,1.3623691289101685,1.2467875626584672,1.3230495205766224,1.353754969258941
2025-05-16,1.3188269792337644,1.301498164624125,1.3188269792337644,1.3235322445020063,1.3235322445020063,1.3188269792337644,1.3580210981814702,1.2428084130142483,1.3188269792337644,1.3494344308082684
2025-05-19,1.3342144982446547,1.316683498307872,1.3342144982446547,1.3389746625708523,1.3389746625708523,1.3342144982446547,1.3738659177025256,1.257308979338166,1.3342144982446547,1.3651790647026072
2025-05-20,1.3477692546686577,1.330060151110362,1.3477692546686577,1.3525777791858626,1.3525777791858626,1.3477692546686577,1.3878235069044098,1.2700824254272787,1.3477692546686577,1.3790484010960713
2025-05-21,1.3515044354134187,1.3337462531998645,1.3515044354134187,1.3563262861792564,1.3563262861792564,1.3515044354134187,1.391669693202368,1.2736023064479223,1.3515044354134187,1.3828702682413743
2025-05-22,1.3379415572667726,1.3203615853906447,1.3379415572667726,1.3427150188652017,1.3427150188652017,1.3379415572667726,1.3777037409089814,1.2608212067807527,1.3379415572667726,1.3689926216356194
2025-05-23,1.3148896398275176,1.2976125601502844,1.3148896398275176,1.3195808575924486,1.3195808575924486,1.3148896398275176,1.3539667452841015,1.2390980259687703,1.3148896398275176,1.34540571328563
2025-05-26,1.31749643159769,1.3001850998070086,1.31749643159769,1.32219694978411,1.32219694978411,1.31749643159769,1.3566510081011367,1.2415545595353106,1.31749643159769,1.3480730037065936
2025-05-27,1.3206583162999928,1.303305438715446,1.3206583162999928,1.3253701153492599,1.3253701153492599,1.3206583162999928,1.359906860615042,1.244534189896896,1.3206583162999928,1.3513082697048766
2025-05-28,1.3151474384863486,1.2978669714465303,1.3151474384863486,1.3198395760164154,1.3198395760164154,1.3151474384863486,1.3542322054417175,1.2393409648433187,1.3151474384863486,1.345669494958223
2025-05-29,1.3164106388270025,1.2991135738824835,1.3164106388270025,1.321107283159541,1.321107283159541,1.3164106388270025,1.355532946737467,1.2405313529953712,1.3164106388270025,1.3469620117625711
2025-05-30,1.3146926919066466,1.2974182000396888,1.3146926919066466,1.3193832070075995,1.3193832070075995,1.3146926919066466,1.353763944282911,1.2389124303320127,1.3146926919066466,1.3452041945802322
2025-06-03,1.3105459107741455,1.2933259058130542,1.3105459107741455,1.3152216311328424,1.3152216311328424,1.3105459107741455,1.349493925276514,1.2350046740004008,1.3105459107741455,1.3409611745894867
2025-06-04,1.305119875247425,1.2879711660402031,1.305119875247425,1.3097762367842976,1.3097762367842976,1.305119875247425,1.3439066338116017,1.2298914008356068,1.305119875247425,1.3354092111569524
2025-06-05,1.3033810988639376,1.28625523642439,1.3033810988639376,1.3080312568545867,1.3080312568545867,1.3033810988639376,1.3421161828646797,1.2282528493411538,1.3033810988639376,1.3336300810994848
2025-06-06,1.294951209396923,1.277936112049426,1.294951209396923,1.2995712915195856,1.2995712915195856,1.294951209396923,1.3334357661520986,1.2203088675184033,1.294951209396923,1.3250045500223857
2025-06-09,1.2924311547511353,1.2754491698288848,1.2924311547511353,1.2970422459100206,1.2970422459100206,1.2924311547511353,1.3308408181934677,1.2179340714576947,1.2924311547511353,1.3224260097285558
2025-06-10,1.3039087749449707,1.2867759790705402,1.3039087749449707,1.3085608155600852,1.3085608155600852,1.3039087749449707,1.3426595409111346,1.2287501096210696,1.3039087749449707,1.3341700035330353
2025-06-11,1.3070229925325576,1.2898492771894787,1.3070229925325576,1.3116861439454366,1.3116861439454366,1.3070229925325576,1.345866309694958,1.2316848204502782,1.3070229925325576,1.337356496154046
2025-06-12,1.2913747915890739,1.2744066868206902,1.2913747915890739,1.2959821138920171,1.2959821138920171,1.2913747915890739,1.3297530610547301,1.2169385981729646,1.2913747915890739,1.3213451303980832
2025-06-13,1.2982969846629788,1.281237925279351,1.2982969846629788,1.3029290037268797,1.3029290037268797,1.2982969846629788,1.3368809742594707,1.223461788799347,1.2982969846629788,1.328427974332666
2025-06-16,1.300288242543217,1.283203018894534,1.300288242543217,1.30492736594809,1.30492736594809,1.300288242543217,1.338931410181592,1.2253382684930507,1.300288242543217,1.3304654454994846
2025-06-17,1.3048612448099597,1.2877159338945332,1.3048612448099597,1.309516683614105,1.309516683614105,1.3048612448099597,1.3436403171557854,1.2296476781270143,1.3048612448099597,1.3351445784017342
2025-06-18,1.2957533421289211,1.278727705105163,1.2957533421289211,1.3003762860729928,1.3003762860729928,1.2957533421289211,1.3342617374059078,1.2210647644809147,1.2957533421289211,1.3258252987207975
2025-06-19,1.307632130190339,1.290450411042584,1.307632130190339,1.3122974548634787,1.3122974548634787,1.307632130190339,1.3464935502685809,1.2322588467764717,1.307632130190339,1.337979770731724
2025-06-20,1.3110010559958891,1.2937750706239537,1.3110010559958891,1.3156784002059612,1.3156784002059612,1.3110010559958891,1.3499625969245745,1.2354335841756043,1.3110010559958891,1.3414268828612386
2025-06-23,1.3257441736737041,1.308324470128703,1.3257441736737041,1.3304741178689503,1.3304741178689503,1.3257441736737041,1.365143864198222,1.2493268931331547,1.3257441736737041,1.356512160100153
2025-06-24,1.3432437548839615,1.325594114430394,1.3432437548839615,1.348036133479606,1.348036133479606,1.3432437548839615,1.3831635141349234,1.265817780182622,1.3432437548839615,1.3744178731176158
2025-06-25,1.3545575780128587,1.3367592788295153,1.3545575780128587,1.3593903216752312,1.3593903216752312,1.3545575780128587,1.3948135719151051,1.2764794627151692,1.3545575780128587,1.3859942684405862
2025-06-26,1.339681464909598,1.3220786314015385,1.339681464909598,1.3444611340903188,1.3444611340903188,1.339681464909598,1.3794953567350523,1.2624608243275732,1.339681464909598,1.370772909206791
2025-06-27,1.345953763303271,1.3282685145142443,1.345953763303271,1.350755810573194,1.350755810573194,1.345953763303271,1.385954061088861,1.2683715808827063,1.345953763303271,1.377190775648713
2025-06-30,1.3555092656627596,1.3376984617163872,1.3555092656627596,1.3603454047234032,1.3603454047234032,1.3555092656627596,1.3957935426980768,1.2773762940937219,1.3555092656627596,1.386968042940481
2025-07-01,1.3576622150977458,1.3398231223294048,1.3576622150977458,1.3625060353768965,1.3625060353768965,1.3576622150977458,1.3980104754739955,1.2794051452718724,1.3576622150977458,1.3891709582137546
2025-07-02,1.3743719079651966,1.3563132570785859,1.3743719079651966,1.3792753445084445,1.3792753445084445,1.3743719079651966,1.4152167624361525,1.2951516739686222,1.3743719079651966,1.4062684510908492
2025-07-03,1.3956356824890668,1.3772976348260575,1.3956356824890668,1.400614983191385,1.400614983191385,1.3956356824890668,1.4371124734619964,1.3151897822927767,1.3956356824890668,1.428025717148695
2025-07-04,1.3887910628399882,1.37054295051106,1.3887910628399882,1.39374594354513,1.39374594354513,1.3887910628399882,1.43006443908081,1.3087396936778928,1.3887910628399882,1.4210222469697489
2025-07-07,1.3817118193465825,1.363556725207307,1.3817118193465825,1.3866414429717133,1.3866414429717133,1.3817118193465825,1.4227748080870655,1.3020685051824217,1.3817118193465825,1.4137787077758301
2025-07-08,1.390906437440747,1.3726305300068777,1.390906437440747,1.3958688653062021,1.3958688653062021,1.390906437440747,1.4322426803388533,1.3107331358745535,1.390906437440747,1.4231867153687647
2025-07-09,1.401592767812504,1.3831764466315812,1.401592767812504,1.406593321997738,1.406593321997738,1.401592767812504,1.4432465969522479,1.3208034949886698,1.401592767812504,1.4341210550279513
2025-07-10,1.3900820850178883,1.3718170092173825,1.3900820850178883,1.39504157178729,1.39504157178729,1.3900820850178883,1.4313938290488764,1.3099562999873982,1.3900820850178883,1.4223432313029687
2025-07-11,1.3969642582686006,1.3786087536959732,1.3969642582686006,1.4019482990176195,1.4019482990176195,1.3969642582686006,1.4384805330843349,1.3164417775750468,1.3969642582686006,1.4293851266308113
2025-07-14,1.3846063834809261,1.3664132560241273,1.3846063834809261,1.3895463342318306,1.3895463342318306,1.3846063834809261,1.425755395553332,1.30479622361313,1.3846063834809261,1.416740449207095
2025-07-15,1.3768384503369242,1.358747390153143,1.3768384503369242,1.3817506869247094,1.3817506869247094,1.3768384503369242,1.4177566077935102,1.2974760422587064,1.3768384503369242,1.4087922371930952
2025-07-16,1.3760744203466309,1.3579933991856075,1.3760744203466309,1.3809839310546503,1.3809839310546503,1.3760744203466309,1.4169698716538957,1.2967560517560224,1.3760744203466309,1.4080104755281413
2025-07-17,1.390115287814307,1.3718497757434545,1.390115287814307,1.395074893043497,1.395074893043497,1.390115287814307,1.4314280185966828,1.3099875889399102,1.390115287814307,1.4223772046727832
2025-07-18,1.39752487729713,1.3791620064335752,1.39752487729713,1.4025109182033229,1.4025109182033229,1.39752487729713,1.4390578131072436,1.3169700819365158,1.39752487729713,1.4299587565546574
2025-07-21,1.4036529017274837,1.385209511280277,1.4036529017274837,1.408660805987224,1.408660805987224,1.4036529017274837,1.4453679558307622,1.322744880630447,1.4036529017274837,1.4362290007105345
2025-07-22,1.410504912013047,1.3919714891220007,1.410504912013047,1.4155372626380212,1.4155372626380212,1.410504912013047,1.4524236004901987,1.3292019338778,1.410504912013047,1.4432400330485018
2025-07-23,1.401711382078237,1.3832935023572985,1.401711382078237,1.4067123594513447,1.4067123594513447,1.401711382078237,1.4433687363063459,1.3209152722040873,1.401711382078237,1.4342424221039105
2025-07-24,1.3893521662489943,1.371096681264589,1.3893521662489943,1.3943090488394658,1.3943090488394658,1.3893521662489943,1.4306422178794622,1.3092684544996407,1.3893521662489943,1.4215963725156162
2025-07-25,1.3891691556484846,1.3709160753440093,1.3891691556484846,1.3941253853000675,1.3941253853000675,1.3891691556484846,1.4304537684007994,1.309095992821524,1.3891691556484846,1.421409114589126
2025-07-28,1.3827272215468196,1.364558785462953,1.3827272215468196,1.38766046788879,1.38766046788879,1.3827272215468196,1.4238203869482615,1.3030253785380004,1.3827272215468196,1.4148176755189037
2025-07-29,1.3795245327906327,1.3613981786482052,1.3795245327906327,1.3844463526904642,1.3844463526904642,1.3795245327906327,1.4205225177278902,1.3000072961108666,1.3795245327906327,1.4115406584826946
2025-07-30,1.3458084521286935,1.3281251126654878,1.3458084521286935,1.3506099809624352,1.3506099809624352,1.3458084521286935,1.3858044314225098,1.2682346455961868,1.3458084521286935,1.3770420920797206
2025-07-31,1.3492511477474192,1.3315225727566775,1.3492511477474192,1.3540649593114804,1.3540649593114804,1.3492511477474192,1.3893494402511604,1.2714789006393201,1.3492511477474192,1.3805646860786698
2025-08-01,1.35887625522949,1.3410212105002755,1.35887625522949,1.36372440691902,1.36372440691902,1.35887625522949,1.399260595572316,1.280549206860864,1.35887625522949,1.3904131738947765
2025-08-04,1.378787758686313,1.3606710854361208,1.378787758686313,1.3837069499489858,1.3837069499489858,1.378787758686313,1.4197638474898566,1.299312990436386,1.378787758686313,1.4107867852606935
2025-08-05,1.3791700645855112,1.361048368001587,1.3791700645855112,1.3840906198259442,1.3840906198259442,1.3791700645855112,1.4201575151090706,1.2996732598237657,1.3791700645855112,1.4111779637485484
2025-08-06,1.3789805578107133,1.360861351263632,1.3789805578107133,1.3839004369354317,1.3839004369354317,1.3789805578107133,1.4199623763968088,1.29949467641764,1.3789805578107133,1.4109840588839906
2025-08-07,1.382853167234136,1.3646830762785533,1.382853167234136,1.3877868629207724,1.3877868629207724,1.382853167234136,1.4239500756059045,1.303144064584194,1.382853167234136,1.4149465441647173
2025-08-08,1.382477121972368,1.3643119720884562,1.382477121972368,1.3874094760177296,1.3874094760177296,1.382477121972368,1.4235628546835293,1.3027896949645559,1.382477121972368,1.414561771611712
2025-08-11,1.380021132852555,1.3618882536006598,1.380021132852555,1.3849447245049062,1.3849447245049062,1.380021132852555,1.4210338762093795,1.3004752716259094,1.380021132852555,1.412048783682172
2025-08-12,1.3845599560524462,1.3663674386319244,1.3845599560524462,1.3894997411611776,1.3894997411611776,1.3845599560524462,1.4257075883516266,1.3047524723101769,1.3845599560524462,1.416692944286805
2025-08-13,1.3940449581754346,1.3757278119401029,1.3940449581754346,1.399018583546582,1.399018583546582,1.3940449581754346,1.435474474533162,1.3136907489920482,1.3940449581754346,1.4263980751664347
2025-08-14,1.3850418652503225,1.366843015751916,1.3850418652503225,1.389983369698017,1.389983369698017,1.3850418652503225,1.4262038193723963,1.3052066037579406,1.3850418652503225,1.4171860376753824
2025-08-15,1.3878986281858907,1.3696622420613205,1.3878986281858907,1.3928503248935498,1.3928503248935498,1.3878986281858907,1.4291454822289285,1.3078986998905011,1.3878986281858907,1.420109100614353
2025-08-18,1.3885543755872776,1.3703093732262122,1.3885543755872776,1.393508411847828,1.393508411847828,1.3885543755872776,1.4298207177375912,1.3085166493259375,1.3885543755872776,1.4207800666586317
2025-08-19,1.3924456137726715,1.3741494822292506,1.3924456137726715,1.3974135330581923,1.3974135330581923,1.3924456137726715,1.433827599335422,1.3121835924731422,1.3924456137726715,1.4247616130392624
2025-08-20,1.3938616756573994,1.3755469376748757,1.3938616756573994,1.39883464711952,1.39883464711952,1.3938616756573994,1.4352857450558776,1.3135180310700165,1.3938616756573994,1.4262105390117332
2025-08-21,1.4072867550002253,1.3887956172968021,1.4072867550002253,1.4123076239959498,1.4123076239959498,1.4072867550002253,1.4491098033132468,1.3261692748005185,1.4072867550002253,1.4399471887670088
2025-08-22,1.4330553614567665,1.4142256354388294,1.4330553614567665,1.4381681667950743,1.4381681667950743,1.4330553614567665,1.4756442250302257,1.3504525518339088,1.4330553614567665,1.4663138352899727
2025-08-25,1.429506007335452,1.4107229182915233,1.429506007335452,1.4346061494109248,1.4346061494109248,1.429506007335452,1.471989387923039,1.3471077861958116,1.429506007335452,1.4626821074486027
2025-08-26,1.393743546379865,1.3754303605648224,1.393743546379865,1.3987160963844365,1.3987160963844365,1.393743546379865,1.4351641051033055,1.3134067108875707,1.393743546379865,1.4260896681796216
2025-08-27,1.3984467841584174,1.3800717998384813,1.3984467841584174,1.4034361142120142,1.4034361142120142,1.3984467841584174,1.440007118048604,1.317838849122252,1.3984467841584174,1.430902059110799
2025-08-28,1.4304803747875303,1.411684482977807,1.4304803747875303,1.4355839931774879,1.4355839931774879,1.4304803747875303,1.4729927125275086,1.348025990089027,1.4304803747875303,1.4636790881055024
2025-08-29,1.421892572403567,1.4032095205931454,1.421892572403567,1.4269655515292965,1.4269655515292965,1.421892572403567,1.4641496898959794,1.3399331976149949,1.421892572403567,1.4548919792547035
2025-09-01,1.4400055002215353,1.4210844523940944,1.4400055002215353,1.4451431020244696,1.4451431020244696,1.4400055002215353,1.4828009144416967,1.3570020773323097,1.4400055002215353,1.4734252734814506
2025-09-02,1.4369476087214146,1.4180667402622582,1.4369476087214146,1.4420743006848507,1.4420743006848507,1.4369476087214146,1.47965214569606,1.354120445895984,1.4369476087214146,1.4702964141686572
2025-09-03,1.4300165984080302,1.411226800418821,1.4300165984080302,1.4351185621526665,1.4351185621526665,1.4300165984080302,1.4725151532129688,1.347588946265026,1.4300165984080302,1.463204548363332
2025-09-04,1.452782465994505,1.433693534377424,1.452782465994505,1.4579656530138716,1.4579656530138716,1.452782465994505,1.495957597891194,1.3690425654368734,1.452782465994505,1.4864987681906061
2025-09-05,1.4570595662944341,1.4379144354341382,1.4570595662944341,1.4622580130042735,1.4622580130042735,1.4570595662944341,1.5003618090104698,1.373073129202824,1.4570595662944341,1.4908751318073847
2025-09-08,1.4645382208167217,1.4452948236790544,1.4645382208167217,1.469763349611422,1.469763349611422,1.4645382208167217,1.5080627210991635,1.380120706257796,1.4645382208167217,1.4985273515961839
2025-09-09,1.4630520925582233,1.4438282225014265,1.4630520925582233,1.4682719191959395,1.4682719191959395,1.4630520925582233,1.5065324267076907,1.378720239986206,1.4630520925582233,1.4970067331434282
2025-09-10,1.4748737422476037,1.4554945408402409,1.4748737422476037,1.4801357457580808,1.4801357457580808,1.4748737422476037,1.5187054031073823,1.3898604774252408,1.4748737422476037,1.5091027407099948
2025-09-11,1.4551910244804622,1.4360704454493256,1.4551910244804622,1.4603828046714649,1.4603828046714649,1.4551910244804622,1.498437736144079,1.371312292092999,1.4551910244804622,1.4889632247120026
2025-09-12,1.475089056748476,1.455707026201941,1.475089056748476,1.4803518284505799,1.4803518284505799,1.475089056748476,1.518927116523572,1.390063380973122,1.475089056748476,1.5093230522485852
2025-09-15,1.461608743445348,1.4424038383699989,1.461608743445348,1.4668234205520356,1.4668234205520356,1.461608743445348,1.5050461828120245,1.3773600870255496,1.461608743445348,1.4955298866584388
2025-09-16,1.4752107486803236,1.4558271191545746,1.4752107486803236,1.4804739545506918,1.4804739545506918,1.4752107486803236,1.5190524250087105,1.390178058454761,1.4752107486803236,1.5094475684174022
2025-09-17,1.4482620856359354,1.4292325498565437,1.4482620856359354,1.4534291449986534,1.4534291449986534,1.4482620856359354,1.4913028766916712,1.3647827445292675,1.4482620856359354,1.4818734784503649
2025-09-18,1.454579044519001,1.4354665066391783,1.454579044519001,1.4597686413090702,1.4597686413090702,1.454579044519001,1.4978075687965688,1.370735587296482,1.454579044519001,1.488337041866213
2025-09-19,1.4400979850938036,1.4211757220552466,1.4400979850938036,1.4452359168610658,1.4452359168610658,1.4400979850938036,1.4828961478648683,1.3570892312798262,1.4400979850938036,1.473519904750702
2025-09-22,1.4400943893985145,1.4211721736058343,1.4400943893985145,1.4452323083371794,1.4452323083371794,1.4400943893985145,1.4828924453093837,1.3570858428441737,1.4400943893985145,1.4735162256062029
2025-09-23,1.4436836957696193,1.424714318047693,1.4436836957696193,1.4488344205113735,1.4488344205113735,1.4436836957696193,1.4865884220042413,1.3604682578426037,1.4436836957696193,1.4771888329126612
2025-09-24,1.4514368179892476,1.4323655676034275,1.4514368179892476,1.4566152040522176,1.4566152040522176,1.4514368179892476,1.4945719586749517,1.367774481989823,1.4514368179892476,1.4851218902690628
2025-09-25,1.4426029874611455,1.4236478097777534,1.4426029874611455,1.4477498564891869,1.4477498564891869,1.4426029874611455,1.4854755962075323,1.3594498426911592,1.4426029874611455,1.476083043431495
2025-09-26,1.4537836140796174,1.4346815278108371,1.4537836140796174,1.458970372960485,1.458970372960485,1.4537836140796174,1.4969884990203,1.3699860062994296,1.4537836140796174,1.4875231510078075
2025-09-29,1.4444805485035765,1.4255007004822744,1.4444805485035765,1.4496341162289457,1.4496341162289457,1.4444805485035765,1.4874089563441488,1.3612191791516832,1.4444805485035765,1.4780041790743772
2025-09-30,1.4477448154920505,1.42872207641804,1.4477448154920505,1.4529100293562454,1.4529100293562454,1.4477448154920505,1.4907702338356212,1.3642952903774008,1.4477448154920505,1.4813442034558597
2025-10-09,1.4288501954768296,1.4100757235163364,1.4288501954768296,1.433947997769443,1.433947997769443,1.4288501954768296,1.4713140860415415,1.3464897760185217,1.4288501954768296,1.4620110754511597
2025-10-10,1.4326389738425498,1.4138147189773007,1.4326389738425498,1.4377502936075337,1.4377502936075337,1.4326389738425498,1.4752154628240903,1.350060165237204,1.4326389738425498,1.4658877841156843
2025-10-13,1.4404174686318194,1.4214910077181138,1.4404174686318194,1.445556540241395,1.445556540241395,1.4404174686318194,1.483225126109914,1.3573902994526172,1.4404174686318194,1.4738468028905365
2025-10-14,1.4645045110098633,1.44526155680444,1.4645045110098633,1.469729519535881,1.469729519535881,1.4645045110098633,1.5080280094731129,1.3800889395194562,1.4645045110098633,1.4984928594491875
2025-10-15,1.4768830167994917,1.4574774143958207,1.4768830167994917,1.4821521889301987,1.4821521889301987,1.4768830167994917,1.5207743911372515,1.3917539352907997,1.4768830167994917,1.5111586466809508
2025-10-16,1.4568954975366375,1.437752522468672,1.4568954975366375,1.462093358887639,1.462093358887639,1.4568954975366375,1.500192864305707,1.3729185175397982,1.4568954975366375,1.4907072553275456
2025-10-17,1.4578385254824322,1.4386831594361944,1.4578385254824322,1.4630397513359121,1.4630397513359121,1.4578385254824322,1.5011639180274832,1.373807188368645,1.4578385254824322,1.4916721691481658
2025-10-20,1.466821599194057,1.4475481994546777,1.466821599194057,1.4720548745471322,1.4720548745471322,1.466821599194057,1.5104139590252745,1.382272468317665,1.466821599194057,1.500863722818078
2025-10-21,1.471115636022182,1.4517858145009517,1.471115636022182,1.4763642314912893,1.4763642314912893,1.471115636022182,1.5148356100081426,1.3863189923726151,1.471115636022182,1.505257416027476
2025-10-22,1.4817194611132767,1.462250309928603,1.4817194611132767,1.487005888542677,1.487005888542677,1.4817194611132767,1.5257545693726977,1.3963116018967248,1.4817194611132767,1.5161073356162498
2025-10-23,1.4826804544256689,1.4631986762055964,1.4826804544256689,1.487970310453761,1.487970310453761,1.4826804544256689,1.5267441223724385,1.3972172025496514,1.4826804544256689,1.5170906317452628
2025-10-24,1.4808105353749035,1.4613533270802845,1.4808105353749035,1.486093719970501,1.486093719970501,1.4808105353749035,1.5248186313392582,1.395455067588402,1.4808105353749035,1.5151773154500554
2025-10-27,1.4650410168123358,1.4457910131533187,1.4650410168123358,1.4702679394651936,1.4702679394651936,1.4650410168123358,1.5085804596508283,1.380594520566434,1.4650410168123358,1.4990418165251225
2025-10-28,1.4564117637299916,1.4372751447144785,1.4564117637299916,1.4616078992322539,1.4616078992322539,1.4564117637299916,1.4996947544507577,1.372462666655622,1.4564117637299916,1.490212294984519
2025-10-29,1.453174248738358,1.4340801692659157,1.453174248738358,1.4583588335466435,1.4583588335466435,1.453174248738358,1.4963610239966907,1.369411765413672,1.453174248738358,1.4868996434625532
2025-10-30,1.445799913237977,1.4268027293361953,1.445799913237977,1.4509581881471987,1.4509581881471987,1.445799913237977,1.4887675311790018,1.3624624943230943,1.445799913237977,1.479354163740621
2025-10-31,1.4421622148998219,1.4232128287767483,1.4421622148998219,1.4473075113547684,1.4473075113547684,1.4421622148998219,1.4850217243598962,1.3590344767211995,1.4421622148998219,1.4756320413821198
2025-11-03,1.4436322566910065,1.4246635548562672,1.4436322566910065,1.4487827979101957,1.4487827979101957,1.4436322566910065,1.4865354542115536,1.360419783766274,1.4436322566910065,1.477136200031425
2025-11-04,1.4569185870888872,1.4377753086342178,1.4569185870888872,1.4621165308179946,1.4621165308179946,1.4569185870888872,1.5002166400546086,1.3729402761861111,1.4569185870888872,1.490730880744138
2025-11-05,1.4637773705447912,1.4445439706497611,1.4637773705447912,1.468999784804215,1.468999784804215,1.4637773705447912,1.5072792591757211,1.3794037121911835,1.4637773705447912,1.4977488434447739
2025-11-06,1.462674464317458,1.4434555561319897,1.462674464317458,1.4678929436662018,1.4678929436662018,1.462674464317458,1.506143575761886,1.3783643786321356,1.462674464317458,1.496620340873511
2025-11-07,1.467025602549649,1.447749522294642,1.467025602549649,1.4722596057388386,1.4722596057388386,1.467025602549649,1.5106240251411158,1.3824647127065088,1.467025602549649,1.5010724607013417
2025-11-10,1.467306513874024,1.4480267425660294,1.467306513874024,1.4725415192889177,1.4725415192889177,1.467306513874024,1.5109132848478295,1.3827294320083896,1.467306513874024,1.5013598914402364
2025-11-11,1.4788010821207194,1.4593702771704797,1.4788010821207194,1.4840770974585191,1.4840770974585191,1.4788010821207194,1.5227494592962538,1.3935614413211346,1.4788010821207194,1.5131212266294651
2025-11-12,1.5031835458551368,1.4834323659046638,1.5031835458551368,1.508546552103473,1.508546552103473,1.5031835458551368,1.547856543620705,1.4165384743484348,1.5031835458551368,1.538069560709098
2025-11-13,1.490569179143899,1.4709837465019047,1.490569179143899,1.49588718029111,1.49588718029111,1.490569179143899,1.5348672915021204,1.4046512129256503,1.490569179143899,1.5251624386748825
2025-11-14,1.4716111035737882,1.4522747718237856,1.4716111035737882,1.4768614667548843,1.4768614667548843,1.4716111035737882,1.5153458023223287,1.3867859006564225,1.4716111035737882,1.5057643824332396
2025-11-17,1.4661667067618644,1.4469019120250566,1.4661667067618644,1.471397645612378,1.471397645612378,1.4661667067618644,1.5097396038945712,1.381655324570105,1.4661667067618644,1.5001936315851934
2025-11-18,1.478295493210836,1.4588713314796282,1.478295493210836,1.4835697047260152,1.4835697047260152,1.478295493210836,1.5222288448279124,1.3930849950847264,1.478295493210836,1.5126039039680592
2025-11-19,1.47561309721595,1.456224181004918,1.47561309721595,1.480877738571503,1.480877738571503,1.47561309721595,1.5194667309099448,1.3905572152000465,1.47561309721595,1.5098592546929401
2025-11-20,1.462440592397309,1.4432247571874552,1.462440592397309,1.4676582373459075,1.4676582373459075,1.462440592397309,1.505902753419884,1.3781439873340309,1.462440592397309,1.4963810412334388
2025-11-21,1.4570660980827026,1.4379208813975415,1.4570660980827026,1.4622645680964301,1.4622645680964301,1.4570660980827026,1.5003685349164588,1.3730792844919866,1.4570660980827026,1.4908818151859653
2025-11-24,1.464821109184297,1.4455739950161521,1.464821109184297,1.4700472472583281,1.4700472472583281,1.464821109184297,1.5083540166046752,1.38038728864404,1.464821109184297,1.4988168052616704
2025-11-25,1.4642153894359908,1.4449762341626737,1.4642153894359908,1.4694393664440604,1.4694393664440604,1.4642153894359908,1.5077302955171197,1.3798164832154451,1.4642153894359908,1.4981970279166088
2025-11-26,1.4667499536675526,1.447477495319324,1.4667499536675526,1.4719829734061975,1.4719829734061975,1.4667499536675526,1.5103401842708035,1.3822049525142306,1.4667499536675526,1.500790414535945
2025-11-27,1.463019352470906,1.4437959126046596,1.463019352470906,1.4682390622996715,1.4682390622996715,1.463019352470906,1.5064987136202028,1.3786893870717591,1.463019352470906,1.4969732332213088
2025-11-28,1.474536935027695,1.4551621591211485,1.474536935027695,1.4797977368890256,1.4797977368890256,1.474536935027695,1.5183585863392564,1.389543084125697,1.474536935027695,1.5087581168387472
2025-12-01,1.4720763298739166,1.4527338852520715,1.4720763298739166,1.4773283528733105,1.4773283528733105,1.4720763298739166,1.5158248546475779,1.3872243108261102,1.4720763298739166,1.5062404057459229
2025-12-02,1.4633887844921625,1.4441604904493575,1.4633887844921625,1.4686098123677116,1.4686098123677116,1.4633887844921625,1.5068791247636732,1.3790375246449842,1.4633887844921625,1.4973512390531398
2025-12-03,1.464127273329175,1.4448892758632907,1.464127273329175,1.4693509359596468,1.4693509359596468,1.464127273329175,1.5076395606944102,1.3797334462131716,1.464127273329175,1.4981068668034996
2025-12-04,1.4724923665474383,1.4531444553841137,1.4724923665474383,1.477745873868082,1.477745873868082,1.4724923665474383,1.5162532554834387,1.3876163667107082,1.4724923665474383,1.506666097834854
2025-12-05,1.4743027482748923,1.4549310494807248,1.4743027482748923,1.4795627146128283,1.4795627146128283,1.4743027482748923,1.5181174398081128,1.3893223961422219,1.4743027482748923,1.5085184950593573
2025-12-08,1.456481511638936,1.4373439761661455,1.456481511638936,1.4616778959853745,1.4616778959853745,1.456481511638936,1.4997665751925175,1.3725283942221578,1.456481511638936,1.4902836616090185
2025-12-09,1.4486710965027896,1.4296361864979716,1.4486710965027896,1.453839615120327,1.453839615120327,1.4486710965027896,1.4917240429214496,1.3651681795820416,1.4486710965027896,1.4822919816770947
2025-12-10,1.4581650794126229,1.4390054225893503,1.4581650794126229,1.4633674703339168,1.4633674703339168,1.4581650794126229,1.5015001767891527,1.3741149193888127,1.4581650794126229,1.4920063017704537
2025-12-11,1.4662210667720792,1.4469555577683102,1.4662210667720792,1.4714521995663563,1.4714521995663563,1.4662210667720792,1.5097955794258058,1.381706551212485,1.4662210667720792,1.500249253187267
2025-12-12,1.4723574336340164,1.453011295430662,1.4723574336340164,1.4776104595456798,1.4776104595456798,1.4723574336340164,1.516114312508999,1.3874892114715194,1.4723574336340164,1.5065280333866076
2025-12-15,1.4605629972745378,1.4413718328503953,1.4605629972745378,1.4657739434042172,1.4657739434042172,1.4605629972745378,1.5039693581900964,1.376374618757593,1.4605629972745378,1.4944598707192769
2025-12-16,1.469889067551011,1.4505753626076026,1.469889067551011,1.4751332869115632,1.4751332869115632,1.469889067551011,1.5135725892416267,1.385163124590782,1.469889067551011,1.5040023812482337
2025-12-17,1.4672805642388376,1.4480011338977972,1.4672805642388376,1.4725154770715208,1.4725154770715208,1.4672805642388376,1.5108865640174038,1.3827049781373115,1.4672805642388376,1.5013333395636532
2025-12-18,1.4652138356563973,1.445961561232712,1.4652138356563973,1.4704413748863479,1.4704413748863479,1.4652138356563973,1.508758414485007,1.3807573779516025,1.4652138356563973,1.4992186461639923
2025-12-19,1.458089189094801,1.4389305294373957,1.458089189094801,1.4632913092572448,1.4632913092572448,1.458089189094801,1.5014220310927326,1.3740434034682707,1.458089189094801,1.4919286501835158
2025-12-22,1.4709039663498815,1.4515769260763578,1.4709039663498815,1.4761518066312553,1.4761518066312553,1.4709039663498815,1.5146176497409092,1.3861195235615758,1.4709039663498815,1.5050408339069572
2025-12-23,1.46309707269084,1.4438726116146068,1.46309707269084,1.4683170598071171,1.4683170598071171,1.46309707269084,1.5065787436014573,1.3787626274169418,1.46309707269084,1.4970527571788865
2025-12-24,1.4625393995476612,1.4433222660546994,1.4625393995476612,1.4677573970169924,1.4677573970169924,1.4625393995476612,1.5060044970124422,1.378237099136911,1.4625393995476612,1.4964821415087555
2025-12-25,1.4629528797162585,1.4437303132731834,1.4629528797162585,1.4681723523858297,1.4681723523858297,1.4629528797162585,1.506430265366803,1.3786267458762018,1.4629528797162585,1.4969052177611732
2025-12-26,1.4666849401839237,1.447413336084678,1.4666849401839237,1.4719177279697109,1.4719177279697109,1.4666849401839237,1.510273238656387,1.3821436864757843,1.4666849401839237,1.5007238922137172
2025-12-29,1.469098902674752,1.44979558015517,1.469098902674752,1.4743403029123967,1.4743403029123967,1.469098902674752,1.5127589415153537,1.3844185056442893,1.469098902674752,1.5031938781566012
2025-12-30,1.4614537959473892,1.4422509268149728,1.4614537959473892,1.4666679202377544,1.4666679202377544,1.4614537959473892,1.5048866304411292,1.3772140708634064,1.4614537959473892,1.4953713431254319
2025-12-31,1.4607230690494155,1.4415298013515654,1.4607230690494155,1.4659345862776356,1.4659345862776356,1.4607230690494155,1.5041341871259089,1.3765254638279747,1.4607230690494155,1.4946236574538692
