date,symbol,open,high,low,close,volume,amount,is_simulated,vwap
2023-01-03,000001.SZ,10.99,11.64,10.84,11.56,2194128,2971546989.04,False,1354.3179746304681
2023-01-03,000333.SZ,38.83,39.06,38.06,38.71,163628,846525405.02,False,5173.475230522893
2023-01-03,300750.SZ,196.28,196.59,190.57,194.97,104820,4056787273.0,False,38702.41626597977
2023-01-03,600000.SH,5.8,5.81,5.7,5.76,258925,187094064.0,False,722.5801448295839
2023-01-03,600519.SH,1551.84,1559.07,1526.65,1550.65,26034,4487760231.0,False,172380.74176077437
2023-01-04,000001.SZ,11.5,12.21,11.42,12.11,2189683,3110729449.03,False,1420.6300405264142
2023-01-04,000333.SZ,38.52,40.66,38.48,40.58,261341,1390708574.95,False,5321.432821294784
2023-01-04,300750.SZ,193.22,193.5,190.75,191.84,196023,7527791631.0,False,38402.59373134785
2023-01-04,600000.SH,5.8,5.88,5.76,5.84,309471,226321372.0,False,731.3168988370477
2023-01-04,600519.SH,1550.64,1559.34,1536.64,1545.65,20416,3523582306.0,False,172589.25871865204
2023-01-05,000001.SZ,12.19,12.53,12.16,12.27,1665425,2417272355.99,False,1451.4447399252442
2023-01-05,000333.SZ,40.83,41.82,40.78,41.74,294217,1608128838.06,False,5465.791704966062
2023-01-05,300750.SZ,194.06,206.37,192.39,204.89,260433,10371713857.0,False,39824.883394193515
2023-01-05,600000.SH,5.9,5.91,5.83,5.88,301622,221617355.0,False,734.7519577484401
2023-01-05,600519.SH,1557.64,1621.64,1553.64,1621.64,47943,8541587089.0,False,178161.29756168782
2023-01-06,000001.SZ,12.29,12.51,12.27,12.41,1195745,1747915169.26,False,1461.7791997959432
2023-01-06,000333.SZ,41.8,41.99,40.74,40.84,195001,1058139217.16,False,5426.327132476244
2023-01-06,300750.SZ,204.06,214.6,202.98,209.98,183925,7641585134.0,False,41547.28902541797
2023-01-06,600000.SH,5.88,5.91,5.84,5.87,203129,149170538.0,False,734.363571917353
2023-01-06,600519.SH,1626.76,1632.54,1607.64,1624.41,24904,4480838898.0,False,179924.4658689367
2023-01-09,000001.SZ,12.54,12.67,12.31,12.59,1057659,1561368487.3,False,1476.2494218836127
2023-01-09,000333.SZ,40.93,41.28,40.23,40.94,204277,1101325466.48,False,5391.333662037332
2023-01-09,300750.SZ,213.43,213.43,208.5,209.94,128403,5373244035.0,False,41846.71724959697
2023-01-09,600000.SH,5.91,5.91,5.83,5.87,196123,143998211.0,False,734.2239869877577
2023-01-09,600519.SH,1655.64,1670.62,1628.46,1661.84,30977,5684181147.0,False,183496.82496691094
2023-01-10,000001.SZ,12.55,12.68,12.18,12.23,1269423,1851093716.76,False,1458.216620275511
2023-01-10,000333.SZ,40.82,41.23,40.26,40.33,154340,829875435.25,False,5376.930382596864
2023-01-10,300750.SZ,210.53,220.17,208.11,218.5,182607,7781973489.0,False,42615.964826101954
2023-01-10,600000.SH,5.88,5.88,5.81,5.81,161946,118223822.0,False,730.0200190186853
2023-01-10,600519.SH,1659.7,1685.14,1651.14,1675.09,22732,4204783734.0,False,184972.01011789546
2023-01-11,000001.SZ,12.24,12.57,12.18,12.46,830566,1217450811.64,False,1465.808631270724
2023-01-11,000333.SZ,40.28,42.01,40.23,41.33,214610,1171606255.18,False,5459.234216392526
2023-01-11,300750.SZ,217.67,220.72,214.06,216.2,122418,5252326720.0,False,42904.85647535493
2023-01-11,600000.SH,5.84,5.87,5.8,5.83,192155,140393996.0,False,730.628898545445
2023-01-11,600519.SH,1676.64,1680.64,1657.48,1665.59,22720,4201487773.0,False,184924.63789612675
2023-01-12,000001.SZ,12.56,12.56,12.32,12.46,625695,914367699.65,False,1461.3632834687826
2023-01-12,000333.SZ,41.13,41.83,40.84,41.6,145818,797908669.91,False,5471.949072885377
2023-01-12,300750.SZ,218.5,222.27,217.21,219.33,111368,4837460192.0,False,43436.71604051433
2023-01-12,600000.SH,5.86,5.87,5.77,5.8,168499,122554362.0,False,727.3299070024154
2023-01-12,600519.SH,1668.64,1676.64,1653.64,1654.64,17193,3162637136.0,False,183949.11510498458
2023-01-13,000001.SZ,12.46,12.74,12.34,12.74,949086,1407181074.29,False,1482.6697204362933
2023-01-13,000333.SZ,41.7,42.83,41.33,42.78,265803,1471250757.18,False,5535.117200257334
2023-01-13,300750.SZ,225.17,229.9,217.39,222.67,207575,9140635813.0,False,44035.34054197278
2023-01-13,600000.SH,5.82,5.88,5.8,5.87,217702,159178132.0,False,731.1744127293273
2023-01-13,600519.SH,1664.82,1708.64,1660.64,1707.64,31940,5969876222.0,False,186909.08647463995
2023-01-16,000001.SZ,12.74,13.07,12.64,12.87,1560040,2356399992.83,False,1510.4740858119021
2023-01-16,000333.SZ,42.86,45.19,42.85,44.53,330181,1899010907.45,False,5751.423938536742
2023-01-16,300750.SZ,222.11,228.22,220.23,226.63,168091,7451169294.0,False,44328.187077237926
2023-01-16,600000.SH,5.88,5.91,5.81,5.86,368169,270170018.0,False,733.8206584476151
2023-01-16,600519.SH,1706.64,1755.64,1701.64,1733.54,36848,7059982640.0,False,191597.44463742943
2023-01-17,000001.SZ,12.92,12.97,12.56,12.76,935835,1396151514.52,False,1491.8778572291055
2023-01-17,000333.SZ,44.52,45.01,43.98,44.83,188114,1087194816.99,False,5779.446596159775
2023-01-17,300750.SZ,226.79,229.54,224.95,226.06,98958,4416180657.0,False,44626.81801370278
2023-01-17,600000.SH,5.87,5.88,5.8,5.83,242226,176749046.0,False,729.6865158983759
2023-01-17,600519.SH,1733.8,1743.64,1715.64,1728.64,21299,4068321409.0,False,191009.972721724
2023-01-18,000001.SZ,12.74,12.97,12.7,12.9,718434,1083362997.53,False,1507.9506225067298
2023-01-18,000333.SZ,44.83,45.33,44.2,44.43,130358,751785488.09,False,5767.083631921325
2023-01-18,300750.SZ,227.67,228.99,224.67,227.67,73443,3292955688.0,False,44836.88966953964
2023-01-18,600000.SH,5.84,5.86,5.8,5.84,244946,178868885.0,False,730.238032056045
2023-01-18,600519.SH,1734.64,1745.94,1710.64,1713.64,21063,4008665438.0,False,190317.8767507003
2023-01-19,000001.SZ,12.92,13.04,12.66,12.88,641875,963744633.47,False,1501.4522040428433
2023-01-19,000333.SZ,44.29,44.38,43.53,44.21,194679,1110365666.91,False,5703.571863991494
2023-01-19,300750.SZ,225.91,229.33,224.16,226.71,73100,3254123919.0,False,44516.05908344733
2023-01-19,600000.SH,5.84,5.86,5.79,5.86,167134,121983726.0,False,729.8558402240119
2023-01-19,600519.SH,1713.14,1713.16,1686.64,1700.85,23439,4401994437.0,False,187806.40970177908
2023-01-20,000001.SZ,12.95,13.03,12.79,12.92,608590,920144805.73,False,1511.9288942144958
2023-01-20,000333.SZ,44.29,44.67,43.79,43.91,108608,621198692.31,False,5719.640287179581
2023-01-20,300750.SZ,226.71,229.72,225.31,229.61,107657,4841543970.0,False,44971.93837836834
2023-01-20,600000.SH,5.87,5.89,5.85,5.89,209870,154239831.0,False,734.9303425930337
2023-01-20,600519.SH,1709.83,1718.89,1678.64,1680.65,25609,4807356071.0,False,187721.35073606935
2023-01-30,000001.SZ,13.39,13.53,12.68,12.94,1374318,2096867649.37,False,1525.751426794963
2023-01-30,000333.SZ,44.27,44.91,42.42,42.48,256196,1445902234.07,False,5643.734617519399
2023-01-30,300750.SZ,244.82,251.03,238.21,239.97,211743,10102385367.0,False,47710.59901389892
2023-01-30,600000.SH,5.96,5.96,5.9,5.93,318107,235352030.0,False,739.8517794327066
2023-01-30,600519.SH,1729.64,1729.64,1700.64,1708.64,35923,6799756571.0,False,189286.99081368482
2023-01-31,000001.SZ,13.03,13.3,12.75,12.78,1030498,1568639326.21,False,1522.2148186701963
2023-01-31,000333.SZ,42.23,42.98,41.83,42.03,232598,1290578245.2,False,5548.535435386375
2023-01-31,300750.SZ,239.54,243.78,235.41,236.94,139540,6565989151.0,False,47054.53024939085
2023-01-31,600000.SH,5.95,5.98,5.9,5.9,284382,210715444.0,False,740.9591465001301
2023-01-31,600519.SH,1717.14,1720.59,1653.71,1666.4,32991,6128311548.0,False,185757.07156497226
2023-02-01,000001.SZ,12.82,12.87,12.3,12.49,1653421,2426471972.52,False,1467.5463614651078
2023-02-01,000333.SZ,42.12,42.82,41.28,42.33,267247,1474820029.11,False,5518.565331360127
2023-02-01,300750.SZ,240.16,244.81,239.88,243.39,115022,5464594493.0,False,47509.12428057241
2023-02-01,600000.SH,5.93,5.93,5.86,5.89,186595,137294549.0,False,735.7890029207642
2023-02-01,600519.SH,1675.62,1679.64,1632.04,1665.61,33974,6244678925.0,False,183807.58594807793
2023-02-02,000001.SZ,12.53,12.57,12.06,12.39,1577900,2280744883.13,False,1445.430561588187
2023-02-02,000333.SZ,42.28,42.43,40.45,40.79,367678,1990832646.72,False,5414.609105576074
2023-02-02,300750.SZ,244.54,245.0,236.77,237.44,134557,6339908128.0,False,47116.89565017056
2023-02-02,600000.SH,5.92,5.92,5.85,5.89,219002,160961795.0,False,734.9786531629849
2023-02-02,600519.SH,1669.02,1679.64,1646.64,1656.75,29759,5465509510.0,False,183659.0446587587
2023-02-03,000001.SZ,12.24,12.34,11.95,12.11,1246383,1782105890.79,False,1429.8220457034474
2023-02-03,000333.SZ,40.53,40.78,39.69,40.14,208300,1109569943.18,False,5326.788013346136
2023-02-03,300750.SZ,236.28,237.5,229.27,231.94,120200,5495174744.0,False,45716.927986688854
2023-02-03,600000.SH,5.86,5.88,5.8,5.8,298855,217904608.0,False,729.1315453982701
2023-02-03,600519.SH,1640.64,1646.64,1616.32,1638.64,34945,6324635031.0,False,180988.26816425813
2023-02-06,000001.SZ,11.89,11.92,11.65,11.79,1317610,1838428709.03,False,1395.2753159356714
2023-02-06,000333.SZ,39.64,39.64,37.91,38.08,421857,2172641978.93,False,5150.185913544163
2023-02-06,300750.SZ,229.61,230.46,223.55,228.83,107529,4811799061.0,False,44748.84971496061
2023-02-06,600000.SH,5.78,5.78,5.74,5.78,227868,164745210.0,False,722.9852809521302
2023-02-06,600519.SH,1600.64,1615.64,1580.64,1615.64,42661,7595739044.0,False,178048.78094746958
2023-02-07,000001.SZ,11.85,12.11,11.82,12.0,869460,1235297762.54,False,1420.764339406068
2023-02-07,000333.SZ,38.19,38.53,37.93,38.33,209009,1075310677.24,False,5144.80561717438
2023-02-07,300750.SZ,228.77,230.61,225.53,227.44,72112,3231274189.0,False,44809.10512813401
2023-02-07,600000.SH,5.8,5.8,5.75,5.77,154818,112169271.0,False,724.523446886021
2023-02-07,600519.SH,1628.72,1629.44,1608.37,1617.64,24322,4373671735.0,False,179823.68781350218
2023-02-08,000001.SZ,12.03,12.11,11.82,11.83,657893,928708933.85,False,1411.6413061850483
2023-02-08,000333.SZ,38.22,38.33,37.69,37.84,191018,976761616.35,False,5113.453268016627
2023-02-08,300750.SZ,228.28,230.42,225.72,226.95,73299,3293742443.0,False,44935.70775863245
2023-02-08,600000.SH,5.77,5.8,5.75,5.76,130950,94770357.0,False,723.7140664375715
2023-02-08,600519.SH,1620.65,1626.61,1595.64,1604.64,16676,2980574806.0,False,178734.39709762533
2023-02-09,000001.SZ,11.8,12.09,11.75,11.92,830350,1174361963.28,False,1414.297541133257
2023-02-09,000333.SZ,37.63,38.56,37.32,38.36,227383,1167989708.86,False,5136.6624103824815
2023-02-09,300750.SZ,226.95,231.83,223.78,230.16,80314,3627030215.0,False,45160.62224518764
2023-02-09,600000.SH,5.76,5.81,5.75,5.79,108960,79099151.0,False,725.9466868575624
2023-02-09,600519.SH,1598.64,1650.39,1595.65,1638.64,29754,5401399088.0,False,181535.2251125899
2023-02-10,000001.SZ,11.89,11.91,11.65,11.77,847284,1184283386.2,False,1397.7407648439014
2023-02-10,000333.SZ,38.18,38.58,38.12,38.45,139889,720948239.08,False,5153.716440034599
2023-02-10,300750.SZ,230.17,231.66,225.73,226.25,83978,3773477538.0,False,44934.12010288409
2023-02-10,600000.SH,5.78,5.8,5.75,5.77,119441,86527412.0,False,724.4364330506276
2023-02-10,600519.SH,1630.74,1639.13,1621.69,1630.64,17985,3253859317.0,False,180920.7293299972
2023-02-13,000001.SZ,11.73,11.73,11.39,11.61,1800054,2473405202.92,False,1374.072779438839
2023-02-13,000333.SZ,38.33,39.41,37.86,39.27,306391,1588991528.56,False,5186.156018159802
2023-02-13,300750.SZ,229.04,234.93,226.84,234.06,134185,6143224997.0,False,45781.756507806385
2023-02-13,600000.SH,5.75,5.79,5.71,5.76,204498,147742689.0,False,722.4652025936684
2023-02-13,600519.SH,1630.64,1695.14,1630.64,1676.99,38147,7058382498.0,False,185031.12952525757
2023-02-14,000001.SZ,11.64,11.77,11.59,11.75,909937,1263892077.72,False,1388.9885538449366
2023-02-14,000333.SZ,39.28,39.48,38.64,39.04,214375,1116499049.93,False,5208.158833492712
2023-02-14,300750.SZ,239.06,239.22,226.16,229.08,128122,5816558282.0,False,45398.59104603425
2023-02-14,600000.SH,5.77,5.79,5.76,5.77,119299,86373390.0,False,724.007661422141
2023-02-14,600519.SH,1677.1,1678.04,1655.64,1664.43,19566,3601769574.0,False,184083.08157007053
2023-02-15,000001.SZ,11.74,11.75,11.41,11.46,1250244,1713566672.72,False,1370.5857998278736
2023-02-15,000333.SZ,39.03,39.04,38.01,38.18,179488,924114015.39,False,5148.611692090836
2023-02-15,300750.SZ,230.22,232.39,227.39,227.72,77734,3508461573.0,False,45134.19575732627
2023-02-15,600000.SH,5.77,5.78,5.72,5.73,154677,111509088.0,False,720.9157664035376
2023-02-15,600519.SH,1664.42,1675.94,1656.45,1661.64,18177,3351422211.0,False,184377.0815316059
2023-02-16,000001.SZ,11.47,11.7,11.29,11.39,1279123,1757431083.85,False,1373.934393994948
2023-02-16,000333.SZ,37.93,38.58,37.63,38.11,216987,1115558778.34,False,5141.131857392378
2023-02-16,300750.SZ,229.61,231.0,221.83,224.72,100911,4514542232.0,False,44737.86041164987
2023-02-16,600000.SH,5.74,5.79,5.71,5.72,187984,135881169.0,False,722.8336932930462
2023-02-16,600519.SH,1661.98,1707.64,1648.64,1682.46,33246,6196915130.0,False,186395.81092462252
2023-02-17,000001.SZ,11.42,11.51,11.22,11.22,918364,1246777397.11,False,1357.6070023541863
2023-02-17,000333.SZ,37.88,38.33,37.85,38.21,158066,811189152.47,False,5131.964827793454
2023-02-17,300750.SZ,224.06,224.06,211.83,211.94,214696,9171648847.0,False,42719.234857659205
2023-02-17,600000.SH,5.72,5.75,5.66,5.66,211489,151882567.0,False,718.1582351800803
2023-02-17,600519.SH,1670.8,1693.64,1640.69,1641.42,26443,4880328952.0,False,184560.33551412472
2023-02-20,000001.SZ,11.29,11.94,11.28,11.94,2116191,2945969773.39,False,1392.1095843380867
2023-02-20,000333.SZ,38.33,40.52,37.94,40.13,383136,2019572888.96,False,5271.164518499958
2023-02-20,300750.SZ,209.61,212.88,204.24,212.09,168299,6992852566.0,False,41550.17300162211
2023-02-20,600000.SH,5.69,5.8,5.68,5.79,256135,184902604.0,False,721.8951100005856
2023-02-20,600519.SH,1641.64,1699.44,1637.84,1695.64,29669,5488800056.0,False,185001.18156998887
2023-02-21,000001.SZ,11.85,11.99,11.71,11.89,990495,1393153377.3,False,1406.5223724501386
2023-02-21,000333.SZ,40.13,40.63,39.56,40.37,256493,1369820913.57,False,5340.5781583513
2023-02-21,300750.SZ,210.43,213.22,207.39,209.06,131846,5490561030.0,False,41643.74368581527
2023-02-21,600000.SH,5.79,5.83,5.76,5.82,162344,118094161.0,False,727.4316328290544
2023-02-21,600519.SH,1694.64,1694.64,1671.64,1687.64,18751,3491633510.0,False,186210.5226387926
2023-02-22,000001.SZ,11.79,11.91,11.73,11.81,638922,895742534.31,False,1401.959134777015
2023-02-22,000333.SZ,39.83,40.01,39.24,39.61,229115,1208465937.51,False,5274.495068022608
2023-02-22,300750.SZ,205.72,208.56,204.43,205.98,123639,5069312343.0,False,41000.91672530512
2023-02-22,600000.SH,5.81,5.82,5.77,5.77,129714,94204601.0,False,726.2485236751622
2023-02-22,600519.SH,1675.65,1684.54,1652.44,1656.64,21869,4031016045.0,False,184325.57707256847
2023-02-23,000001.SZ,11.79,12.11,11.77,11.84,824491,1165539851.19,False,1413.647755027041
2023-02-23,000333.SZ,39.62,40.71,39.62,40.2,240107,1283774546.62,False,5346.676884139154
2023-02-23,300750.SZ,206.28,209.13,204.83,208.07,95373,3922375682.0,False,41126.68870644732
2023-02-23,600000.SH,5.78,5.81,5.76,5.76,114365,82898812.0,False,724.8617321733047
2023-02-23,600519.SH,1660.64,1669.44,1625.89,1638.64,21881,3983991208.0,False,182075.37169233582
2023-02-24,000001.SZ,11.81,11.82,11.59,11.65,729989,1012652971.88,False,1387.2167551565844
2023-02-24,000333.SZ,40.01,40.22,39.65,39.81,169278,898514540.18,False,5307.922708089651
2023-02-24,300750.SZ,206.83,207.28,202.96,203.72,99894,4060495069.0,False,40648.03760986646
2023-02-24,600000.SH,5.75,5.79,5.71,5.71,166811,120124648.0,False,720.1242603905018
2023-02-24,600519.SH,1630.75,1630.83,1602.82,1608.64,24635,4415621498.0,False,179241.79005480008
2023-02-27,000001.SZ,11.54,11.67,11.47,11.48,621462,854854040.54,False,1375.5531963981707
2023-02-27,000333.SZ,39.43,39.81,38.69,39.23,169471,888727920.68,False,5244.129796130311
2023-02-27,300750.SZ,202.24,203.77,200.78,201.33,92206,3705001333.0,False,40181.78136997592
2023-02-27,600000.SH,5.69,5.73,5.69,5.69,158006,113363322.0,False,717.4621343493285
2023-02-27,600519.SH,1599.14,1635.64,1595.66,1631.05,22065,3978128676.0,False,180291.3517335146
2023-02-28,000001.SZ,11.54,11.64,11.4,11.57,607936,833316018.45,False,1370.7298440131856
2023-02-28,000333.SZ,38.85,39.97,38.85,39.29,194045,1019960547.49,False,5256.309348295498
2023-02-28,300750.SZ,202.94,205.33,201.56,202.89,93231,3769996772.0,False,40437.1590136328
2023-02-28,600000.SH,5.71,5.73,5.67,5.71,174481,125100408.0,False,716.9858494621191
2023-02-28,600519.SH,1639.64,1642.65,1603.94,1634.38,23952,4314877096.0,False,180146.83934535738
2023-03-01,000001.SZ,11.59,11.98,11.53,11.96,1223452,1719710647.06,False,1405.6216729875794
2023-03-01,000333.SZ,39.34,41.82,39.34,41.45,432975,2350199969.15,False,5428.026951094174
2023-03-01,300750.SZ,202.44,208.6,202.41,207.27,126020,5166296897.0,False,40995.84904777019
2023-03-01,600000.SH,5.7,5.8,5.7,5.79,256613,185861462.0,False,724.2870080627248
2023-03-01,600519.SH,1633.64,1668.64,1623.87,1659.17,24458,4475592195.0,False,182990.9311881593
2023-03-02,000001.SZ,11.92,12.23,11.85,12.03,1015877,1447565979.98,False,1424.9421730977274
2023-03-02,000333.SZ,41.43,42.51,40.98,41.68,255490,1408679946.1,False,5513.640244627969
2023-03-02,300750.SZ,206.0,206.83,198.61,201.17,161453,6483446930.0,False,40156.86874818058
2023-03-02,600000.SH,5.76,5.82,5.76,5.8,170700,124094305.0,False,726.9730814294084
2023-03-02,600519.SH,1649.64,1659.63,1641.74,1648.64,13144,2405292304.0,False,182995.45830797323
2023-03-03,000001.SZ,12.14,12.16,11.93,12.08,690954,985552120.63,False,1426.3643030216194
2023-03-03,000333.SZ,42.08,42.67,41.49,42.03,197415,1090871927.34,False,5525.780347693943
2023-03-03,300750.SZ,202.0,203.89,200.72,202.01,82031,3300669920.0,False,40236.860699004035
2023-03-03,600000.SH,5.82,5.89,5.79,5.88,310942,227583048.0,False,731.9147879668877
2023-03-03,600519.SH,1660.41,1662.25,1623.12,1638.68,16198,2946842659.0,False,181926.32787998518
2023-03-06,000001.SZ,12.09,12.09,11.51,11.64,1455824,2023954547.2,False,1390.2467243293145
2023-03-06,000333.SZ,41.67,41.83,40.64,40.66,259357,1403695330.05,False,5412.213011601769
2023-03-06,300750.SZ,201.93,205.65,196.28,205.4,166267,6674565924.0,False,40143.66004077779
2023-03-06,600000.SH,5.88,5.9,5.84,5.86,249400,182971731.0,False,733.6476784282278
2023-03-06,600519.SH,1638.82,1639.14,1617.41,1627.78,20646,3730079522.0,False,180668.38719364526
2023-03-07,000001.SZ,11.64,11.89,11.44,11.48,1279266,1773654737.03,False,1386.4628130740596
2023-03-07,000333.SZ,40.67,41.2,39.53,39.69,194738,1041648711.51,False,5348.975092226478
2023-03-07,300750.SZ,202.94,205.72,201.74,201.94,99184,4014218858.0,False,40472.44372076141
2023-03-07,600000.SH,5.85,5.99,5.83,5.84,566428,417960791.0,False,737.8886478069587
2023-03-07,600519.SH,1626.62,1637.24,1608.64,1608.94,22785,4101302456.0,False,180000.10779021285
2023-03-08,000001.SZ,11.42,11.43,11.19,11.32,1096898,1479838980.07,False,1349.1126614051625
2023-03-08,000333.SZ,39.48,39.63,38.9,39.12,144948,759112018.2,False,5237.133442337942
2023-03-08,300750.SZ,200.73,202.35,198.01,199.46,81294,3231604462.0,False,39752.06610573966
2023-03-08,600000.SH,5.83,5.85,5.78,5.84,190590,138757482.0,False,728.0417755391154
2023-03-08,600519.SH,1600.66,1606.58,1581.76,1591.06,22764,4035787172.0,False,177288.13793709365
2023-03-09,000001.SZ,11.33,11.37,10.92,10.99,1736065,2305765842.21,False,1328.1564009469691
2023-03-09,000333.SZ,39.12,40.08,39.1,39.53,130131,688042449.66,False,5287.306250316988
2023-03-09,300750.SZ,198.61,201.43,194.19,199.06,81367,3228769655.0,False,39681.56199687834
2023-03-09,600000.SH,5.84,5.87,5.78,5.8,189933,138470615.0,False,729.0497965071894
2023-03-09,600519.SH,1588.64,1605.64,1560.64,1590.66,27612,4881442710.0,False,176787.00239026512
2023-03-10,000001.SZ,10.79,11.06,10.79,10.93,856996,1128558359.5,False,1316.8770443502654
2023-03-10,000333.SZ,39.07,39.33,37.85,37.98,192134,991798893.83,False,5162.016581292223
2023-03-10,300750.SZ,201.66,206.24,198.44,203.94,191426,7722447890.0,False,40341.687597296084
2023-03-10,600000.SH,5.77,5.79,5.68,5.68,278438,200486042.0,False,720.0383640164058
2023-03-10,600519.SH,1572.21,1601.64,1570.64,1570.64,21161,3725139075.0,False,176037.950711214
2023-03-13,000001.SZ,10.91,11.08,10.79,10.84,1000635,1309490079.38,False,1308.6590808636518
2023-03-13,000333.SZ,37.84,39.07,37.83,38.89,194837,1009855801.36,False,5183.080222750299
2023-03-13,300750.SZ,202.41,204.42,195.17,196.28,188332,7424578060.0,False,39422.81747127413
2023-03-13,600000.SH,5.58,5.62,5.56,5.59,513150,362230490.0,False,705.8959173730877
2023-03-13,600519.SH,1571.64,1595.64,1569.64,1582.64,20560,3626476291.0,False,176385.03360894942
2023-03-14,000001.SZ,10.78,10.79,10.52,10.66,1149076,1474124198.86,False,1282.877893942611
2023-03-14,000333.SZ,38.55,38.74,37.53,37.98,165011,844706514.89,False,5119.092150765707
2023-03-14,300750.SZ,195.66,195.72,188.5,193.63,184847,7095007800.0,False,38383.13740552998
2023-03-14,600000.SH,5.59,5.6,5.53,5.55,324534,228164818.0,False,703.0536646391441
2023-03-14,600519.SH,1584.42,1600.52,1559.14,1586.64,23705,4177289027.0,False,176219.7438093229
2023-03-15,000001.SZ,10.84,10.97,10.73,10.84,979364,1278262225.47,False,1305.1962553963592
2023-03-15,000333.SZ,38.33,38.46,37.23,37.29,209456,1067097770.98,False,5094.615437036896
2023-03-15,300750.SZ,196.83,198.36,191.62,194.06,129683,5046344791.0,False,38912.92452364612
2023-03-15,600000.SH,5.6,5.63,5.59,5.61,250730,177677435.0,False,708.640509711642
2023-03-15,600519.SH,1599.01,1605.52,1570.76,1571.56,19213,3392698490.0,False,176583.48461978868
2023-03-16,000001.SZ,10.68,10.82,10.59,10.61,916792,1182054433.62,False,1289.3376399663173
2023-03-16,000333.SZ,36.91,37.22,36.48,36.87,121820,610120756.06,False,5008.379215728123
2023-03-16,300750.SZ,191.83,195.12,191.56,192.45,101132,3897781767.0,False,38541.527577819084
2023-03-16,600000.SH,5.61,5.7,5.58,5.65,285013,203051784.0,False,712.4299031973981
2023-03-16,600519.SH,1560.64,1590.64,1559.65,1572.63,17646,3096791142.0,False,175495.3611016661
2023-03-17,000001.SZ,10.78,10.83,10.44,10.54,1556814,2000832407.83,False,1285.2096704102096
2023-03-17,000333.SZ,37.33,38.01,36.89,37.16,201231,1018389815.29,False,5060.799853352614
2023-03-17,300750.SZ,194.61,195.16,187.11,187.38,201447,7641555518.0,False,37933.32994782747
2023-03-17,600000.SH,5.67,5.75,5.63,5.64,363281,260022748.0,False,715.7620354491427
2023-03-17,600519.SH,1590.64,1596.53,1556.64,1562.64,27023,4744249369.0,False,175563.38559745403
2023-03-20,000001.SZ,10.55,10.64,10.34,10.36,1188816,1505893658.68,False,1266.7171864106808
2023-03-20,000333.SZ,37.01,37.96,36.93,37.27,163015,826038622.5,False,5067.255298592154
2023-03-20,300750.SZ,186.58,192.17,182.94,189.58,158370,6002000932.0,False,37898.59778998548
2023-03-20,600000.SH,5.63,5.75,5.63,5.66,262922,188546316.0,False,717.1188261157301
2023-03-20,600519.SH,1571.64,1575.64,1548.64,1550.24,20491,3557872017.0,False,173630.96076326192
2023-03-21,000001.SZ,10.44,10.57,10.29,10.49,840743,1060914056.37,False,1261.8767642073738
2023-03-21,000333.SZ,37.38,38.97,37.38,38.93,231466,1191368462.37,False,5147.055992543181
2023-03-21,300750.SZ,190.83,197.49,188.89,197.27,172924,6720740862.0,False,38865.28684277486
2023-03-21,600000.SH,5.69,5.73,5.66,5.66,189777,135798122.0,False,715.5668073581098
2023-03-21,600519.SH,1555.64,1606.49,1544.61,1595.64,31142,5491052284.0,False,176323.0455333633
2023-03-22,000001.SZ,10.54,10.67,10.5,10.58,876691,1121080753.38,False,1278.7638442507111
2023-03-22,000333.SZ,39.03,39.1,38.13,38.53,135542,700825341.29,False,5170.540063522745
2023-03-22,300750.SZ,200.02,205.53,199.07,200.28,176872,7125770900.0,False,40287.72728300692
2023-03-22,600000.SH,5.68,5.72,5.67,5.71,169884,121799289.0,False,716.9556226601682
2023-03-22,600519.SH,1600.64,1613.64,1586.19,1593.99,15330,2727648674.0,False,177928.81108936726
2023-03-23,000001.SZ,10.49,10.69,10.42,10.69,804306,1029380497.27,False,1279.8368994760701
2023-03-23,000333.SZ,38.31,38.83,38.22,38.65,123790,641022828.95,False,5178.308659423217
2023-03-23,300750.SZ,199.61,201.79,197.63,199.82,100289,3981184717.0,False,39697.12248601542
2023-03-23,600000.SH,5.68,5.75,5.67,5.74,215063,154656983.0,False,719.1240845705677
2023-03-23,600519.SH,1586.64,1611.75,1585.65,1595.5,17356,3082821551.0,False,177622.8134938926
2023-03-24,000001.SZ,10.64,10.65,10.55,10.61,621519,796319541.97,False,1281.2473021259207
2023-03-24,000333.SZ,38.65,39.0,38.47,38.92,132776,689957504.0,False,5196.402241368922
2023-03-24,300750.SZ,199.83,201.98,195.17,197.16,117653,4645723682.0,False,39486.657220810346
2023-03-24,600000.SH,5.72,5.78,5.71,5.74,256878,185477856.0,False,722.0464812089785
2023-03-24,600519.SH,1589.72,1604.24,1586.64,1599.26,12770,2269649179.0,False,177732.90360219264
2023-03-27,000001.SZ,10.59,10.6,10.25,10.39,1008422,1266945056.03,False,1256.3639587692453
2023-03-27,000333.SZ,38.92,39.29,38.53,38.68,127683,663222019.69,False,5194.286002756828
2023-03-27,300750.SZ,195.78,199.94,192.07,198.78,161157,6311744702.0,False,39165.19109936273
2023-03-27,600000.SH,5.76,5.76,5.68,5.68,191414,137294386.0,False,717.2640768177877
2023-03-27,600519.SH,1599.24,1599.24,1576.64,1588.43,15296,2700755933.0,False,176566.156707636
2023-03-28,000001.SZ,10.45,10.52,10.34,10.43,673868,851797868.56,False,1264.0426145179767
2023-03-28,000333.SZ,38.53,38.91,37.89,37.92,128679,660858734.15,False,5135.715494758274
2023-03-28,300750.SZ,197.39,198.6,195.28,196.61,75906,2976678086.0,False,39215.32008009907
2023-03-28,600000.SH,5.69,5.72,5.67,5.71,166413,119293209.0,False,716.8503001568387
2023-03-28,600519.SH,1590.64,1610.64,1585.66,1602.44,17261,3073113077.0,False,178037.95127744626
2023-03-29,000001.SZ,10.52,10.53,10.29,10.32,596064,750687550.55,False,1259.4076316469373
2023-03-29,000333.SZ,38.21,38.4,37.93,38.23,128030,656903324.57,False,5130.854679137702
2023-03-29,300750.SZ,198.06,203.1,196.85,200.82,137546,5508159641.0,False,40045.94565454466
2023-03-29,600000.SH,5.76,5.76,5.69,5.69,126858,91087594.0,False,718.0279840451528
2023-03-29,600519.SH,1619.64,1620.64,1605.71,1610.64,15393,2761909333.0,False,179426.31930098098
2023-03-30,000001.SZ,10.34,10.5,10.2,10.47,824546,1035422932.01,False,1255.749141964184
2023-03-30,000333.SZ,38.18,41.63,38.13,41.3,571574,3061435505.47,False,5356.14899465336
2023-03-30,300750.SZ,201.27,201.83,199.25,200.78,86819,3465633464.0,False,39917.91501860192
2023-03-30,600000.SH,5.71,5.74,5.65,5.72,225048,161359032.0,False,716.9982936973446
2023-03-30,600519.SH,1613.64,1625.64,1599.64,1620.64,19257,3453573052.0,False,179341.1773381108
2023-03-31,000001.SZ,10.48,10.56,10.3,10.32,865492,1092263436.9,False,1262.0144806653327
2023-03-31,000333.SZ,40.94,41.45,40.19,40.64,277888,1500198904.14,False,5398.573900780171
2023-03-31,300750.SZ,203.22,209.04,203.22,204.08,196076,8033742420.0,False,40972.59440217059
2023-03-31,600000.SH,5.72,5.77,5.7,5.72,200489,144423998.0,False,720.358712946845
2023-03-31,600519.SH,1645.64,1668.64,1639.64,1640.64,27446,5024790356.0,False,183079.15018581942
2023-04-03,000001.SZ,10.34,10.48,10.25,10.46,740429,934285179.24,False,1261.8160272490677
2023-04-03,000333.SZ,41.83,42.23,41.03,41.52,373915,2056019794.59,False,5498.628818287579
2023-04-03,300750.SZ,204.12,204.5,198.5,200.01,167632,6698371580.0,False,39958.788178867995
2023-04-03,600000.SH,5.72,5.74,5.69,5.72,202466,145394356.0,False,718.1173925498603
2023-04-03,600519.SH,1645.64,1648.41,1620.72,1622.71,21417,3875811673.0,False,180968.9346313676
2023-04-04,000001.SZ,10.43,10.51,10.38,10.44,647457,817726526.95,False,1262.9819848267916
2023-04-04,000333.SZ,41.33,41.55,40.58,41.46,179891,975597257.04,False,5423.268851915882
2023-04-04,300750.SZ,200.72,200.72,190.62,194.06,200897,7782699958.0,False,38739.75200226982
2023-04-04,600000.SH,5.72,5.75,5.69,5.74,257182,184997550.0,False,719.3254193528319
2023-04-04,600519.SH,1632.64,1635.81,1607.64,1635.23,20066,3614275263.0,False,180119.36923153594
2023-04-06,000001.SZ,10.39,10.4,10.29,10.37,563321,706480659.58,False,1254.135137124304
2023-04-06,000333.SZ,41.25,41.83,40.58,40.85,152435,827518348.18,False,5428.663680781972
2023-04-06,300750.SZ,191.83,194.92,189.69,194.07,105816,4064823971.0,False,38414.07699213729
2023-04-06,600000.SH,5.74,5.75,5.71,5.71,147403,106072546.0,False,719.6091395697509
2023-04-06,600519.SH,1625.64,1636.54,1608.86,1617.6,14874,2676251956.0,False,179928.19389538793
2023-04-07,000001.SZ,10.36,10.48,10.29,10.41,607925,767354796.52,False,1262.2524102808734
2023-04-07,000333.SZ,40.74,42.1,40.74,41.51,158641,869954355.79,False,5483.792687829754
2023-04-07,300750.SZ,193.03,197.39,192.03,195.45,100581,3923098225.0,False,39004.36687843628
2023-04-07,600000.SH,5.72,5.77,5.69,5.76,174658,125889350.0,False,720.7763171455072
2023-04-07,600519.SH,1615.64,1626.65,1608.98,1611.63,13525,2428160574.0,False,179531.28088724584
2023-04-10,000001.SZ,10.43,10.49,10.37,10.47,640182,809943147.62,False,1265.1763836221573
2023-04-10,000333.SZ,41.23,41.89,40.84,41.59,156493,853817627.03,False,5455.947723093045
2023-04-10,300750.SZ,197.33,201.89,194.06,201.84,172379,6844475287.0,False,39705.96932921063
2023-04-10,600000.SH,5.74,5.77,5.72,5.74,175483,126535779.0,False,721.0714371192652
2023-04-10,600519.SH,1611.52,1611.52,1564.64,1592.34,29418,5171150567.0,False,175781.8535250527
2023-04-11,000001.SZ,10.49,10.51,10.31,10.33,777780,978302907.79,False,1257.8144305459127
2023-04-11,000333.SZ,41.24,43.2,41.23,42.67,324366,1815026842.84,False,5595.613729059149
2023-04-11,300750.SZ,200.73,206.21,199.61,200.69,143663,5785418237.0,False,40270.760300146874
2023-04-11,600000.SH,5.76,5.76,5.71,5.71,201913,145358007.0,False,719.9041517881464
2023-04-11,600519.SH,1613.64,1613.64,1564.64,1566.14,29209,5138854627.0,False,175933.94594131946
2023-04-12,000001.SZ,10.37,10.38,10.24,10.27,909957,1136997696.14,False,1249.5070603775785
2023-04-12,000333.SZ,42.67,43.58,42.23,42.33,223025,1251325789.31,False,5610.697407510369
2023-04-12,300750.SZ,200.72,200.72,196.28,196.28,87367,3443470020.0,False,39413.852140968556
2023-04-12,600000.SH,5.73,5.76,5.7,5.74,194757,140373570.0,False,720.7626426777985
2023-04-12,600519.SH,1567.9,1570.64,1513.46,1514.74,51105,8732657376.0,False,170876.7708834752
2023-04-13,000001.SZ,10.2,10.46,10.09,10.35,1131591,1413919037.13,False,1249.4965381750121
2023-04-13,000333.SZ,41.88,42.12,40.97,40.97,182595,994810155.19,False,5448.178510857362
2023-04-13,300750.SZ,195.17,195.92,192.39,194.2,100464,3896072549.0,False,38780.78265846473
2023-04-13,600000.SH,5.75,5.82,5.73,5.78,257790,186717624.0,False,724.3012684743396
2023-04-13,600519.SH,1510.64,1544.23,1504.65,1543.64,29543,5049310126.0,False,170913.92634465016
2023-04-14,000001.SZ,10.39,10.69,10.37,10.48,1297995,1653539530.91,False,1273.918259245991
2023-04-14,000333.SZ,41.01,41.48,40.66,40.77,142124,771635251.9,False,5429.309982128282
2023-04-14,300750.SZ,194.0,202.04,193.78,199.22,159237,6337229777.0,False,39797.470292708356
2023-04-14,600000.SH,5.81,5.84,5.78,5.8,250746,182629852.0,False,728.3460234659775
2023-04-14,600519.SH,1546.64,1553.64,1525.44,1534.06,21232,3646526766.0,False,171746.73916729464
2023-04-17,000001.SZ,10.45,10.73,10.39,10.72,1304213,1669357649.18,False,1279.9731709314353
2023-04-17,000333.SZ,40.74,42.41,40.72,42.25,262280,1444699532.06,False,5508.233689415892
2023-04-17,300750.SZ,198.68,206.28,198.39,205.1,176632,7173869978.0,False,40614.780889080124
2023-04-17,600000.SH,5.79,5.93,5.79,5.92,360278,264817275.0,False,735.0359305869356
2023-04-17,600519.SH,1560.64,1573.64,1548.64,1573.64,30467,5303401395.0,False,174070.35136377063
2023-04-18,000001.SZ,10.72,10.99,10.68,10.79,1538936,2009934874.59,False,1306.0548811581507
2023-04-18,000333.SZ,42.03,44.23,42.0,43.61,387063,2197663192.06,False,5677.79196683744
2023-04-18,300750.SZ,205.11,210.72,204.77,205.72,140605,5793046443.0,False,41200.85660538388
2023-04-18,600000.SH,5.91,6.12,5.9,6.07,774123,582499848.0,False,752.464205300708
2023-04-18,600519.SH,1573.64,1589.64,1566.66,1578.64,18314,3220107647.0,False,175827.65354373702
2023-04-19,000001.SZ,10.81,10.86,10.62,10.64,1014378,1309536001.8,False,1290.974372275424
2023-04-19,000333.SZ,43.61,44.08,42.88,42.91,191887,1084909580.88,False,5653.898288471862
2023-04-19,300750.SZ,208.78,208.97,204.06,206.48,116224,4770263894.0,False,41043.70778840859
2023-04-19,600000.SH,6.02,6.11,5.96,6.06,522698,393443029.0,False,752.7157727789278
2023-04-19,600519.SH,1582.64,1586.14,1570.64,1579.64,14601,2568632845.0,False,175921.7070748579
2023-04-20,000001.SZ,10.69,10.69,10.41,10.54,811788,1033330703.78,False,1272.9070936993403
2023-04-20,000333.SZ,43.01,44.87,43.01,43.87,367949,2114956905.28,False,5747.962096051355
2023-04-20,300750.SZ,206.44,206.44,198.5,198.5,158438,6335888038.0,False,39989.69968063217
2023-04-20,600000.SH,6.03,6.22,6.03,6.21,723407,550359766.0,False,760.788554714013
2023-04-20,600519.SH,1580.75,1585.64,1549.64,1562.52,19885,3468366835.0,False,174421.2640181041
2023-04-21,000001.SZ,10.49,10.62,10.27,10.29,918668,1160509766.03,False,1263.2526288387098
2023-04-21,000333.SZ,44.23,45.43,43.58,43.68,398924,2311553652.07,False,5794.4712578586405
2023-04-21,300750.SZ,203.22,209.01,200.17,203.49,252760,10288953392.0,False,40706.41474916917
2023-04-21,600000.SH,6.2,6.26,6.1,6.12,502590,383793225.0,False,763.6308422372113
2023-04-21,600519.SH,1566.64,1568.72,1541.92,1546.11,18518,3210937222.0,False,173395.4650610217
2023-04-24,000001.SZ,10.27,10.29,9.82,9.89,1467672,1798133966.92,False,1225.1606400612673
2023-04-24,000333.SZ,43.03,45.58,42.84,43.86,339921,1960933653.82,False,5768.792318862324
2023-04-24,300750.SZ,203.56,204.06,196.77,198.99,173774,6922771298.0,False,39837.785272825626
2023-04-24,600000.SH,6.12,6.17,6.0,6.02,433485,326606926.0,False,753.4445851644232
2023-04-24,600519.SH,1541.64,1542.64,1521.64,1525.64,20231,3456728718.0,False,170862.96861252532
2023-04-25,000001.SZ,9.93,10.16,9.91,10.07,1301901,1595320169.74,False,1225.3774824199381
2023-04-25,000333.SZ,43.83,44.87,42.48,44.48,429621,2450369690.61,False,5703.561256572654
2023-04-25,300750.SZ,199.61,199.61,189.61,192.89,168989,6532955961.0,False,38659.060418133726
2023-04-25,600000.SH,6.06,6.15,6.05,6.09,428053,323698545.0,False,756.2113686856534
2023-04-25,600519.SH,1526.64,1556.62,1522.64,1551.02,20583,3534989917.0,False,171743.1820920177
2023-04-26,000001.SZ,10.04,10.04,9.78,9.91,991260,1197555724.16,False,1208.1146461675041
2023-04-26,000333.SZ,43.85,44.18,42.8,43.53,239342,1357589706.8,False,5672.17499143485
2023-04-26,300750.SZ,192.9,207.85,189.91,204.4,397075,8801110231.0,False,22164.856087640874
2023-04-26,600000.SH,6.09,6.09,5.95,5.99,509194,380460213.0,False,747.1812570454483
2023-04-26,600519.SH,1564.64,1581.64,1540.64,1564.55,27892,4861477657.0,False,174296.4884913237
2023-04-27,000001.SZ,9.85,10.14,9.79,10.05,1004093,1222755932.37,False,1217.7715932388733
2023-04-27,000333.SZ,43.0,44.58,43.0,44.09,157771,898336282.72,False,5693.925263324692
2023-04-27,300750.SZ,203.9,212.38,202.21,210.9,339691,7764148296.0,False,22856.50280990665
2023-04-27,600000.SH,6.01,6.04,5.95,6.01,492695,367760167.0,False,746.4256121941567
2023-04-27,600519.SH,1568.64,1590.64,1550.64,1578.56,25605,4489906864.0,False,175352.7382933021
2023-04-28,000001.SZ,10.05,10.57,10.01,10.34,1445254,1816868032.98,False,1257.127143726985
2023-04-28,000333.SZ,44.08,44.18,43.04,43.61,156906,891005834.71,False,5678.596323340089
2023-04-28,300750.SZ,213.9,217.23,206.79,210.75,271048,6269727389.0,False,23131.428341105635
2023-04-28,600000.SH,6.0,6.18,6.0,6.13,388413,294352873.0,False,757.8347609374557
2023-04-28,600519.SH,1583.65,1603.41,1574.61,1581.16,26225,4636084177.0,False,176781.09349857006
2023-05-04,000001.SZ,10.19,10.62,9.98,10.52,1478264,1863146144.16,False,1260.3608991086844
2023-05-04,000333.SZ,44.05,45.28,42.68,43.41,268566,1525949937.48,False,5681.843336386587
2023-05-04,300750.SZ,210.9,212.4,204.45,205.42,194091,4416464194.0,False,22754.605798311102
2023-05-04,600000.SH,6.01,6.28,5.88,6.21,758666,575141257.0,False,758.0954688888128
2023-05-04,600519.SH,1589.64,1598.31,1556.64,1570.54,27466,4818999650.0,False,175453.27495813006
2023-05-05,000001.SZ,10.57,10.9,10.54,10.7,1762189,2283981032.07,False,1296.1044655652715
2023-05-05,000333.SZ,43.23,43.23,40.91,42.16,342123,1879206731.19,False,5492.781050060943
2023-05-05,300750.SZ,204.9,209.9,203.62,206.9,167409,3793534213.0,False,22660.27640688374
2023-05-05,600000.SH,6.21,6.43,6.19,6.29,679911,529531597.0,False,778.8248711963772
2023-05-05,600519.SH,1586.64,1586.64,1557.03,1570.64,20714,3621305973.0,False,174824.07902867626
2023-05-08,000001.SZ,10.73,11.28,10.63,11.11,2630719,3478891629.35,False,1322.4109566053994
2023-05-08,000333.SZ,42.16,42.82,41.3,41.84,208722,1151128787.42,False,5515.129154665057
2023-05-08,300750.SZ,209.9,213.69,205.96,210.71,227531,5237667345.0,False,23019.576870843972
2023-05-08,600000.SH,6.3,6.7,6.29,6.6,1431179,1148389705.0,False,802.4081578894045
2023-05-08,600519.SH,1588.96,1589.64,1537.81,1541.16,33171,5742915994.0,False,173130.62596846643
2023-05-09,000001.SZ,11.19,11.39,10.92,10.95,2422534,3238716470.97,False,1336.912700077687
2023-05-09,000333.SZ,41.63,42.39,40.84,41.63,181394,995439011.13,False,5487.717405923018
2023-05-09,300750.SZ,210.28,210.28,203.95,205.73,196538,4447695097.0,False,22630.20432181054
2023-05-09,600000.SH,6.67,6.75,6.47,6.49,1220590,987860019.0,False,809.3299297880533
2023-05-09,600519.SH,1535.64,1560.62,1527.71,1542.64,29378,5057346564.0,False,172147.40840084417
2023-05-10,000001.SZ,10.96,11.05,10.59,10.63,1237053,1600189994.17,False,1293.5500695362284
2023-05-10,000333.SZ,41.33,42.83,40.71,42.23,174626,965082241.01,False,5526.566725516246
2023-05-10,300750.SZ,205.7,214.15,201.11,212.42,289568,6637247354.0,False,22921.20453226876
2023-05-10,600000.SH,6.46,6.48,6.18,6.23,873389,677598927.0,False,775.8271823895194
2023-05-10,600519.SH,1535.83,1556.64,1535.64,1545.64,20773,3588550877.0,False,172750.72820488134
2023-05-11,000001.SZ,10.74,10.91,10.59,10.64,903758,1166479364.89,False,1290.6987986717684
2023-05-11,000333.SZ,42.38,43.55,42.17,42.28,126225,706491977.76,False,5597.084395008913
2023-05-11,300750.SZ,212.45,222.88,211.1,220.3,347474,8292776226.0,False,23865.889896798035
2023-05-11,600000.SH,6.25,6.33,6.18,6.2,431354,332304491.0,False,770.3753552766406
2023-05-11,600519.SH,1551.64,1555.64,1535.64,1537.71,15246,2623835905.0,False,172099.9544142726
2023-05-12,000001.SZ,10.61,10.66,10.4,10.41,885604,1124579090.54,False,1269.8441860470368
2023-05-12,000333.SZ,42.16,44.32,42.14,42.65,165590,935578508.15,False,5649.96985415786
2023-05-12,300750.SZ,221.89,224.46,217.88,217.88,223100,5363787910.0,False,24042.0793814433
2023-05-12,600000.SH,6.23,6.24,6.11,6.15,550037,420040623.0,False,763.6588502228032
2023-05-12,600519.SH,1535.64,1550.52,1525.65,1527.04,19460,3335038590.0,False,171379.16700924974
2023-05-15,000001.SZ,10.47,10.64,10.24,10.62,928326,1173804243.15,False,1264.4310760982673
2023-05-15,000333.SZ,42.69,43.57,41.84,43.42,140666,786956984.75,False,5594.507448495016
2023-05-15,300750.SZ,220.91,223.9,215.0,218.19,267065,6408351582.0,False,23995.475191432797
2023-05-15,600000.SH,6.15,6.24,6.04,6.22,491756,373081744.0,False,758.6724798477294
2023-05-15,600519.SH,1522.64,1537.64,1511.84,1536.94,25740,4384647977.0,False,170343.74425019426
2023-05-16,000001.SZ,10.59,10.71,10.36,10.41,998302,1267712090.05,False,1269.8683264683432
2023-05-16,000333.SZ,43.42,44.07,41.94,42.18,136126,760273937.11,False,5585.075129732748
2023-05-16,300750.SZ,218.3,220.87,216.67,218.9,139740,3336944402.0,False,23879.66510662659
2023-05-16,600000.SH,6.23,6.31,6.17,6.2,413977,318997697.0,False,770.5686475335586
2023-05-16,600519.SH,1534.63,1540.63,1517.64,1523.93,22224,3785811907.0,False,170347.90798236142
2023-05-17,000001.SZ,10.37,10.43,10.23,10.28,754621,945315193.07,False,1252.701943187375
2023-05-17,000333.SZ,42.05,43.23,41.64,41.85,90763,501402349.7,False,5524.303402267444
2023-05-17,300750.SZ,218.9,221.58,215.96,219.9,182464,4350981986.0,False,23845.700993072605
2023-05-17,600000.SH,6.2,6.22,6.11,6.14,294426,224614977.0,False,762.891106763669
2023-05-17,600519.SH,1528.64,1533.64,1519.65,1521.64,16777,2858697942.0,False,170393.86910651487
2023-05-18,000001.SZ,10.36,10.43,10.22,10.28,687187,861347534.32,False,1253.4397977843005
2023-05-18,000333.SZ,41.98,42.25,41.38,41.83,110695,609452710.03,False,5505.693211346493
2023-05-18,300750.SZ,221.2,221.27,210.94,212.3,241239,5653225268.0,False,23434.126604736382
2023-05-18,600000.SH,6.17,6.28,6.14,6.21,387144,297590092.0,False,768.6806252970471
2023-05-18,600519.SH,1525.63,1526.04,1510.64,1511.64,19219,3260170684.0,False,169632.69077475416
2023-05-19,000001.SZ,10.22,10.23,10.11,10.13,688414,851165593.52,False,1236.4152871963672
2023-05-19,000333.SZ,41.49,43.69,41.49,42.63,203843,1140023138.6,False,5592.652868138714
2023-05-19,300750.SZ,211.65,214.08,209.9,209.9,194722,4503095902.0,False,23125.768541818594
2023-05-19,600000.SH,6.2,6.2,6.05,6.07,350725,265388166.0,False,756.6844849953667
2023-05-19,600519.SH,1491.64,1524.97,1476.19,1520.14,26741,4504022549.0,False,168431.34321827904
2023-05-22,000001.SZ,10.1,10.24,10.1,10.17,549328,679754868.04,False,1237.429856187924
2023-05-22,000333.SZ,42.63,43.78,42.63,43.54,151998,860397294.04,False,5660.582994776247
2023-05-22,300750.SZ,208.9,212.4,206.9,210.2,146791,3373155581.0,False,22979.30786628608
2023-05-22,600000.SH,6.11,6.13,6.05,6.07,211743,159997715.0,False,755.6222165549747
2023-05-22,600519.SH,1510.65,1572.64,1510.64,1566.64,41284,7165754129.0,False,173572.18605270807
2023-05-23,000001.SZ,10.17,10.2,10.0,10.0,694364,852871175.23,False,1228.2767759129217
2023-05-23,000333.SZ,43.52,43.78,42.71,42.78,155851,878179041.78,False,5634.734725988284
2023-05-23,300750.SZ,210.78,211.61,205.05,205.32,196132,4466450818.0,False,22772.677676258845
2023-05-23,600000.SH,6.07,6.12,5.98,5.98,292137,219372233.0,False,750.9224541910131
2023-05-23,600519.SH,1574.63,1574.64,1545.19,1545.19,16894,2934118394.0,False,173678.13389369007
2023-05-24,000001.SZ,9.99,10.0,9.8,9.8,824251,996600577.63,False,1209.0984149609767
2023-05-24,000333.SZ,42.65,42.72,40.33,40.43,266742,1447402650.34,False,5426.227029639127
2023-05-24,300750.SZ,204.7,208.41,203.62,205.15,147857,3347225922.0,False,22638.264823444275
2023-05-24,600000.SH,5.96,5.97,5.82,5.82,451459,331690566.0,False,734.7080598681165
2023-05-24,600519.SH,1552.97,1554.19,1530.75,1531.54,18479,3182416491.0,False,172218.00373396827
2023-05-25,000001.SZ,9.78,9.79,9.6,9.72,882744,1050002541.88,False,1189.4757051648044
2023-05-25,000333.SZ,40.23,41.32,39.51,40.84,171434,923732852.68,False,5388.271012051285
2023-05-25,300750.SZ,204.75,207.58,202.39,203.99,137533,3096261721.0,False,22512.86397446431
2023-05-25,600000.SH,5.79,5.86,5.77,5.84,344090,250361066.0,False,727.603435147781
2023-05-25,600519.SH,1526.63,1530.64,1510.64,1521.64,22466,3814504093.0,False,169790.08693136295
2023-05-26,000001.SZ,9.72,9.92,9.63,9.89,511429,613772897.17,False,1200.113597723242
2023-05-26,000333.SZ,40.84,41.28,40.31,41.09,111661,602101037.87,False,5392.22322807426
2023-05-26,300750.SZ,204.1,204.4,197.4,199.9,182117,4001016009.0,False,21969.481207136072
2023-05-26,600000.SH,5.84,5.89,5.78,5.85,189129,138237161.0,False,730.9146719963622
2023-05-26,600519.SH,1522.64,1525.64,1495.65,1511.2,18291,3090691546.0,False,168973.35006287246
2023-05-29,000001.SZ,9.9,9.92,9.74,9.77,566074,680275577.83,False,1201.7431958189213
2023-05-29,000333.SZ,41.1,41.52,39.91,40.28,174334,936727537.58,False,5373.177564789427
2023-05-29,300750.SZ,202.1,202.12,195.5,196.96,165372,3599743503.0,False,21767.551356940716
2023-05-29,600000.SH,5.85,5.99,5.84,5.94,296241,218780886.0,False,738.5233171640657
2023-05-29,600519.SH,1517.64,1518.99,1498.64,1509.64,17771,2998147159.0,False,168710.09841877216
2023-05-30,000001.SZ,9.77,9.78,9.59,9.66,763997,906316373.61,False,1186.282634107202
2023-05-30,000333.SZ,40.28,40.49,38.62,39.16,320846,1678415610.05,False,5231.21874684428
2023-05-30,300750.SZ,196.9,204.89,195.91,204.89,264671,5890767209.0,False,22256.94242663533
2023-05-30,600000.SH,5.95,5.97,5.83,5.9,269428,198416676.0,False,736.4367326335793
2023-05-30,600519.SH,1509.64,1519.53,1479.2,1488.93,26453,4424706688.0,False,167266.72543756853
2023-05-31,000001.SZ,9.61,9.63,9.37,9.39,1179587,1376758356.68,False,1167.1528735735474
2023-05-31,000333.SZ,39.42,39.53,37.93,38.16,280650,1445385156.22,False,5150.13417502227
2023-05-31,300750.SZ,204.95,206.79,200.06,201.07,188697,4194067555.0,False,22226.466530999434
2023-05-31,600000.SH,5.9,5.9,5.82,5.88,265694,194680269.0,False,732.7236181471919
2023-05-31,600519.SH,1481.65,1486.36,1447.31,1449.54,36957,6053737281.0,False,163804.88895202533
2023-06-01,000001.SZ,9.39,9.47,9.29,9.38,743023,861646489.19,False,1159.6498213245081
2023-06-01,000333.SZ,38.35,39.13,37.86,38.22,348935,1711949689.19,False,4906.213733761302
2023-06-01,300750.SZ,202.54,207.9,201.41,202.8,159410,3583431678.0,False,22479.34055579951
2023-06-01,600000.SH,5.86,5.88,5.79,5.81,306063,223217358.0,False,729.318336420933
2023-06-01,600519.SH,1438.64,1495.63,1438.64,1456.56,28645,4708722933.0,False,164382.01895618782
2023-06-02,000001.SZ,9.47,9.76,9.43,9.72,1221843,1446502669.25,False,1183.8695063522891
2023-06-02,000333.SZ,39.33,41.43,39.32,41.13,499392,2566107482.17,False,5138.46333575628
2023-06-02,300750.SZ,204.8,209.89,203.9,208.34,231815,5283702827.0,False,22792.756409205616
2023-06-02,600000.SH,5.82,5.89,5.82,5.88,206972,151681592.0,False,732.8604448910963
2023-06-02,600519.SH,1465.64,1493.79,1456.75,1491.24,25058,4163116244.0,False,166139.20680022347
2023-06-05,000001.SZ,9.67,9.79,9.61,9.7,521846,620531416.42,False,1189.1083124523327
2023-06-05,000333.SZ,41.84,43.48,40.92,43.27,399400,2119331989.14,False,5306.289406960441
2023-06-05,300750.SZ,205.8,205.8,196.29,199.7,335951,7357059963.0,False,21899.205428767887
2023-06-05,600000.SH,5.88,5.96,5.84,5.94,212867,157069299.0,False,737.8752883255742
2023-06-05,600519.SH,1486.8,1503.52,1483.64,1485.64,16201,2704294313.0,False,166921.44392321463
2023-06-06,000001.SZ,9.7,9.88,9.61,9.63,833273,997039311.52,False,1196.533802871328
2023-06-06,000333.SZ,43.27,44.64,42.38,43.54,342618,1866611024.4,False,5448.082191828801
2023-06-06,300750.SZ,197.91,202.2,196.88,199.18,172425,3782524816.0,False,21937.218013629114
2023-06-06,600000.SH,5.94,6.06,5.89,5.91,337364,251262504.0,False,744.7816127387629
2023-06-06,600519.SH,1490.64,1504.64,1472.19,1487.63,19914,3326778183.0,False,167057.2553479964
2023-06-07,000001.SZ,9.68,9.86,9.67,9.73,643698,770386878.47,False,1196.8141558153047
2023-06-07,000333.SZ,44.83,45.1,43.82,44.58,369087,2035955381.23,False,5516.193692083439
2023-06-07,300750.SZ,196.28,196.4,184.35,187.2,500939,10438080444.0,False,20837.02894763634
2023-06-07,600000.SH,5.93,6.03,5.93,5.99,215934,161137015.0,False,746.2327146257653
2023-06-07,600519.SH,1493.63,1499.44,1470.64,1471.54,17890,2971782064.0,False,166114.14555617663
2023-06-08,000001.SZ,9.75,9.99,9.65,9.91,869397,1048266235.89,False,1205.7394215646016
2023-06-08,000333.SZ,45.03,46.44,44.53,46.22,475531,2680031435.61,False,5635.871132712694
2023-06-08,300750.SZ,192.65,193.2,186.9,187.91,238579,5007821210.0,False,20990.20119121968
2023-06-08,600000.SH,6.02,6.12,5.96,6.1,276346,207840752.0,False,752.103348700542
2023-06-08,600519.SH,1476.47,1495.64,1470.65,1488.64,14703,2441569677.0,False,166059.28565598858
2023-06-09,000001.SZ,9.85,9.88,9.64,9.67,1315285,1566929273.97,False,1191.3230014559583
2023-06-09,000333.SZ,46.83,47.09,45.1,45.44,410652,2319633365.17,False,5648.6596075752705
2023-06-09,300750.SZ,188.45,193.03,188.45,191.94,242617,5126984497.0,False,21132.008461896734
2023-06-09,600000.SH,6.1,6.13,6.06,6.09,222881,168547961.0,False,756.2239984565755
2023-06-09,600519.SH,1492.63,1498.61,1486.64,1486.64,17580,2938014322.0,False,167122.5439135381
2023-06-12,000001.SZ,9.61,9.69,9.55,9.58,758747,896015708.76,False,1180.9149937462685
2023-06-12,000333.SZ,45.45,47.15,45.03,46.68,396210,2256003426.76,False,5693.958826783777
2023-06-12,300750.SZ,191.85,193.9,188.8,191.85,181316,3835654848.0,False,21154.530477177967
2023-06-12,600000.SH,6.07,6.07,5.96,5.96,203001,151516728.0,False,746.3841458909069
2023-06-12,600519.SH,1486.66,1528.64,1482.16,1516.64,27029,4562308599.0,False,168793.0962669725
2023-06-13,000001.SZ,9.55,9.63,9.48,9.56,849988,1000183566.92,False,1176.7031615975754
2023-06-13,000333.SZ,46.59,47.1,45.59,45.94,248501,1409611781.98,False,5672.459193242683
2023-06-13,300750.SZ,190.91,193.83,190.58,193.0,132437,2813381281.0,False,21243.166796288046
2023-06-13,600000.SH,5.96,6.01,5.93,5.99,157243,117086539.0,False,744.6216302156535
2023-06-13,600519.SH,1514.52,1525.25,1505.64,1519.64,14663,2485398902.0,False,169501.39139330288
2023-06-14,000001.SZ,9.63,9.81,9.54,9.55,1069200,1237376775.64,False,1157.2921582865695
2023-06-14,000333.SZ,46.56,47.31,45.95,46.41,360007,2057761143.13,False,5715.892033016025
2023-06-14,300750.SZ,197.05,197.53,192.9,193.3,163629,3508630636.0,False,21442.596581290603
2023-06-14,600000.SH,6.01,6.04,5.93,5.93,179861,134018714.0,False,745.1238122772586
2023-06-14,600519.SH,1539.64,1554.88,1526.85,1547.52,31506,5438040356.0,False,172603.32495397702
2023-06-15,000001.SZ,9.57,9.71,9.47,9.69,925301,1064567231.22,False,1150.5091113270169
2023-06-15,000333.SZ,46.59,47.91,46.34,47.33,312765,1814552067.08,False,5801.646818154205
2023-06-15,300750.SZ,194.89,210.78,194.79,210.78,504957,11301760757.0,False,22381.630033844467
2023-06-15,600000.SH,5.96,6.02,5.92,5.98,209370,155705975.0,False,743.688088073745
2023-06-15,600519.SH,1550.98,1576.29,1543.64,1575.64,25223,4395900802.0,False,174281.44162074296
2023-06-16,000001.SZ,9.69,9.75,9.65,9.71,842034,978869317.29,False,1162.5056913260034
2023-06-16,000333.SZ,47.73,48.32,46.73,47.68,300061,1745695208.17,False,5817.801074348216
2023-06-16,300750.SZ,211.9,214.07,208.2,211.0,296398,6849470339.0,False,23109.030219502154
2023-06-16,600000.SH,5.98,6.0,5.92,5.96,269086,199680699.0,False,742.070189456159
2023-06-16,600519.SH,1577.64,1620.64,1570.74,1618.33,37918,6742301361.0,False,177812.6842396751
2023-06-19,000001.SZ,9.71,9.71,9.49,9.53,953997,1096351096.71,False,1149.2185999641508
2023-06-19,000333.SZ,47.33,47.47,46.03,46.14,289110,1651975820.25,False,5714.004428245305
2023-06-19,300750.SZ,212.89,212.89,205.9,207.78,187071,4271126762.0,False,22831.581388884435
2023-06-19,600000.SH,5.94,5.95,5.87,5.87,173687,128045971.0,False,737.2225382440828
2023-06-19,600519.SH,1610.64,1618.59,1558.64,1564.64,31700,5584248725.0,False,176159.26577287065
2023-06-20,000001.SZ,9.52,9.54,9.43,9.44,544551,620374307.69,False,1139.2400485721264
2023-06-20,000333.SZ,46.25,48.25,46.13,46.91,243810,1413907765.99,False,5799.219744842295
2023-06-20,300750.SZ,207.77,211.21,205.67,207.9,179605,4094614886.0,False,22797.889179031765
2023-06-20,600000.SH,5.89,5.9,5.82,5.82,204174,149411204.0,False,731.7836942999598
2023-06-20,600519.SH,1560.64,1585.64,1555.64,1564.1,20947,3659824529.0,False,174718.31426934645
2023-06-21,000001.SZ,9.44,9.56,9.42,9.43,616583,703681563.97,False,1141.26008010276
2023-06-21,000333.SZ,47.33,48.93,46.73,47.61,451303,2649838248.05,False,5871.5281042891365
2023-06-21,300750.SZ,208.71,210.4,204.8,204.81,171184,3897370633.0,False,22767.143150060754
2023-06-21,600000.SH,5.82,5.9,5.8,5.8,201221,147098242.0,False,731.0282823363367
2023-06-21,600519.SH,1560.64,1577.24,1555.64,1556.47,17721,3088635934.0,False,174292.41769651824
2023-06-26,000001.SZ,9.38,9.38,9.23,9.26,676577,757975991.51,False,1120.3100186822785
2023-06-26,000333.SZ,49.16,49.28,47.13,47.47,335581,1957482191.73,False,5833.113888241587
2023-06-26,300750.SZ,199.81,206.85,199.58,205.07,159106,3564403987.0,False,22402.700005028095
2023-06-26,600000.SH,5.8,5.81,5.67,5.69,340079,244185921.0,False,718.0270495972994
2023-06-26,600519.SH,1540.75,1550.64,1515.64,1529.64,23993,4098619510.0,False,170825.63706080941
2023-06-27,000001.SZ,9.28,9.4,9.25,9.36,461702,519520687.33,False,1125.229449580032
2023-06-27,000333.SZ,47.55,49.48,47.21,49.02,481237,2851634264.51,False,5925.633865455067
2023-06-27,300750.SZ,203.88,206.2,201.08,203.37,134206,2996519806.0,False,22327.763333979106
2023-06-27,600000.SH,5.68,5.76,5.67,5.72,184127,132407801.0,False,719.1112710248905
2023-06-27,600519.SH,1530.63,1540.34,1520.73,1531.69,15174,2598138744.0,False,171223.06207987346
2023-06-28,000001.SZ,9.36,9.41,9.3,9.38,365396,412039353.93,False,1127.651517613767
2023-06-28,000333.SZ,48.78,49.85,48.54,49.03,327901,1964640593.03,False,5991.566335662288
2023-06-28,300750.SZ,202.12,206.4,201.9,204.4,135586,3044798943.0,False,22456.588017936956
2023-06-28,600000.SH,5.73,5.75,5.68,5.74,158066,113547071.0,False,718.3522768969924
2023-06-28,600519.SH,1533.82,1554.64,1531.64,1549.02,18574,3199294221.0,False,172245.83939916012
2023-06-29,000001.SZ,9.37,9.37,9.25,9.26,485906,544534825.51,False,1120.6587807312526
2023-06-29,000333.SZ,49.05,49.12,47.55,48.47,276783,1635162204.39,False,5907.740736931098
2023-06-29,300750.SZ,203.41,206.81,202.4,202.4,99302,2228285745.0,False,22439.485055688707
2023-06-29,600000.SH,5.74,5.78,5.71,5.71,216274,155944843.0,False,721.0521976751713
2023-06-29,600519.SH,1551.64,1555.63,1533.65,1534.35,14231,2446524134.0,False,171915.12430609233
2023-06-30,000001.SZ,9.26,9.39,9.23,9.31,519053,583494654.79,False,1124.1523597590226
2023-06-30,000333.SZ,48.56,49.15,47.89,48.25,264876,1563113126.59,False,5901.301464043552
2023-06-30,300750.SZ,203.89,209.89,200.25,208.69,215515,4901528280.0,False,22743.3277498086
2023-06-30,600000.SH,5.7,5.8,5.7,5.77,194253,140653932.0,False,724.075983382496
2023-06-30,600519.SH,1546.55,1555.54,1533.03,1537.55,20459,3472586730.0,False,169733.9425191847
2023-07-03,000001.SZ,9.32,9.61,9.31,9.57,885091,1009887428.65,False,1140.998415586646
2023-07-03,000333.SZ,48.21,49.71,47.66,48.39,318762,1892919808.14,False,5938.34838575489
2023-07-03,300750.SZ,211.85,213.85,208.45,209.78,155544,3592766609.0,False,23098.072628966722
2023-07-03,600000.SH,5.78,5.86,5.78,5.85,208738,152174189.0,False,729.0200586381013
2023-07-03,600519.SH,1545.55,1571.83,1538.55,1570.65,19139,3286737792.0,False,171729.86007628404
2023-07-04,000001.SZ,9.54,9.57,9.4,9.48,616301,701885269.78,False,1138.867647107501
2023-07-04,000333.SZ,48.61,48.93,47.45,48.23,219446,1290009361.97,False,5878.482004547816
2023-07-04,300750.SZ,208.4,209.95,207.58,209.15,101557,2322971861.0,False,22873.57701586301
2023-07-04,600000.SH,5.83,5.86,5.76,5.81,174474,126841704.0,False,726.9948760273737
2023-07-04,600519.SH,1570.75,1580.99,1564.63,1577.15,12472,2155553635.0,False,172831.4332103913
2023-07-05,000001.SZ,9.44,9.48,9.38,9.42,423482,479726282.47,False,1132.8138680510624
2023-07-05,000333.SZ,48.42,48.66,47.75,48.45,187016,1103273063.53,False,5899.3511973841805
2023-07-05,300750.SZ,209.16,210.31,205.4,207.41,86364,1968738616.0,False,22795.82483442175
2023-07-05,600000.SH,5.79,5.81,5.74,5.78,113966,82596378.0,False,724.7457838302652
2023-07-05,600519.SH,1576.55,1578.52,1546.55,1561.93,14745,2523960725.0,False,171174.00644286198
2023-07-06,000001.SZ,9.38,9.42,9.29,9.32,597096,672396816.4,False,1126.111741495505
2023-07-06,000333.SZ,48.46,49.08,47.63,47.7,169577,995554522.94,False,5870.811035340878
2023-07-06,300750.SZ,206.9,208.38,203.87,204.75,102836,2323630148.0,False,22595.49329028745
2023-07-06,600000.SH,5.78,5.8,5.72,5.74,148274,107119878.0,False,722.4454590825094
2023-07-06,600519.SH,1555.71,1579.55,1546.55,1549.53,15141,2589459002.0,False,171022.98408295357
2023-07-07,000001.SZ,9.28,9.35,9.26,9.28,484441,543212455.87,False,1121.3180880024606
2023-07-07,000333.SZ,47.37,47.92,46.53,47.08,293796,1698410265.17,False,5780.916912313306
2023-07-07,300750.SZ,204.7,204.75,201.5,202.15,98084,2186457550.0,False,22291.684168671753
2023-07-07,600000.SH,5.74,5.78,5.71,5.75,147488,106398636.0,False,721.405375352571
2023-07-07,600519.SH,1547.55,1555.54,1536.55,1536.58,15167,2571458553.0,False,169542.99156062503
2023-07-10,000001.SZ,9.33,9.36,9.25,9.28,495882,556581581.65,False,1122.4073099043724
2023-07-10,000333.SZ,47.15,47.26,45.37,45.96,320860,1818167155.99,False,5666.543526740635
2023-07-10,300750.SZ,202.9,209.9,202.9,208.7,160938,3674535624.0,False,22831.99507885024
2023-07-10,600000.SH,5.75,5.78,5.73,5.75,114107,82406254.0,False,722.1840377890927
2023-07-10,600519.SH,1551.55,1561.51,1546.55,1547.45,13477,2298241728.0,False,170530.66171996735
2023-07-11,000001.SZ,9.3,9.34,9.27,9.29,570809,640131787.1,False,1121.4465558531838
2023-07-11,000333.SZ,46.13,46.41,45.73,45.99,158028,896629010.33,False,5673.861659516036
2023-07-11,300750.SZ,209.55,209.89,206.48,208.99,91588,2094183189.0,False,22865.25733720575
2023-07-11,600000.SH,5.79,5.82,5.76,5.81,140742,102272416.0,False,726.6659277259098
2023-07-11,600519.SH,1556.55,1561.72,1548.65,1556.55,12583,2151079270.0,False,170951.22546292617
2023-07-12,000001.SZ,9.31,9.44,9.3,9.32,736084,830230820.88,False,1127.9022786529797
2023-07-12,000333.SZ,46.23,47.41,45.73,46.42,187815,1079865899.4,False,5749.625426084179
2023-07-12,300750.SZ,208.4,209.3,206.4,206.89,86933,1976029055.0,False,22730.482728077946
2023-07-12,600000.SH,5.81,5.85,5.78,5.78,144145,105021891.0,False,728.5850428388081
2023-07-12,600519.SH,1559.59,1569.55,1557.88,1560.35,13285,2280785351.0,False,171681.24584117427
2023-07-13,000001.SZ,9.4,9.55,9.35,9.51,1124230,1281848378.91,False,1140.2011856203803
2023-07-13,000333.SZ,46.53,47.65,46.53,47.13,169307,978559177.16,False,5779.791604363671
2023-07-13,300750.SZ,208.11,214.9,208.11,209.9,222577,5166809845.0,False,23213.583815937855
2023-07-13,600000.SH,5.83,5.93,5.8,5.93,269254,198390792.0,False,736.8165078327527
2023-07-13,600519.SH,1568.54,1591.96,1565.56,1584.95,25807,4479772500.0,False,173587.49564071762
2023-07-14,000001.SZ,9.51,9.63,9.48,9.54,719147,825295738.24,False,1147.6036724619585
2023-07-14,000333.SZ,47.08,47.6,46.35,46.79,105000,603243715.63,False,5745.178244095238
2023-07-14,300750.SZ,210.05,210.83,206.45,208.18,130041,2971007805.0,False,22846.700694396382
2023-07-14,600000.SH,5.95,5.98,5.91,5.97,195697,145348730.0,False,742.7233427185905
2023-07-14,600519.SH,1602.55,1605.05,1587.75,1599.55,18550,3245530255.0,False,174961.19973045823
2023-07-17,000001.SZ,9.49,9.49,9.34,9.39,608343,687262893.86,False,1129.7292709211745
2023-07-17,000333.SZ,46.53,46.53,45.63,46.46,90425,512387286.53,False,5666.433912413602
2023-07-17,300750.SZ,206.91,207.9,203.5,205.55,104525,2354412853.0,False,22524.87780913657
2023-07-17,600000.SH,5.97,5.98,5.88,5.95,139921,103339601.0,False,738.5567641740696
2023-07-17,600519.SH,1597.55,1597.55,1573.15,1576.52,14336,2482069846.0,False,173135.45242745537
2023-07-18,000001.SZ,9.37,9.4,9.3,9.33,471966,531299772.68,False,1125.7162013365369
2023-07-18,000333.SZ,46.73,46.73,45.0,46.07,239882,1351665336.24,False,5634.709299739038
2023-07-18,300750.SZ,207.7,207.78,204.4,205.4,85758,1934097473.0,False,22552.968504396093
2023-07-18,600000.SH,5.95,5.95,5.9,5.92,120266,88895175.0,False,739.1546654914938
2023-07-18,600519.SH,1580.13,1581.06,1567.55,1569.35,14738,2544005063.0,False,172615.35235445786
2023-07-19,000001.SZ,9.31,9.4,9.31,9.39,382196,430771279.03,False,1127.0952051565164
2023-07-19,000333.SZ,46.22,47.68,46.0,47.46,278044,1601948633.66,False,5761.493266029837
2023-07-19,300750.SZ,203.9,204.85,198.48,199.4,176002,3880774172.0,False,22049.60268633311
2023-07-19,600000.SH,5.89,5.96,5.89,5.94,181896,134677036.0,False,740.406803887936
2023-07-19,600519.SH,1561.56,1574.55,1560.35,1569.55,12483,2147704435.0,False,172050.34326684292
2023-07-20,000001.SZ,9.41,9.52,9.37,9.4,554070,629696111.29,False,1136.491979876189
2023-07-20,000333.SZ,47.23,47.98,46.77,46.86,140516,815686031.1,False,5804.933467363147
2023-07-20,300750.SZ,198.9,206.59,198.9,200.95,144416,3226693428.0,False,22343.046670729003
2023-07-20,600000.SH,5.96,6.01,5.93,5.95,266868,198503271.0,False,743.8256778632133
2023-07-20,600519.SH,1574.54,1595.53,1568.55,1570.55,16693,2897176490.0,False,173556.3703348709
2023-07-21,000001.SZ,9.39,9.47,9.36,9.42,377103,427375950.49,False,1133.3135787569975
2023-07-21,000333.SZ,46.88,47.41,46.32,46.46,120709,693513021.31,False,5745.329853697735
2023-07-21,300750.SZ,200.75,202.88,199.66,201.49,83935,1858027959.0,False,22136.50990647525
2023-07-21,600000.SH,5.95,6.0,5.92,5.97,276614,196813979.0,False,711.5112720252771
2023-07-21,600519.SH,1578.43,1619.05,1572.55,1617.85,39377,6931535726.0,False,176030.0613556137
2023-07-24,000001.SZ,9.41,9.41,9.32,9.34,426852,480713395.7,False,1126.1828355027035
2023-07-24,000333.SZ,46.46,46.69,45.46,46.1,115888,657937835.19,False,5677.359478030513
2023-07-24,300750.SZ,197.05,200.78,194.04,198.88,137193,2990356786.0,False,21796.71547382155
2023-07-24,600000.SH,5.93,6.01,5.92,5.98,258402,184072422.0,False,712.3490607657835
2023-07-24,600519.SH,1597.07,1617.7,1597.07,1617.7,19713,3476648177.0,False,176363.22107238878
2023-07-25,000001.SZ,9.53,9.81,9.52,9.8,2032958,2358815159.63,False,1160.287206931968
2023-07-25,000333.SZ,47.19,48.61,47.13,48.31,376481,2216891658.75,False,5888.455615954059
2023-07-25,300750.SZ,204.8,207.54,200.92,206.25,192862,4336672443.0,False,22485.883393307133
2023-07-25,600000.SH,6.03,6.14,6.02,6.12,314448,227784692.0,False,724.3954230906223
2023-07-25,600519.SH,1646.55,1675.43,1646.54,1675.1,43086,7837450019.0,False,181902.4745625029
2023-07-26,000001.SZ,9.73,9.82,9.64,9.75,751663,875260135.14,False,1164.4315805620338
2023-07-26,000333.SZ,48.14,48.87,47.81,47.91,187526,1105031413.54,False,5892.6837533995285
2023-07-26,300750.SZ,205.02,206.9,203.56,206.56,154568,3484702635.0,False,22544.786986957195
2023-07-26,600000.SH,6.13,6.19,6.11,6.14,228180,166416269.0,False,729.3201376106582
2023-07-26,600519.SH,1675.1,1682.54,1661.63,1675.1,19611,3580171484.0,False,182559.35362806587
2023-07-27,000001.SZ,9.76,9.95,9.73,9.83,1115196,1314228293.84,False,1178.4729265886892
2023-07-27,000333.SZ,47.88,48.45,47.68,47.81,151970,893501893.19,False,5879.462349082056
2023-07-27,300750.SZ,210.9,212.78,206.78,206.88,208592,4786800627.0,False,22948.15058583263
2023-07-27,600000.SH,6.18,6.25,6.14,6.22,261988,193006451.0,False,736.6995854771974
2023-07-27,600519.SH,1682.55,1701.34,1675.25,1684.58,20340,3749635290.0,False,184347.85103244838
2023-07-28,000001.SZ,9.77,10.38,9.75,10.34,2347013,2839828236.62,False,1209.975503595421
2023-07-28,000333.SZ,48.03,49.15,47.44,49.07,240041,1424164599.22,False,5933.005608291917
2023-07-28,300750.SZ,206.88,210.9,204.95,209.95,188031,4304001295.0,False,22889.849519494124
2023-07-28,600000.SH,6.18,6.37,6.18,6.35,465288,347454787.0,False,746.7520911779371
2023-07-28,600519.SH,1678.55,1746.55,1674.56,1743.55,39018,7330314112.0,False,187870.0628427905
2023-07-31,000001.SZ,10.38,10.58,10.31,10.4,1854952,2288940410.58,False,1233.9620704902336
2023-07-31,000333.SZ,50.28,50.63,48.48,48.65,325183,1952524582.78,False,6004.387015249875
2023-07-31,300750.SZ,213.9,219.4,213.0,217.65,299028,7103701374.0,False,23755.973935551185
2023-07-31,600000.SH,6.4,6.49,6.37,6.45,528042,400087143.0,False,757.6805310941176
2023-07-31,600519.SH,1754.55,1781.55,1720.55,1727.13,45379,8615279839.0,False,189851.6899667247
2023-08-01,000001.SZ,10.34,10.45,10.21,10.24,957735,1169570704.83,False,1221.1840486460242
2023-08-01,000333.SZ,48.65,49.02,47.46,47.58,204186,1197877268.87,False,5866.598439021284
2023-08-01,300750.SZ,217.3,219.0,214.4,215.4,156152,3695389756.0,False,23665.33733797838
2023-08-01,600000.SH,6.43,6.48,6.39,6.45,309343,234625800.0,False,758.4648755588457
2023-08-01,600519.SH,1724.56,1753.5,1724.44,1735.55,19231,3635857283.0,False,189062.30996828037
2023-08-02,000001.SZ,10.14,10.32,10.01,10.11,1115900,1343864165.36,False,1204.2872706873375
2023-08-02,000333.SZ,47.43,48.15,47.1,47.63,235436,1370719586.02,False,5822.047545914813
2023-08-02,300750.SZ,216.9,219.39,215.4,216.4,141472,3350493844.0,False,23683.088130513457
2023-08-02,600000.SH,6.41,6.44,6.28,6.33,426545,319717235.0,False,749.5510086860706
2023-08-02,600519.SH,1729.95,1736.55,1713.35,1726.55,18509,3478674239.0,False,187945.01264249824
2023-08-03,000001.SZ,10.07,10.45,10.03,10.41,1175848,1433255493.11,False,1218.912217488995
2023-08-03,000333.SZ,47.31,47.53,46.32,47.31,233629,1344124458.18,False,5753.243211159574
2023-08-03,300750.SZ,215.9,219.87,215.43,219.04,161805,3859823088.0,False,23854.782534532307
2023-08-03,600000.SH,6.37,6.43,6.29,6.41,293295,220449825.0,False,751.6317189178131
2023-08-03,600519.SH,1716.55,1736.55,1697.05,1725.02,21543,4031087705.0,False,187118.214965418
2023-08-04,000001.SZ,10.5,10.61,10.29,10.38,1303131,1611435431.36,False,1236.587443135034
2023-08-04,000333.SZ,47.63,48.32,47.14,47.25,196637,1147020984.84,False,5833.1900142902905
2023-08-04,300750.SZ,224.9,229.86,221.01,225.41,315697,7737835221.0,False,24510.322305881906
2023-08-04,600000.SH,6.44,6.5,6.39,6.43,342568,260297665.0,False,759.8423232759627
2023-08-04,600519.SH,1734.37,1753.07,1728.55,1740.02,24574,4655813751.0,False,189460.96488158216
2023-08-07,000001.SZ,10.29,10.33,10.2,10.24,646913,786506452.16,False,1215.7839650153885
2023-08-07,000333.SZ,47.12,47.52,46.67,47.21,153707,887391728.93,False,5773.268159094901
2023-08-07,300750.SZ,224.4,226.84,223.21,226.39,149277,3665507786.0,False,24555.0740301587
2023-08-07,600000.SH,6.42,6.42,6.34,6.37,260129,195449522.0,False,751.3561425292836
2023-08-07,600519.SH,1727.5,1744.55,1717.58,1734.48,23892,4491893140.0,False,188008.25129750543
2023-08-08,000001.SZ,10.2,10.29,10.08,10.18,725705,877489187.97,False,1209.1541163007007
2023-08-08,000333.SZ,46.83,46.88,46.29,46.33,136355,779253638.45,False,5714.888624912912
2023-08-08,300750.SZ,225.88,229.23,224.78,227.04,150667,3733050028.0,False,24776.825900827655
2023-08-08,600000.SH,6.32,6.4,6.28,6.37,270012,202344903.0,False,749.3922603439847
2023-08-08,600519.SH,1726.58,1740.26,1710.63,1736.55,17736,3333559505.0,False,187954.4150315742
2023-08-09,000001.SZ,10.14,10.28,10.13,10.25,577608,702060796.64,False,1215.4623839005
2023-08-09,000333.SZ,46.52,47.03,46.37,46.89,151434,868904097.46,False,5737.8402304634365
2023-08-09,300750.SZ,225.4,227.58,223.04,226.9,116847,2873152335.0,False,24589.01242650646
2023-08-09,600000.SH,6.35,6.4,6.32,6.4,177926,133937332.0,False,752.7698706203703
2023-08-09,600519.SH,1736.55,1751.55,1729.51,1736.83,18523,3506306394.0,False,189294.73594990012
2023-08-10,000001.SZ,10.23,10.29,10.14,10.24,475595,577123919.68,False,1213.477685173309
2023-08-10,000333.SZ,46.54,46.63,44.83,45.68,385305,2159087492.33,False,5603.580260650653
2023-08-10,300750.SZ,227.8,231.23,224.02,226.4,140410,3469375410.0,False,24708.89117584218
2023-08-10,600000.SH,6.3,6.31,6.2,6.27,528653,391107894.0,False,739.8196813410688
2023-08-10,600519.SH,1728.55,1735.55,1708.85,1721.55,18436,3454219140.0,False,187362.72184855718
2023-08-11,000001.SZ,10.25,10.35,9.97,9.97,943539,1132867239.31,False,1200.6575661525385
2023-08-11,000333.SZ,45.62,45.78,44.47,44.51,255333,1419423214.76,False,5559.10600964231
2023-08-11,300750.SZ,228.85,228.85,221.4,221.4,172041,4212036439.0,False,24482.747943804094
2023-08-11,600000.SH,6.29,6.29,6.08,6.08,370511,270665761.0,False,730.520176189101
2023-08-11,600519.SH,1731.55,1731.95,1680.43,1680.55,26786,4959166751.0,False,185140.25054132755
2023-08-14,000001.SZ,9.84,9.86,9.67,9.75,975920,1139185249.46,False,1167.2936813058448
2023-08-14,000333.SZ,43.83,44.9,43.61,44.77,195167,1073370152.49,False,5499.752276204481
2023-08-14,300750.SZ,219.1,219.88,210.11,212.8,256932,6000203547.0,False,23353.274590163935
2023-08-14,600000.SH,6.03,6.05,5.9,5.95,442455,315007728.0,False,711.9542733159304
2023-08-14,600519.SH,1656.55,1671.53,1642.55,1649.55,23731,4285362053.0,False,180580.7615776832
2023-08-15,000001.SZ,9.77,9.88,9.68,9.81,712813,834163039.6,False,1170.241058454321
2023-08-15,000333.SZ,44.64,44.89,43.93,44.49,163704,901353362.11,False,5505.994735070615
2023-08-15,300750.SZ,212.78,214.5,209.3,211.2,146101,3378905588.0,False,23127.19001238869
2023-08-15,600000.SH,5.97,6.04,5.94,6.02,312187,222582866.0,False,712.9792912581241
2023-08-15,600519.SH,1655.55,1664.55,1647.56,1659.53,14818,2682125119.0,False,181004.5295586449
2023-08-16,000001.SZ,9.75,9.93,9.69,9.81,572904,671706045.36,False,1172.4582920698756
2023-08-16,000333.SZ,44.13,44.69,43.69,44.56,153587,843256905.36,False,5490.418494794481
2023-08-16,300750.SZ,211.42,214.28,210.01,212.5,140090,3263663519.0,False,23296.905696338068
2023-08-16,600000.SH,6.0,6.04,5.97,5.99,229540,163923269.0,False,714.1381415003921
2023-08-16,600519.SH,1654.13,1669.9,1652.55,1666.55,13184,2396261791.0,False,181755.2936134709
2023-08-17,000001.SZ,9.75,9.78,9.54,9.65,965058,1116292661.67,False,1156.710437787159
2023-08-17,000333.SZ,44.23,45.27,43.86,45.17,152165,842880581.35,False,5539.253976604344
2023-08-17,300750.SZ,214.89,216.4,208.78,215.15,204428,4767790092.0,False,23322.58835384585
2023-08-17,600000.SH,5.98,5.99,5.9,5.95,372025,263598981.0,False,708.5517935622606
2023-08-17,600519.SH,1652.63,1680.55,1648.1,1674.6,17290,3141408018.0,False,181689.3012145749
2023-08-18,000001.SZ,9.66,9.82,9.61,9.64,659819,767047286.89,False,1162.5116689425433
2023-08-18,000333.SZ,45.11,45.18,43.96,44.12,134638,741138398.99,False,5504.674749996287
2023-08-18,300750.SZ,215.19,219.02,214.32,215.77,167700,3977909566.0,False,23720.390971973764
2023-08-18,600000.SH,5.95,6.02,5.92,5.92,281506,200372019.0,False,711.7859619333158
2023-08-18,600519.SH,1678.54,1681.54,1649.14,1649.14,17023,3084761577.0,False,181211.39499500676
2023-08-21,000001.SZ,9.64,9.66,9.4,9.4,701498,799641423.76,False,1139.905493329988
2023-08-21,000333.SZ,43.94,44.69,43.68,43.71,131172,718680500.61,False,5478.916999130912
2023-08-21,300750.SZ,213.89,215.77,212.1,212.86,107804,2524111214.0,False,23413.89200771771
2023-08-21,600000.SH,5.91,5.96,5.81,5.81,425177,298419531.0,False,701.8712936024291
2023-08-21,600519.SH,1639.55,1660.54,1636.62,1637.55,18912,3405415645.0,False,180066.39408840946
2023-08-22,000001.SZ,9.46,9.53,9.39,9.45,606808,689991238.06,False,1137.0832916836955
2023-08-22,000333.SZ,43.63,44.01,42.74,43.7,230543,1249497364.11,False,5419.801790164958
2023-08-22,300750.SZ,214.7,215.08,207.41,210.65,151889,3507619500.0,False,23093.30827117171
2023-08-22,600000.SH,5.83,5.89,5.82,5.86,329400,230491370.0,False,699.7309350333941
2023-08-22,600519.SH,1647.54,1649.11,1617.57,1634.55,26650,4763131152.0,False,178729.12390243902
2023-08-23,000001.SZ,9.43,9.5,9.32,9.33,691810,783102827.23,False,1131.9622833292378
2023-08-23,000333.SZ,43.45,43.99,42.93,43.05,157983,854634875.2,False,5409.663541013907
2023-08-23,300750.SZ,210.6,211.8,206.9,207.4,118749,2721026997.0,False,22914.104514564333
2023-08-23,600000.SH,5.86,5.94,5.83,5.87,301514,212210300.0,False,703.8157432159037
2023-08-23,600519.SH,1643.55,1646.55,1616.63,1620.55,19912,3556178584.0,False,178594.74608276415
2023-08-24,000001.SZ,9.37,9.4,9.13,9.21,1291271,1439197083.69,False,1114.5585114898422
2023-08-24,000333.SZ,43.32,44.78,42.83,44.38,255836,1398433374.77,False,5466.132111078972
2023-08-24,300750.SZ,208.78,211.44,206.4,208.85,141577,3254958699.0,False,22990.73083198542
2023-08-24,600000.SH,5.88,5.91,5.83,5.84,246050,172413193.0,False,700.7242145905303
2023-08-24,600519.SH,1626.17,1674.55,1621.55,1662.85,26055,4703417600.0,False,180518.8102091729
2023-08-25,000001.SZ,9.18,9.41,9.16,9.31,845350,946760250.6,False,1119.962442302005
2023-08-25,000333.SZ,44.28,45.32,43.85,44.59,164728,907722077.95,False,5510.429786982177
2023-08-25,300750.SZ,207.83,209.87,205.71,208.24,111851,2549494197.0,False,22793.664759367373
2023-08-25,600000.SH,5.84,5.94,5.82,5.9,247038,174021381.0,False,704.4316299516673
2023-08-25,600519.SH,1655.34,1684.32,1652.56,1671.53,18831,3433296756.0,False,182321.53130476343
2023-08-28,000001.SZ,9.92,10.01,9.57,9.6,1997610,2336205800.56,False,1169.5004533217195
2023-08-28,000333.SZ,46.63,47.31,45.11,45.49,288004,1624044691.03,False,5638.965747107679
2023-08-28,300750.SZ,221.4,223.86,209.4,210.4,223115,5230083379.0,False,23441.20018376174
2023-08-28,600000.SH,6.15,6.17,5.97,6.0,666481,480922456.0,False,721.5846453237226
2023-08-28,600519.SH,1745.13,1745.13,1678.43,1681.52,41052,7633221012.0,False,185940.2955276235
2023-08-29,000001.SZ,9.55,9.57,9.21,9.39,1964961,2217588610.12,False,1128.5662209682532
2023-08-29,000333.SZ,45.21,45.82,44.88,45.38,217871,1221870560.32,False,5608.229458349207
2023-08-29,300750.SZ,211.1,222.9,210.82,218.4,291750,6966379985.0,False,23877.90911739503
2023-08-29,600000.SH,6.05,6.05,5.88,5.92,504375,357554835.0,False,708.9067360594795
2023-08-29,600519.SH,1674.55,1715.63,1674.55,1697.88,28950,5371260173.0,False,185535.75727115717
2023-08-30,000001.SZ,9.35,9.35,9.21,9.21,1375638,1537573550.57,False,1117.7166889617763
2023-08-30,000333.SZ,45.37,46.51,45.04,46.15,233664,1323189377.16,False,5662.786638763353
2023-08-30,300750.SZ,219.3,221.9,217.4,217.4,145916,3492477897.0,False,23934.852223196907
2023-08-30,600000.SH,5.95,5.95,5.86,5.88,287183,202072785.0,False,703.6376979138737
2023-08-30,600519.SH,1714.45,1714.55,1690.21,1702.55,19812,3672570260.0,False,185371.00040379568
2023-08-31,000001.SZ,9.22,9.3,9.2,9.21,806474,900123574.83,False,1116.1222492355612
2023-08-31,000333.SZ,46.63,47.13,45.81,45.84,280838,1596998959.6,False,5686.548685007015
2023-08-31,300750.SZ,217.0,218.4,216.03,216.45,96715,2294576162.0,False,23725.132213203742
2023-08-31,600000.SH,5.88,5.94,5.83,5.83,329332,231268205.0,False,702.2342347539868
2023-08-31,600519.SH,1706.55,1706.55,1687.56,1693.55,14820,2738445519.0,False,184780.39939271254
2023-09-01,000001.SZ,9.27,9.44,9.27,9.4,1138705,1285169019.19,False,1128.6233213957962
2023-09-01,000333.SZ,46.33,47.83,46.32,47.26,266506,1541478627.79,False,5784.029732126106
2023-09-01,300750.SZ,216.5,219.41,214.5,216.3,91011,2157778480.0,False,23708.985507246376
2023-09-01,600000.SH,5.84,5.89,5.84,5.86,217930,152752422.0,False,700.9242509062543
2023-09-01,600519.SH,1699.38,1712.02,1692.58,1697.6,13145,2438622738.0,False,185517.13488018257
2023-09-04,000001.SZ,9.43,9.67,9.41,9.64,1410029,1621769196.4,False,1150.1672635101831
2023-09-04,000333.SZ,47.83,48.13,46.95,47.55,200900,1169057319.81,False,5819.100646142359
2023-09-04,300750.SZ,218.11,218.66,213.3,217.55,140524,3327817522.0,False,23681.48872790413
2023-09-04,600000.SH,5.91,5.99,5.88,5.96,368143,261369413.0,False,709.9670861594543
2023-09-04,600519.SH,1709.15,1726.49,1700.08,1712.55,23871,4453823216.0,False,186578.82853671818
2023-09-05,000001.SZ,9.58,9.59,9.44,9.47,804177,917888858.57,False,1141.4015304715256
2023-09-05,000333.SZ,47.59,47.82,46.94,47.11,153090,887170819.82,False,5795.093211966817
2023-09-05,300750.SZ,216.9,219.4,216.06,216.72,115817,2752197345.0,False,23763.32787932687
2023-09-05,600000.SH,5.95,5.97,5.88,5.89,223268,157581032.0,False,705.7931812888546
2023-09-05,600519.SH,1714.55,1714.55,1703.35,1705.25,15659,2915625961.0,False,186194.90139855674
2023-09-06,000001.SZ,9.41,9.54,9.38,9.51,634841,721905681.98,False,1137.1440754141588
2023-09-06,000333.SZ,46.84,47.33,46.21,46.51,208883,1194824717.84,False,5720.066821330601
2023-09-06,300750.SZ,215.95,217.07,212.7,214.32,124748,2921536581.0,False,23419.50637284766
2023-09-06,600000.SH,5.87,5.94,5.87,5.94,167365,118026826.0,False,705.2061422639142
2023-09-06,600519.SH,1704.55,1713.21,1695.56,1707.55,11121,2067605990.0,False,185919.07112669724
2023-09-07,000001.SZ,9.48,9.52,9.4,9.41,540042,613812175.91,False,1136.600812362742
2023-09-07,000333.SZ,46.42,46.45,45.83,45.9,136399,774015904.79,False,5674.645010520605
2023-09-07,300750.SZ,212.9,213.65,206.41,206.41,192661,4405103044.0,False,22864.52911590825
2023-09-07,600000.SH,5.94,5.95,5.87,5.89,202719,143062806.0,False,705.7197697305137
2023-09-07,600519.SH,1699.15,1703.44,1677.74,1684.55,16982,3128587116.0,False,184229.6028736309
2023-09-08,000001.SZ,9.36,9.4,9.31,9.35,479030,539624962.82,False,1126.495131453145
2023-09-08,000333.SZ,46.07,46.16,45.14,45.41,84002,471931158.26,False,5618.094310373563
2023-09-08,300750.SZ,204.9,207.1,200.4,202.84,164994,3670618814.0,False,22246.98361152527
2023-09-08,600000.SH,5.88,5.9,5.85,5.85,184166,129109494.0,False,701.0495639803221
2023-09-08,600519.SH,1681.49,1681.49,1661.5,1665.05,12212,2224338144.0,False,182143.64100884376
2023-09-11,000001.SZ,9.38,9.48,9.35,9.42,654486,741764911.22,False,1133.3548941001031
2023-09-11,000333.SZ,45.64,46.21,45.34,45.76,140721,793322668.24,False,5637.557068525664
2023-09-11,300750.SZ,202.8,203.45,199.58,201.43,170609,3774798958.0,False,22125.438622815913
2023-09-11,600000.SH,5.87,5.94,5.85,5.89,248850,175285112.0,False,704.3805987542696
2023-09-11,600519.SH,1654.55,1686.55,1654.55,1668.72,15926,2902617736.0,False,182256.54502072083
2023-09-12,000001.SZ,9.43,9.43,9.33,9.36,495485,559058535.52,False,1128.3056712514
2023-09-12,000333.SZ,45.75,47.05,45.63,46.54,164034,937947088.74,False,5718.004125608106
2023-09-12,300750.SZ,201.9,202.31,197.44,197.83,182312,3994776422.0,False,21911.757986309185
2023-09-12,600000.SH,5.88,5.92,5.88,5.91,209762,147913332.0,False,705.1483681505706
2023-09-12,600519.SH,1673.15,1673.53,1662.57,1666.51,12168,2214514112.0,False,181994.91387245234
2023-09-13,000001.SZ,9.37,9.4,9.29,9.33,490218,551747627.68,False,1125.5148274441167
2023-09-13,000333.SZ,46.43,46.87,46.03,46.33,107434,613122120.66,False,5706.965398849526
2023-09-13,300750.SZ,196.9,199.05,194.93,196.5,151357,3278699755.0,False,21662.029209088447
2023-09-13,600000.SH,5.94,5.95,5.89,5.9,200498,141654380.0,False,706.5126834182885
2023-09-13,600519.SH,1676.47,1676.47,1646.6,1666.46,19501,3540583633.0,False,181559.08071380956
2023-09-14,000001.SZ,9.36,9.41,9.33,9.37,551650,622906052.62,False,1129.1689524517358
2023-09-14,000333.SZ,46.34,46.59,45.59,45.88,102895,581688865.67,False,5653.227714369016
2023-09-14,300750.SZ,193.58,196.2,192.93,194.83,182941,3919045406.0,False,21422.455359924785
2023-09-14,600000.SH,5.93,5.97,5.91,5.96,355799,252575928.0,False,709.8837489706267
2023-09-14,600519.SH,1669.08,1673.53,1652.55,1665.24,17505,3180447848.0,False,181687.96618109112
2023-09-15,000001.SZ,9.43,9.48,9.28,9.3,890476,1005529160.77,False,1129.2041119244088
2023-09-15,000333.SZ,45.97,46.02,44.63,45.12,164512,917665598.7,False,5578.107364204435
2023-09-15,300750.SZ,191.9,193.9,186.5,187.66,336800,7033151411.0,False,20882.27853622328
2023-09-15,600000.SH,5.97,6.01,5.92,5.97,340819,242512745.0,False,711.5587599282903
2023-09-15,600519.SH,1665.55,1666.33,1627.85,1628.54,28431,5105749077.0,False,179583.87242798353
2023-09-18,000001.SZ,9.3,9.32,9.22,9.31,501325,561449769.63,False,1119.931720201466
2023-09-18,000333.SZ,45.13,45.92,44.54,45.43,144278,808841172.19,False,5606.129639931244
2023-09-18,300750.SZ,185.9,194.59,185.9,192.96,265935,5645065103.0,False,21227.236366029294
2023-09-18,600000.SH,5.94,5.95,5.88,5.92,222821,157407867.0,False,706.4319206897017
2023-09-18,600519.SH,1622.86,1676.05,1619.55,1675.75,32559,5905121000.0,False,181366.78030652046
2023-09-19,000001.SZ,9.3,9.31,9.24,9.29,503664,564044044.21,False,1119.8815960838972
2023-09-19,000333.SZ,45.32,45.48,44.78,45.38,123661,689874974.41,False,5578.759466687153
2023-09-19,300750.SZ,192.96,193.38,190.5,192.22,150244,3183848137.0,False,21191.183255238146
2023-09-19,600000.SH,5.93,5.98,5.9,5.98,282346,200455771.0,False,709.9649755973168
2023-09-19,600519.SH,1668.75,1675.55,1654.55,1673.49,14990,2727858953.0,False,181978.58258839225
2023-09-20,000001.SZ,9.28,9.3,9.23,9.23,558872,624785494.94,False,1117.9402348659444
2023-09-20,000333.SZ,45.36,46.57,45.06,46.22,213801,1210967114.2,False,5663.991815753902
2023-09-20,300750.SZ,192.9,193.23,188.58,189.8,130875,2750166643.0,False,21013.689726838587
2023-09-20,600000.SH,5.97,6.0,5.93,5.98,163030,116256771.0,False,713.100478439551
2023-09-20,600519.SH,1668.55,1676.55,1664.6,1670.55,12502,2281583949.0,False,182497.5163173892
2023-09-21,000001.SZ,9.22,9.22,9.12,9.13,843930,934673193.87,False,1107.5245504603463
2023-09-21,000333.SZ,46.21,46.21,45.35,45.65,167691,946858135.17,False,5646.445755407267
2023-09-21,300750.SZ,189.91,190.85,186.57,186.63,162149,3368171869.0,False,20772.079192594465
2023-09-21,600000.SH,5.98,6.02,5.94,5.95,273070,194557948.0,False,712.4837880396968
2023-09-21,600519.SH,1664.56,1668.55,1644.94,1644.94,19489,3521486755.0,False,180690.99261121658
2023-09-22,000001.SZ,9.11,9.33,9.11,9.32,911484,1017137921.82,False,1115.9141815105916
2023-09-22,000333.SZ,45.92,46.44,45.5,46.38,221702,1259327922.57,False,5680.273171058448
2023-09-22,300750.SZ,185.4,191.35,185.4,190.83,225091,4696859644.0,False,20866.492414179153
2023-09-22,600000.SH,5.95,6.03,5.92,6.03,321813,229743638.0,False,713.9041555188883
2023-09-22,600519.SH,1652.18,1696.51,1638.96,1695.55,34390,6287832575.0,False,182838.98153533004
2023-09-25,000001.SZ,9.32,9.4,9.27,9.3,761211,856022502.11,False,1124.5535102750748
2023-09-25,000333.SZ,46.22,46.22,45.56,45.96,166432,941423312.53,False,5656.504233140261
2023-09-25,300750.SZ,192.92,193.52,188.61,189.18,136054,2864421900.0,False,21053.566231055316
2023-09-25,600000.SH,6.03,6.05,5.98,6.01,307174,220116848.0,False,716.5868465430017
2023-09-25,600519.SH,1694.05,1694.55,1673.14,1678.93,13979,2565773541.0,False,183544.85592674726
2023-09-26,000001.SZ,9.3,9.34,9.22,9.24,444980,497885810.84,False,1118.894806148591
2023-09-26,000333.SZ,46.09,46.53,45.33,45.33,189349,1067479335.2,False,5637.628586366974
2023-09-26,300750.SZ,186.57,187.25,183.4,184.4,202538,4150919714.0,False,20494.523072213608
2023-09-26,600000.SH,6.02,6.04,5.97,6.0,218861,156520402.0,False,715.1589456321592
2023-09-26,600519.SH,1674.55,1681.43,1659.65,1662.55,15762,2870852363.0,False,182137.56902677324
2023-09-27,000001.SZ,9.23,9.3,9.23,9.25,490311,547905820.77,False,1117.46589566622
2023-09-27,000333.SZ,45.33,45.99,44.76,45.52,188109,1054884218.41,False,5607.834917042778
2023-09-27,300750.SZ,186.2,188.39,182.35,183.56,218490,4470658972.0,False,20461.618252551605
2023-09-27,600000.SH,6.04,6.04,5.96,5.98,320673,229044783.0,False,714.2627630015623
2023-09-27,600519.SH,1661.55,1680.05,1649.35,1660.55,20880,3791876119.0,False,181603.26240421456
2023-09-28,000001.SZ,9.27,9.32,9.26,9.28,520697,583649730.04,False,1120.9008886934243
2023-09-28,000333.SZ,45.72,45.83,44.74,44.81,170976,953613283.55,False,5577.468671333988
2023-09-28,300750.SZ,183.9,186.4,182.48,182.93,158095,3223265861.0,False,20388.158139093583
2023-09-28,600000.SH,6.0,6.02,5.95,5.95,224353,159899372.0,False,712.7133223090398
2023-09-28,600519.SH,1671.53,1671.53,1644.35,1645.1,20538,3704812960.0,False,180388.20527802123
2023-10-09,000001.SZ,9.24,9.25,9.14,9.19,695828,772959353.15,False,1110.84830324448
2023-10-09,000333.SZ,44.79,45.44,44.23,45.09,286595,1591907095.86,False,5554.55292611525
2023-10-09,300750.SZ,180.9,181.18,172.9,175.4,337428,6617775154.0,False,19612.406658605687
2023-10-09,600000.SH,5.93,5.93,5.85,5.88,277631,195214392.0,False,703.1433521472746
2023-10-09,600519.SH,1643.49,1643.49,1611.45,1623.55,29763,5279950406.0,False,177399.8053287639
2023-10-10,000001.SZ,9.27,9.28,9.1,9.1,820749,910160341.9,False,1108.938715612203
2023-10-10,000333.SZ,44.82,45.1,43.75,44.1,214996,1179223499.87,False,5484.862508465273
2023-10-10,300750.SZ,177.78,177.9,174.62,174.62,198655,3895932691.0,False,19611.551136392238
2023-10-10,600000.SH,5.98,5.99,5.86,5.86,240956,169856241.0,False,704.9263807500124
2023-10-10,600519.SH,1629.44,1645.53,1614.55,1616.55,20284,3615557182.0,False,178246.75517649378
2023-10-11,000001.SZ,9.17,9.17,9.04,9.06,724116,797663827.0,False,1101.5691229029603
2023-10-11,000333.SZ,44.08,45.22,43.83,44.1,204184,1123573120.53,False,5502.748112143949
2023-10-11,300750.SZ,177.77,178.5,174.0,174.67,202482,3964353022.0,False,19578.792297586944
2023-10-11,600000.SH,5.91,5.93,5.86,5.87,240574,169371363.0,False,704.0302069217787
2023-10-11,600519.SH,1631.2,1631.2,1614.55,1625.05,21945,3896568648.0,False,177560.65837320575
2023-10-12,000001.SZ,9.19,9.24,9.12,9.19,853058,947562324.75,False,1110.783000393877
2023-10-12,000333.SZ,44.33,44.81,43.94,44.61,176042,970427691.71,False,5512.478225139455
2023-10-12,300750.SZ,174.91,177.7,173.9,175.84,242059,4744179131.0,False,19599.267662016286
2023-10-12,600000.SH,5.94,6.02,5.91,5.99,363470,259223143.0,False,713.1899276418961
2023-10-12,600519.SH,1644.45,1644.78,1623.75,1632.55,14865,2657095942.0,False,178748.46565758492
2023-10-13,000001.SZ,9.11,9.15,9.03,9.08,684483,753110725.51,False,1100.262132894462
2023-10-13,000333.SZ,44.52,44.77,43.86,44.32,129960,712981553.98,False,5486.161541859034
2023-10-13,300750.SZ,173.75,174.73,169.5,170.5,284222,5429864563.0,False,19104.30776998262
2023-10-13,600000.SH,5.96,6.0,5.93,5.95,196504,139771982.0,False,711.293317184383
2023-10-13,600519.SH,1617.43,1624.56,1584.74,1597.55,25028,4387687934.0,False,175311.168850887
2023-10-16,000001.SZ,9.08,9.11,9.03,9.09,501624,550988719.63,False,1098.4098042159067
2023-10-16,000333.SZ,44.13,44.74,44.13,44.41,150202,826944834.77,False,5505.551422550964
2023-10-16,300750.SZ,170.24,170.43,163.81,164.66,246836,4603170882.0,False,18648.70149410945
2023-10-16,600000.SH,5.97,5.98,5.89,5.92,249077,176097574.0,False,707.000542001068
2023-10-16,600519.SH,1597.53,1602.55,1569.0,1576.45,20790,3603604610.0,False,173333.55507455507
2023-10-17,000001.SZ,9.09,9.13,9.04,9.1,493525,543170900.73,False,1100.5945002380831
2023-10-17,000333.SZ,44.41,45.32,44.38,45.21,168302,936368372.27,False,5563.619994236551
2023-10-17,300750.SZ,165.41,169.2,164.47,165.34,215583,4027297387.0,False,18680.959941182748
2023-10-17,600000.SH,5.94,5.95,5.9,5.94,190291,134630097.0,False,707.4958721116606
2023-10-17,600519.SH,1585.55,1585.99,1562.55,1572.55,14945,2577312288.0,False,172453.1474071596
2023-10-18,000001.SZ,9.07,9.1,8.99,9.03,651825,713979896.11,False,1095.3551890614813
2023-10-18,000333.SZ,45.01,45.22,44.54,44.8,106371,590623193.2,False,5552.483225691213
2023-10-18,300750.SZ,165.0,168.15,163.5,166.2,176519,3284047971.0,False,18604.501334134
2023-10-18,600000.SH,5.92,5.96,5.9,5.9,214857,152063024.0,False,707.7406088700857
2023-10-18,600519.SH,1565.35,1588.55,1563.73,1574.55,20318,3511987514.0,False,172851.04409882863
2023-10-19,000001.SZ,8.99,9.0,8.67,8.68,1188961,1271914676.53,False,1069.7698886086255
2023-10-19,000333.SZ,44.62,44.62,43.51,43.56,201961,1103206369.95,False,5462.472308762583
2023-10-19,300750.SZ,164.31,165.58,162.18,162.6,174542,3209465700.0,False,18387.927833988382
2023-10-19,600000.SH,5.89,5.9,5.68,5.69,616798,425956887.0,False,690.5938200188716
2023-10-19,600519.SH,1546.55,1546.58,1472.58,1476.55,73492,12146921769.0,False,165282.23165786752
2023-10-20,000001.SZ,8.63,8.75,8.59,8.68,526139,557618632.37,False,1059.8313988698803
2023-10-20,000333.SZ,43.27,43.39,42.21,42.51,210898,1123754128.36,False,5328.424775768381
2023-10-20,300750.SZ,158.9,167.59,158.9,160.9,300269,5478351217.0,False,18244.811209282343
2023-10-20,600000.SH,5.66,5.78,5.65,5.72,310680,213203781.0,False,686.2488122827347
2023-10-20,600519.SH,1476.55,1501.55,1462.8,1491.55,45376,7421390806.0,False,163553.21769217207
2023-10-23,000001.SZ,8.67,8.68,8.51,8.58,530404,557032228.65,False,1050.2036723893484
2023-10-23,000333.SZ,42.33,42.96,42.04,42.58,168644,897561652.68,False,5322.227014776689
2023-10-23,300750.SZ,160.2,160.2,155.7,157.16,202233,3597554198.0,False,17789.15507360322
2023-10-23,600000.SH,5.72,5.74,5.65,5.68,238243,163199041.0,False,685.0108544637199
2023-10-23,600519.SH,1476.52,1506.55,1468.15,1490.53,25234,4138279588.0,False,163996.1792819212
2023-10-24,000001.SZ,8.62,8.69,8.52,8.63,760653,801528403.67,False,1053.7372542670573
2023-10-24,000333.SZ,42.34,42.82,41.53,42.51,250198,1323069265.75,False,5288.0888965938975
2023-10-24,300750.SZ,157.9,159.1,155.2,156.32,243795,4310104361.0,False,17679.215574560592
2023-10-24,600000.SH,5.7,5.71,5.66,5.67,281293,192108544.0,False,682.9481856996086
2023-10-24,600519.SH,1494.55,1499.91,1467.76,1489.5,29861,4894807617.0,False,163919.74873580926
2023-10-25,000001.SZ,8.59,8.62,8.44,8.46,1411450,1470971923.59,False,1042.1707631088595
2023-10-25,000333.SZ,43.12,43.34,41.47,41.75,258565,1364767551.48,False,5278.237779591205
2023-10-25,300750.SZ,158.1,159.4,155.58,155.88,215342,3818928277.0,False,17734.247276425405
2023-10-25,600000.SH,5.71,5.78,5.68,5.78,268412,184734450.0,False,688.249593907873
2023-10-25,600519.SH,1516.66,1544.55,1513.57,1524.05,36179,6075417064.0,False,167926.61665607122
2023-10-26,000001.SZ,8.39,8.5,8.38,8.49,599991,621915276.9,False,1036.5410096151443
2023-10-26,000333.SZ,41.55,42.05,41.36,41.84,151655,794020501.0,False,5235.702752959019
2023-10-26,300750.SZ,153.9,158.2,148.71,157.97,414206,7175542946.0,False,17323.609377942375
2023-10-26,600000.SH,5.78,5.87,5.74,5.81,247395,172369038.0,False,696.736142605954
2023-10-26,600519.SH,1513.55,1534.55,1508.56,1518.78,22386,3741418874.0,False,167132.0858572322
2023-10-27,000001.SZ,8.46,8.56,8.41,8.53,919771,957587534.43,False,1041.1151628285736
2023-10-27,000333.SZ,41.69,43.33,41.54,43.07,253188,1352282942.98,False,5341.023046036937
2023-10-27,300750.SZ,157.75,165.78,155.92,164.62,477953,8729936697.0,False,18265.26185001454
2023-10-27,600000.SH,5.81,5.87,5.79,5.84,194658,136008280.0,False,698.7037779079205
2023-10-27,600519.SH,1510.55,1538.43,1507.15,1523.26,34262,5754795486.0,False,167964.37703578308
2023-10-30,000001.SZ,8.48,8.55,8.43,8.53,805690,837646002.04,False,1039.662900172523
2023-10-30,000333.SZ,42.66,43.97,42.66,43.83,164885,892765169.6,False,5414.471720289899
2023-10-30,300750.SZ,166.9,169.78,164.7,167.92,322595,6050993028.0,False,18757.24368945582
2023-10-30,600000.SH,5.71,5.74,5.62,5.65,523889,357184227.0,False,681.7937139355856
2023-10-30,600519.SH,1515.55,1535.43,1515.55,1527.55,24086,4050573178.0,False,168171.26870381134
2023-10-31,000001.SZ,8.51,8.57,8.49,8.54,652855,682212137.64,False,1044.967316846773
2023-10-31,000333.SZ,43.63,43.63,42.03,42.25,238072,1263696549.7,False,5308.043573792803
2023-10-31,300750.SZ,166.58,167.12,164.5,165.5,181525,3369355372.0,False,18561.384778956068
2023-10-31,600000.SH,5.64,5.69,5.63,5.67,261732,178254034.0,False,681.055560649825
2023-10-31,600519.SH,1526.55,1536.55,1514.4,1531.13,19859,3335804699.0,False,167974.45485674002
2023-11-01,000001.SZ,8.63,8.64,8.53,8.56,567300,595211885.0,False,1049.2012779834304
2023-11-01,000333.SZ,42.14,42.79,42.03,42.34,189338,1004719416.43,False,5306.485842408813
2023-11-01,300750.SZ,165.69,170.2,164.4,167.44,197273,3695120175.0,False,18730.99803318244
2023-11-01,600000.SH,5.68,5.73,5.65,5.71,282722,193451603.0,False,684.2467264662814
2023-11-01,600519.SH,1696.55,1696.55,1620.34,1627.54,93143,16747292689.0,False,179801.94635130928
2023-11-02,000001.SZ,8.58,8.68,8.55,8.56,619430,652316669.93,False,1053.0918262434818
2023-11-02,000333.SZ,42.33,43.74,42.14,42.51,200855,1072266180.2,False,5338.508775982675
2023-11-02,300750.SZ,168.4,169.78,165.47,165.47,137627,2577685558.0,False,18729.50480646966
2023-11-02,600000.SH,5.75,5.8,5.71,5.79,246111,170407886.0,False,692.4025581952859
2023-11-02,600519.SH,1641.55,1641.55,1622.61,1626.05,27908,4982090753.0,False,178518.3729754909
2023-11-03,000001.SZ,8.57,8.6,8.51,8.56,705463,738879704.3,False,1047.3684719113546
2023-11-03,000333.SZ,42.45,42.68,42.05,42.13,177406,939971081.17,False,5298.417647486556
2023-11-03,300750.SZ,165.9,168.58,164.5,167.34,143655,2683301612.0,False,18678.79024050677
2023-11-03,600000.SH,5.79,5.8,5.74,5.74,222025,153480943.0,False,691.2777525053485
2023-11-03,600519.SH,1626.55,1661.44,1620.55,1657.79,30176,5433116881.0,False,180047.61668213148
2023-11-06,000001.SZ,8.59,8.77,8.59,8.77,1007062,1069206837.68,False,1061.709048380338
2023-11-06,000333.SZ,42.33,42.63,42.03,42.47,249182,1322403103.12,False,5306.976840702779
2023-11-06,300750.SZ,168.47,177.0,168.35,176.98,349684,6798069246.0,False,19440.607079534664
2023-11-06,600000.SH,5.74,5.81,5.74,5.79,194328,134702057.0,False,693.1685449343378
2023-11-06,600519.SH,1666.55,1670.34,1647.67,1658.55,25524,4624102375.0,False,181166.8380739696
2023-11-07,000001.SZ,8.74,8.74,8.66,8.68,640866,679815569.19,False,1060.7764637069217
2023-11-07,000333.SZ,42.43,42.61,41.91,42.43,188982,999762781.82,False,5290.254002074272
2023-11-07,300750.SZ,175.89,176.01,170.02,171.14,260803,5008846046.0,False,19205.477107241866
2023-11-07,600000.SH,5.77,5.79,5.74,5.76,159130,110004329.0,False,691.2859234588072
2023-11-07,600519.SH,1651.55,1656.55,1630.63,1637.72,19582,3511590028.0,False,179327.44500051066
2023-11-08,000001.SZ,8.66,8.68,8.53,8.58,877819,923622008.11,False,1052.1781917570706
2023-11-08,000333.SZ,41.98,42.32,41.84,42.18,213857,1128009345.2,False,5274.596319970822
2023-11-08,300750.SZ,170.08,172.84,169.9,171.74,146522,2809047604.0,False,19171.507377731672
2023-11-08,600000.SH,5.75,5.77,5.72,5.75,177612,122454642.0,False,689.4502736301602
2023-11-08,600519.SH,1630.6,1650.35,1629.42,1644.89,14546,2610041959.0,False,179433.65591915304
2023-11-09,000001.SZ,8.54,8.6,8.51,8.57,639136,669639052.44,False,1047.7254487933712
2023-11-09,000333.SZ,42.21,42.66,41.68,41.78,141469,743811714.14,False,5257.771767242293
2023-11-09,300750.SZ,170.53,172.48,170.43,171.35,109971,2104229338.0,False,19134.40214238299
2023-11-09,600000.SH,5.75,5.81,5.73,5.78,219104,151983647.0,False,693.6598464656054
2023-11-09,600519.SH,1636.66,1645.55,1629.55,1640.66,12800,2291996819.0,False,179062.251484375
2023-11-10,000001.SZ,8.53,8.55,8.37,8.38,1045044,1080649733.98,False,1034.071038138107
2023-11-10,000333.SZ,41.63,42.19,41.58,42.03,130271,685147777.45,False,5259.4036850104785
2023-11-10,300750.SZ,168.9,169.87,167.95,168.93,116100,2189830819.0,False,18861.591894918172
2023-11-10,600000.SH,5.76,5.81,5.71,5.73,204590,141085870.0,False,689.6029620216042
2023-11-10,600519.SH,1627.1,1634.55,1619.65,1622.39,16466,2928380668.0,False,177844.08283736184
2023-11-13,000001.SZ,8.39,8.41,8.3,8.33,770043,789007117.83,False,1024.627349161021
2023-11-13,000333.SZ,41.97,41.97,40.01,40.39,382916,1957444236.36,False,5111.941617378224
2023-11-13,300750.SZ,171.9,172.1,166.92,167.75,125196,2362258976.0,False,18868.486021917633
2023-11-13,600000.SH,5.73,5.75,5.67,5.73,141681,97098285.0,False,685.3303195206132
2023-11-13,600519.SH,1618.83,1631.43,1603.53,1610.55,18370,3244573621.0,False,176623.495971693
2023-11-14,000001.SZ,8.32,8.41,8.31,8.35,596859,613377697.97,False,1027.6760473914276
2023-11-14,000333.SZ,40.35,40.75,40.13,40.42,248028,1266466646.11,False,5106.143847105972
2023-11-14,300750.SZ,167.75,168.7,162.9,163.58,234883,4346598777.0,False,18505.37832452753
2023-11-14,600000.SH,5.72,5.76,5.72,5.73,137775,94936060.0,False,689.0659408455815
2023-11-14,600519.SH,1610.55,1621.54,1606.56,1611.82,12817,2263963957.0,False,176637.58734493252
2023-11-15,000001.SZ,8.45,8.53,8.42,8.45,1109140,1152154780.34,False,1038.7821017545125
2023-11-15,000333.SZ,40.77,41.09,40.28,40.87,196363,1010107977.71,False,5144.085075650708
2023-11-15,300750.SZ,166.79,168.49,163.48,164.38,238072,4423251194.0,False,18579.468370913
2023-11-15,600000.SH,5.78,5.84,5.76,5.81,243400,169286981.0,False,695.5093714050945
2023-11-15,600519.SH,1625.55,1629.44,1613.55,1619.48,18435,3271230275.0,False,177446.71955519394
2023-11-16,000001.SZ,8.46,8.47,8.31,8.32,922622,948395097.33,False,1027.934622553982
2023-11-16,000333.SZ,40.73,41.52,40.64,41.08,216055,1121013154.61,False,5188.554556062113
2023-11-16,300750.SZ,165.38,165.39,160.0,161.05,174662,3180032494.0,False,18206.77934524968
2023-11-16,600000.SH,5.82,5.83,5.77,5.78,144129,100069369.0,False,694.304192771753
2023-11-16,600519.SH,1620.55,1622.55,1606.6,1606.6,12558,2215937273.0,False,176456.22495620322
2023-11-17,000001.SZ,8.3,8.33,8.2,8.23,903362,917616681.28,False,1015.7795892233678
2023-11-17,000333.SZ,40.93,41.3,40.54,41.19,135134,697252679.61,False,5159.713170704634
2023-11-17,300750.SZ,159.75,161.15,159.39,160.63,110840,2000359414.0,False,18047.2700649585
2023-11-17,600000.SH,5.79,5.79,5.7,5.71,207754,142782028.0,False,687.2648805799166
2023-11-17,600519.SH,1598.55,1605.55,1584.45,1599.97,21714,3793781119.0,False,174715.90305793498
2023-11-20,000001.SZ,8.23,8.3,8.18,8.27,639528,650077370.01,False,1016.4955561132585
2023-11-20,000333.SZ,40.87,42.23,40.87,41.76,182191,955124720.21,False,5242.436345428699
2023-11-20,300750.SZ,160.64,161.7,158.91,160.2,124087,2235037632.0,False,18011.859679096116
2023-11-20,600000.SH,5.73,5.77,5.68,5.76,183266,126204997.0,False,688.643812818526
2023-11-20,600519.SH,1601.55,1616.05,1583.21,1609.05,18608,3265514010.0,False,175489.78987532243
2023-11-21,000001.SZ,8.31,8.43,8.3,8.36,1041166,1072311504.28,False,1029.9140620035614
2023-11-21,000333.SZ,41.95,42.52,41.78,41.78,158459,836507593.72,False,5279.015983440511
2023-11-21,300750.SZ,161.9,163.9,159.91,160.51,197662,3601130909.0,False,18218.63033359978
2023-11-21,600000.SH,5.79,5.85,5.77,5.81,296843,206909185.0,False,697.0323874910306
2023-11-21,600519.SH,1629.97,1644.55,1616.65,1636.55,30098,5383107810.0,False,178852.67492856667
2023-11-22,000001.SZ,8.34,8.39,8.22,8.24,737490,753064757.94,False,1021.1186022047757
2023-11-22,000333.SZ,41.78,41.93,41.23,41.48,97869,511071755.33,False,5221.998337880227
2023-11-22,300750.SZ,159.45,161.2,156.9,156.9,186886,3332638164.0,False,17832.465588647625
2023-11-22,600000.SH,5.82,5.84,5.79,5.79,175408,122178498.0,False,696.5389149867736
2023-11-22,600519.SH,1629.85,1640.9,1627.09,1628.06,12665,2263460167.0,False,178717.73920252666
2023-11-23,000001.SZ,8.23,8.24,8.15,8.23,846656,855904311.98,False,1010.9233407428756
2023-11-23,000333.SZ,41.48,42.26,41.18,42.09,101034,529662622.99,False,5242.4196111210085
2023-11-23,300750.SZ,155.91,157.6,154.79,157.6,157203,2771265524.0,False,17628.57912380807
2023-11-23,600000.SH,5.78,5.81,5.74,5.78,157421,108872444.0,False,691.6005107323673
2023-11-23,600519.SH,1624.85,1634.55,1617.55,1632.55,11550,2055272193.0,False,177945.64441558442
2023-11-24,000001.SZ,8.19,8.21,8.16,8.18,684695,691423444.34,False,1009.8269219725572
2023-11-24,000333.SZ,42.13,42.18,41.4,41.81,157245,822539515.14,False,5230.942256605933
2023-11-24,300750.SZ,156.93,158.1,154.4,154.9,166212,2918741661.0,False,17560.354613385316
2023-11-24,600000.SH,5.78,5.83,5.77,5.8,201653,140204489.0,False,695.2759889513173
2023-11-24,600519.SH,1635.55,1635.55,1621.55,1623.55,13085,2329345658.0,False,178016.48131448223
2023-11-27,000001.SZ,8.17,8.17,8.05,8.09,836188,836268368.75,False,1000.0961132544356
2023-11-27,000333.SZ,41.76,41.76,41.08,41.3,159225,827425455.6,False,5196.580032030146
2023-11-27,300750.SZ,154.19,154.4,150.5,150.6,184220,3161041987.0,False,17159.059749212898
2023-11-27,600000.SH,5.81,5.82,5.71,5.75,231077,159319645.0,False,689.4656110300896
2023-11-27,600519.SH,1619.85,1619.85,1601.55,1609.55,16261,2865075217.0,False,176193.05190332697
2023-11-28,000001.SZ,8.07,8.1,8.03,8.03,786175,784405804.65,False,997.749616370401
2023-11-28,000333.SZ,41.53,42.13,40.86,41.86,217876,1138681640.65,False,5226.28302635444
2023-11-28,300750.SZ,149.93,151.87,148.77,151.82,202107,3443539749.0,False,17038.201294363877
2023-11-28,600000.SH,5.77,5.77,5.71,5.72,182493,125495683.0,False,687.6739546174374
2023-11-28,600519.SH,1607.55,1620.43,1604.55,1615.59,14520,2562905659.0,False,176508.65420110192
2023-11-29,000001.SZ,8.03,8.05,7.78,7.8,1467597,1438320264.11,False,980.0512430251629
2023-11-29,000333.SZ,41.86,41.91,41.05,41.34,124265,646048742.16,False,5198.959821027643
2023-11-29,300750.SZ,150.9,151.28,146.27,146.75,251885,4235346582.0,False,16814.604212239712
2023-11-29,600000.SH,5.73,5.73,5.65,5.67,284166,193955098.0,False,682.5415355813152
2023-11-29,600519.SH,1614.55,1622.55,1604.55,1621.26,17149,3034175614.0,False,176930.1775030614
2023-11-30,000001.SZ,7.77,7.81,7.7,7.76,901765,871481712.43,False,966.4177612016434
2023-11-30,000333.SZ,41.14,41.33,40.74,41.0,128619,664815260.93,False,5168.872879823354
2023-11-30,300750.SZ,145.12,148.56,144.39,146.9,230272,3834512348.0,False,16652.099899249584
2023-11-30,600000.SH,5.67,5.74,5.67,5.7,317112,217508582.0,False,685.9046078357173
2023-11-30,600519.SH,1623.27,1641.31,1617.63,1638.05,21353,3817513545.0,False,178781.13356437034
2023-12-01,000001.SZ,7.73,7.76,7.66,7.74,778057,749668363.85,False,963.5134236309166
2023-12-01,000333.SZ,41.63,41.69,39.66,39.88,316050,1604750726.7,False,5077.521679164689
2023-12-01,300750.SZ,147.19,147.6,144.33,145.4,169622,2816101715.0,False,16602.219729752036
2023-12-01,600000.SH,5.7,5.75,5.67,5.7,289462,198723791.0,False,686.5280796788525
2023-12-01,600519.SH,1635.86,1636.25,1594.55,1606.83,33051,5830850111.0,False,176419.7788569181
2023-12-04,000001.SZ,7.75,7.76,7.69,7.71,605438,583664338.41,False,964.0365130863936
2023-12-04,000333.SZ,39.81,40.12,39.17,39.42,220587,1107559873.5,False,5020.96621061078
2023-12-04,300750.SZ,143.4,144.34,141.14,141.55,239304,3892529224.0,False,16266.043292214088
2023-12-04,600000.SH,5.71,5.72,5.66,5.66,188587,128887074.0,False,683.4356238765132
2023-12-04,600519.SH,1606.83,1608.38,1591.83,1597.26,18440,3233102118.0,False,175330.91746203904
2023-12-05,000001.SZ,7.69,7.7,7.55,7.56,787378,750961219.91,False,953.7493045398779
2023-12-05,000333.SZ,39.42,39.52,38.55,38.55,225103,1120255577.3,False,4976.635483756325
2023-12-05,300750.SZ,140.05,142.27,138.55,138.71,248077,3978910664.0,False,16039.014757514804
2023-12-05,600000.SH,5.67,5.67,5.54,5.56,346049,233696141.0,False,675.3267340752321
2023-12-05,600519.SH,1595.33,1595.43,1554.57,1555.55,29903,5168983317.0,False,172858.35257332042
2023-12-06,000001.SZ,7.52,7.65,7.48,7.58,753056,714029468.7,False,948.175791309013
2023-12-06,000333.SZ,38.39,38.98,38.08,38.51,191141,942351431.42,False,4930.13760218896
2023-12-06,300750.SZ,138.55,146.76,138.12,142.78,367693,6024339619.0,False,16384.156399496318
2023-12-06,600000.SH,5.55,5.56,5.46,5.46,398332,264013331.0,False,662.7971917897634
2023-12-06,600519.SH,1549.18,1566.02,1547.68,1549.55,23851,4078003022.0,False,170978.28275544
2023-12-07,000001.SZ,7.57,7.57,7.46,7.52,585380,552224831.17,False,943.3612886842734
2023-12-07,000333.SZ,38.69,39.82,38.55,39.55,250219,1251685066.74,False,5002.35820117577
2023-12-07,300750.SZ,141.9,146.26,141.5,144.39,269084,4410841808.0,False,16392.0627313404
2023-12-07,600000.SH,5.46,5.49,5.38,5.46,305417,201249909.0,False,658.9348628268891
2023-12-07,600519.SH,1550.55,1555.63,1533.85,1546.55,25042,4249170906.0,False,169681.77086494688
2023-12-08,000001.SZ,7.49,7.53,7.38,7.38,1021152,957664580.59,False,937.8276501343581
2023-12-08,000333.SZ,39.51,40.41,39.42,39.67,218113,1102240031.34,False,5053.5274437562175
2023-12-08,300750.SZ,144.9,146.23,143.02,143.49,245020,4030383346.0,False,16449.201477430415
2023-12-08,600000.SH,5.45,5.53,5.43,5.52,295197,196385672.0,False,665.2698774039031
2023-12-08,600519.SH,1546.55,1555.39,1538.77,1551.47,26288,4474160126.0,False,170197.81367924527
2023-12-11,000001.SZ,7.3,7.46,7.21,7.43,1133663,1044765734.9,False,921.5840464935346
2023-12-11,000333.SZ,39.18,40.73,38.55,40.35,252015,1272635678.21,False,5049.840994424935
2023-12-11,300750.SZ,141.91,145.59,140.06,145.25,214896,3497265739.0,False,16274.224457411958
2023-12-11,600000.SH,5.49,5.57,5.38,5.57,336164,222209869.0,False,661.0162569460144
2023-12-11,600519.SH,1536.55,1550.55,1503.55,1544.55,36831,6172810248.0,False,167598.22562515273
2023-12-12,000001.SZ,7.39,7.58,7.38,7.5,855016,805067628.46,False,941.5819452033646
2023-12-12,000333.SZ,40.83,40.88,40.05,40.33,172048,879672020.1,False,5112.945341416349
2023-12-12,300750.SZ,143.9,145.12,142.88,143.53,147339,2415527908.0,False,16394.355248780023
2023-12-12,600000.SH,5.53,5.58,5.49,5.56,170036,113954198.0,False,670.1768919522924
2023-12-12,600519.SH,1534.15,1556.54,1530.55,1556.54,21011,3564305866.0,False,169639.99171862358
2023-12-13,000001.SZ,7.46,7.47,7.23,7.24,1061302,981001231.48,False,924.3374943983899
2023-12-13,000333.SZ,40.23,40.32,39.84,40.02,128587,652164458.2,False,5071.775982019955
2023-12-13,300750.SZ,142.45,143.49,138.61,139.25,252594,4045085653.0,False,16014.179485656825
2023-12-13,600000.SH,5.55,5.6,5.52,5.56,286834,192579846.0,False,671.3982512533381
2023-12-13,600519.SH,1551.77,1552.27,1503.63,1506.55,38789,6480807500.0,False,167078.48874680966
2023-12-14,000001.SZ,7.29,7.36,7.23,7.23,742901,683211465.8,False,919.653447498388
2023-12-14,000333.SZ,40.24,40.8,39.91,40.22,165634,847402712.77,False,5116.115729681104
2023-12-14,300750.SZ,140.78,141.39,136.34,136.53,227514,3596263195.0,False,15806.777582917974
2023-12-14,600000.SH,5.55,5.57,5.48,5.49,198631,132441281.0,False,666.7704487214986
2023-12-14,600519.SH,1512.51,1516.42,1481.57,1482.45,40672,6703240107.0,False,164812.15841365067
2023-12-15,000001.SZ,7.28,7.43,7.27,7.29,988939,915126127.17,False,925.3615512888055
2023-12-15,000333.SZ,39.84,40.43,39.63,39.66,204702,1034871741.97,False,5055.50381515569
2023-12-15,300750.SZ,137.1,138.58,134.5,134.9,202046,3158101585.0,False,15630.606817259437
2023-12-15,600000.SH,5.51,5.55,5.42,5.42,337030,223425092.0,False,662.9234548853218
2023-12-15,600519.SH,1494.78,1524.32,1490.56,1491.55,37093,6140791726.0,False,165551.22869544118
2023-12-18,000001.SZ,7.26,7.32,7.17,7.21,654426,599379044.02,False,915.885132956209
2023-12-18,000333.SZ,39.36,40.51,39.08,40.42,223075,1133044739.96,False,5079.209861974672
2023-12-18,300750.SZ,133.01,133.59,126.18,126.87,429129,6398809829.0,False,14911.156852601433
2023-12-18,600000.SH,5.42,5.46,5.36,5.43,275238,180979297.0,False,657.5374657569085
2023-12-18,600519.SH,1486.55,1509.88,1481.55,1508.55,19897,3292194757.0,False,165461.86646228074
2023-12-19,000001.SZ,7.2,7.25,7.15,7.18,644071,586716664.28,False,910.9502900767151
2023-12-19,000333.SZ,40.41,40.41,39.79,40.08,169545,859776399.62,False,5071.080831755581
2023-12-19,300750.SZ,126.21,129.88,126.17,128.9,251852,3734066912.0,False,14826.433429156807
2023-12-19,600000.SH,5.43,5.44,5.38,5.41,189885,124564888.0,False,656.0017273612976
2023-12-19,600519.SH,1511.55,1526.42,1491.64,1521.55,22207,3706057587.0,False,166886.90894762913
2023-12-20,000001.SZ,7.19,7.23,7.11,7.11,715634,650511342.87,False,909.0000515207495
2023-12-20,000333.SZ,40.08,40.73,39.85,40.36,254170,1298397555.67,False,5108.382404178306
2023-12-20,300750.SZ,129.1,131.1,128.22,128.35,212494,3174602188.0,False,14939.726241682118
2023-12-20,600000.SH,5.43,5.47,5.38,5.38,193699,127359291.0,False,657.5113500844093
2023-12-20,600519.SH,1523.66,1525.66,1508.66,1515.45,23092,3816133219.0,False,165257.80439113113
2023-12-21,000001.SZ,7.09,7.27,7.07,7.25,1017047,925407072.91,False,909.8960745275292
2023-12-21,000333.SZ,40.55,41.61,40.2,41.35,274212,1422425462.34,False,5187.320257100346
2023-12-21,300750.SZ,127.47,135.23,127.47,134.29,421315,6433383992.0,False,15269.772004319808
2023-12-21,600000.SH,5.37,5.44,5.34,5.42,281409,184156560.0,False,654.4089208234278
2023-12-21,600519.SH,1505.67,1537.98,1505.67,1535.66,29012,4827827888.0,False,166407.96525575625
2023-12-22,000001.SZ,7.27,7.36,7.19,7.28,1005645,924998769.19,False,919.8064617136266
2023-12-22,000333.SZ,41.24,42.32,41.03,42.1,227281,1194539707.6,False,5255.783402924133
2023-12-22,300750.SZ,133.4,138.31,132.1,136.19,280321,4359921761.0,False,15553.318377859669
2023-12-22,600000.SH,5.42,5.46,5.38,5.43,235893,155129803.0,False,657.6278355016893
2023-12-22,600519.SH,1535.36,1544.76,1523.67,1536.31,21667,3613238325.0,False,166762.2801956893
2023-12-25,000001.SZ,7.26,7.28,7.22,7.27,413971,379638233.73,False,917.0648034041033
2023-12-25,000333.SZ,41.95,42.58,41.76,42.0,113150,598032181.63,False,5285.304300751215
2023-12-25,300750.SZ,135.4,137.78,134.7,137.44,130056,2036117775.0,False,15655.70042904595
2023-12-25,600000.SH,5.41,5.46,5.4,5.43,129043,84908528.0,False,657.9863146393063
2023-12-25,600519.SH,1536.66,1544.26,1533.66,1537.66,12471,2086014390.0,False,167269.215780611
2023-12-26,000001.SZ,7.27,7.28,7.15,7.18,541896,493746622.76,False,911.146461239795
2023-12-26,000333.SZ,41.95,42.56,41.86,42.13,161523,855413702.78,False,5295.925055750574
2023-12-26,300750.SZ,136.87,137.4,134.64,136.03,127673,1994477782.0,False,15621.76640323326
2023-12-26,600000.SH,5.42,5.45,5.39,5.41,119345,78321376.0,False,656.2602203695169
2023-12-26,600519.SH,1538.16,1540.56,1523.16,1535.66,14771,2457177339.0,False,166351.45481010087
2023-12-27,000001.SZ,7.18,7.21,7.1,7.2,641534,582036660.68,False,907.2576990151729
2023-12-27,000333.SZ,42.11,43.03,42.05,42.93,203069,1081963246.61,False,5328.057195386789
2023-12-27,300750.SZ,137.43,137.9,133.77,134.23,173565,2686313989.0,False,15477.279342033244
2023-12-27,600000.SH,5.41,5.46,5.36,5.45,184227,120867594.0,False,656.0796951586901
2023-12-27,600519.SH,1533.66,1542.81,1526.66,1532.72,16056,2679221365.0,False,166867.29976332834
2023-12-28,000001.SZ,7.19,7.55,7.16,7.53,1661592,1550256590.59,False,932.9947367283905
2023-12-28,000333.SZ,42.77,43.49,42.58,43.38,247280,1331261037.56,False,5383.617913134907
2023-12-28,300750.SZ,134.12,143.06,133.47,142.89,378502,6079407754.0,False,16061.758601011355
2023-12-28,600000.SH,5.45,5.54,5.44,5.53,348027,231691608.0,False,665.728831383772
2023-12-28,600519.SH,1536.65,1593.65,1532.72,1590.65,38338,6537401380.0,False,170520.14659084982
2023-12-29,000001.SZ,7.5,7.56,7.43,7.47,853853,803196743.82,False,940.6733288048412
2023-12-29,000333.SZ,43.4,44.31,43.05,43.96,259373,1410074986.81,False,5436.4756038986325
2023-12-29,300750.SZ,143.88,144.9,141.9,143.16,226838,3707101874.0,False,16342.508195275925
2023-12-29,600000.SH,5.51,5.55,5.46,5.47,338014,224306297.0,False,663.6006112172869
2023-12-29,600519.SH,1585.66,1615.24,1585.66,1591.66,27539,4768857531.0,False,173167.4182432187
2024-01-02,000001.SZ,7.47,7.5,7.29,7.29,1158366,1075742252.45,False,928.6721575477872
2024-01-02,000333.SZ,43.96,44.38,43.53,43.89,239057,1305162003.76,False,5459.626799298912
2024-01-02,300750.SZ,142.12,142.43,136.52,136.73,214033,3390080350.0,False,15839.05449159709
2024-01-02,600000.SH,5.48,5.5,5.45,5.45,220667,146066304.0,False,661.9308913430644
2024-01-02,600519.SH,1580.66,1583.85,1543.76,1550.67,32156,5440082548.0,False,169177.8376663764
2024-01-03,000001.SZ,7.27,7.3,7.23,7.28,733610,673673613.54,False,918.2993873311432
2024-01-03,000333.SZ,43.92,44.13,43.43,43.78,206897,1126649739.09,False,5445.461940434128
2024-01-03,300750.SZ,136.0,137.18,134.3,135.7,197576,3070016674.0,False,15538.408885694618
2024-01-03,600000.SH,5.44,5.5,5.44,5.49,182037,120639706.0,False,662.7207985189824
2024-01-03,600519.SH,1546.77,1560.88,1541.99,1559.66,20229,3411400667.0,False,168639.1154777794
2024-01-04,000001.SZ,7.27,7.27,7.16,7.19,864194,787470082.37,False,911.2191040090536
2024-01-04,000333.SZ,43.99,44.65,43.78,44.58,267025,1467886384.85,False,5497.187098024529
2024-01-04,300750.SZ,135.4,135.62,129.67,131.1,272418,4114835334.0,False,15104.858467502147
2024-01-04,600000.SH,5.49,5.52,5.4,5.47,288860,190580610.0,False,659.7680883472963
2024-01-04,600519.SH,1558.66,1558.66,1528.59,1534.66,21551,3603970147.0,False,167229.83374321376
2024-01-05,000001.SZ,7.18,7.52,7.15,7.35,1991622,1852659692.14,False,930.2265651514193
2024-01-05,000333.SZ,44.53,45.41,44.18,44.93,300429,1669357551.21,False,5556.579262354832
2024-01-05,300750.SZ,130.89,134.63,129.39,130.8,210353,3195235676.0,False,15189.874525202873
2024-01-05,600000.SH,5.45,5.61,5.44,5.53,444214,296976886.0,False,668.5446338926733
2024-01-05,600519.SH,1526.99,1544.32,1517.77,1529.02,20243,3373155627.0,False,166633.18811440992
2024-01-08,000001.SZ,7.31,7.38,7.19,7.23,1121156,1029006548.73,False,917.808537554096
2024-01-08,000333.SZ,44.93,44.93,43.95,44.33,278097,1531117698.75,False,5505.696569002902
2024-01-08,300750.SZ,130.1,133.29,128.98,129.9,193854,2926528361.0,False,15096.559065069589
2024-01-08,600000.SH,5.53,5.56,5.41,5.44,375203,247977825.0,False,660.9164239091905
2024-01-08,600519.SH,1526.66,1527.66,1505.67,1509.65,25586,4211918629.0,False,164618.09696709138
2024-01-09,000001.SZ,7.24,7.27,7.17,7.26,766194,700375720.2,False,914.0971088262243
2024-01-09,000333.SZ,44.04,44.66,43.44,44.5,216070,1184711711.55,False,5482.999544360624
2024-01-09,300750.SZ,129.86,131.27,125.65,128.6,233916,3473507460.0,False,14849.37952085364
2024-01-09,600000.SH,5.45,5.49,5.39,5.46,307419,202647646.0,False,659.1903753509055
2024-01-09,600519.SH,1506.67,1517.98,1500.73,1506.66,24412,4009826496.0,False,164256.3696542684
2024-01-10,000001.SZ,7.24,7.27,7.17,7.17,858621,783771150.01,False,912.8255074241138
2024-01-10,000333.SZ,44.5,45.1,44.17,44.55,178208,984854746.1,False,5526.433976589155
2024-01-10,300750.SZ,126.84,133.01,126.45,130.56,232120,3500326619.0,False,15079.81483284508
2024-01-10,600000.SH,5.46,5.48,5.42,5.42,222409,146695926.0,False,659.5772922858338
2024-01-10,600519.SH,1506.76,1525.12,1503.66,1507.16,17351,2856120718.0,False,164608.42130136592
2024-01-11,000001.SZ,7.16,7.3,7.11,7.25,934686,853890237.29,False,913.5583899726753
2024-01-11,000333.SZ,44.55,44.82,44.06,44.33,212369,1168392664.94,False,5501.710065687554
2024-01-11,300750.SZ,130.56,137.67,128.41,134.72,328018,5037065544.0,False,15356.064435488297
2024-01-11,600000.SH,5.41,5.44,5.37,5.38,359147,235312058.0,False,655.1970585860386
2024-01-11,600519.SH,1505.76,1523.6,1503.72,1512.23,16441,2708764500.0,False,164756.67538470897
2024-01-12,000001.SZ,7.21,7.35,7.19,7.27,772582,711018266.07,False,920.3143045916162
2024-01-12,000333.SZ,44.23,45.04,43.91,44.33,243611,1343879865.49,False,5516.499113299482
2024-01-12,300750.SZ,133.9,137.23,132.1,134.53,254622,3943737150.0,False,15488.595447369042
2024-01-12,600000.SH,5.37,5.41,5.35,5.35,346241,225743841.0,False,651.9847187363715
2024-01-12,600519.SH,1505.63,1516.92,1505.06,1508.72,11603,1908084612.0,False,164447.5232267517
2024-01-15,000001.SZ,7.24,7.37,7.21,7.29,745133,685950951.45,False,920.57518785237
2024-01-15,000333.SZ,44.17,45.31,43.99,45.21,191241,1063527118.83,False,5561.187814485388
2024-01-15,300750.SZ,133.4,133.6,129.25,131.6,172722,2618158007.0,False,15158.219607230116
2024-01-15,600000.SH,5.35,5.39,5.32,5.36,286942,186476698.0,False,649.8759261453534
2024-01-15,600519.SH,1500.66,1520.63,1500.11,1505.66,17854,2931202343.0,False,164176.22622381538
2024-01-16,000001.SZ,7.27,7.43,7.24,7.42,1438313,1334465408.53,False,927.7990315946529
2024-01-16,000333.SZ,44.94,46.28,44.43,46.25,337304,1903147107.14,False,5642.231064974029
2024-01-16,300750.SZ,131.56,137.15,130.46,136.85,284693,4421625828.0,False,15531.206696336054
2024-01-16,600000.SH,5.34,5.45,5.34,5.44,531865,348808283.0,False,655.8210880580599
2024-01-16,600519.SH,1504.16,1512.66,1490.6,1505.09,25903,4236042960.0,False,163534.8399799251
2024-01-17,000001.SZ,7.41,7.47,7.31,7.31,1482296,1380725065.03,False,931.4772926797347
2024-01-17,000333.SZ,45.96,46.62,45.7,45.7,269141,1530395102.15,False,5686.220613544574
2024-01-17,300750.SZ,136.76,136.76,131.65,132.14,217615,3343384131.0,False,15363.757695930886
2024-01-17,600000.SH,5.43,5.47,5.37,5.38,482499,316982892.0,False,656.9607232346596
2024-01-17,600519.SH,1495.66,1501.14,1442.66,1442.66,51633,8251735591.0,False,159815.1490519629
2024-01-18,000001.SZ,7.29,7.32,7.08,7.28,1755132,1597853726.63,False,910.3894901523076
2024-01-18,000333.SZ,46.12,46.32,44.41,45.73,390231,2175726535.61,False,5575.483586926718
2024-01-18,300750.SZ,130.0,135.1,129.91,134.51,307788,4688436698.0,False,15232.681904427724
2024-01-18,600000.SH,5.38,5.43,5.21,5.41,739944,477803910.0,False,645.7298255003082
2024-01-18,600519.SH,1439.66,1478.46,1421.21,1476.53,60440,9566349514.0,False,158278.44993381866
2024-01-19,000001.SZ,7.24,7.28,7.18,7.25,963981,881865023.89,False,914.8157732258209
2024-01-19,000333.SZ,45.33,45.93,45.19,45.47,299370,1681993909.22,False,5618.445098774092
2024-01-19,300750.SZ,133.7,137.79,133.3,134.8,265949,4136034233.0,False,15551.98264704887
2024-01-19,600000.SH,5.37,5.47,5.32,5.44,576401,378165075.0,False,656.0798385152003
2024-01-19,600519.SH,1474.53,1503.67,1466.54,1500.66,46378,7550144389.0,False,162795.8167450084
2024-01-22,000001.SZ,7.24,7.34,7.12,7.18,1580320,1449858241.68,False,917.4459866862408
2024-01-22,000333.SZ,45.21,45.99,44.41,44.67,359803,2017295148.71,False,5606.665727384152
2024-01-22,300750.SZ,133.4,139.85,130.55,135.56,404888,6323471152.0,False,15617.828021576337
2024-01-22,600000.SH,5.43,5.52,5.38,5.44,671735,445086465.0,False,662.5923392409209
2024-01-22,600519.SH,1494.66,1508.66,1484.54,1507.66,46946,7678297836.0,False,163555.95441571166
2024-01-23,000001.SZ,7.13,7.26,7.04,7.24,1135545,1030898421.04,False,907.8446217807308
2024-01-23,000333.SZ,44.85,46.02,44.13,45.71,288485,1612570165.77,False,5589.78860519611
2024-01-23,300750.SZ,134.9,138.7,133.09,133.81,323059,5033058276.0,False,15579.377995969777
2024-01-23,600000.SH,5.43,5.5,5.35,5.47,332985,218923249.0,False,657.4567893448653
2024-01-23,600519.SH,1497.67,1505.61,1474.66,1484.66,34835,5659457115.0,False,162464.67963255345
2024-01-24,000001.SZ,7.31,7.42,7.15,7.41,1759123,1620099272.06,False,920.9698651316593
2024-01-24,000333.SZ,45.48,46.77,45.35,46.52,264637,1503303922.9,False,5680.626378397579
2024-01-24,300750.SZ,134.4,134.89,129.41,133.38,248710,3776131708.0,False,15182.8704434884
2024-01-24,600000.SH,5.49,5.58,5.45,5.56,537465,358343157.0,False,666.7283581256454
2024-01-24,600519.SH,1494.66,1499.5,1469.22,1491.66,33216,5373603703.0,False,161777.56812981697
2024-01-25,000001.SZ,7.41,7.62,7.35,7.58,2162514,2037648413.07,False,942.259061939021
2024-01-25,000333.SZ,46.63,46.82,45.57,45.68,249636,1412367267.65,False,5657.706691542887
2024-01-25,300750.SZ,131.9,135.0,129.61,134.9,294796,4503492567.0,False,15276.640683727052
2024-01-25,600000.SH,5.58,5.65,5.55,5.62,502569,339203853.0,False,674.9398649737648
2024-01-25,600519.SH,1492.48,1506.66,1487.66,1503.66,31206,5094508165.0,False,163254.1230853041
2024-01-26,000001.SZ,7.55,7.75,7.52,7.7,2272287,2172799799.01,False,956.2171499506885
2024-01-26,000333.SZ,45.68,47.08,45.68,46.84,327457,1874299632.73,False,5723.80383601511
2024-01-26,300750.SZ,132.4,134.38,129.9,129.9,271813,4118576147.0,False,15152.241235702486
2024-01-26,600000.SH,5.63,5.76,5.6,5.72,709979,485347721.0,False,683.6085588446982
2024-01-26,600519.SH,1496.02,1509.76,1488.66,1502.98,26955,4402111882.0,False,163313.36976442218
2024-01-29,000001.SZ,7.77,7.96,7.66,7.78,2376252,2312173346.33,False,973.0337297264767
2024-01-29,000333.SZ,47.23,48.81,47.02,48.02,374987,2204469369.87,False,5878.78878433119
2024-01-29,300750.SZ,129.34,130.68,126.92,126.92,217675,3235910042.0,False,14865.786342023659
2024-01-29,600000.SH,5.71,5.82,5.7,5.75,552699,381908899.0,False,690.9889451582145
2024-01-29,600519.SH,1505.96,1526.24,1505.95,1515.66,31421,5189014946.0,False,165144.80589414723
2024-01-30,000001.SZ,7.69,7.78,7.57,7.58,1579122,1515156603.96,False,959.4930625752792
2024-01-30,000333.SZ,48.03,48.53,47.33,47.55,273733,1604993046.2,False,5863.352413483212
2024-01-30,300750.SZ,125.4,127.34,120.3,120.65,327274,4680164654.0,False,14300.44749659307
2024-01-30,600000.SH,5.75,5.8,5.67,5.68,407370,280193766.0,False,687.8114883275646
2024-01-30,600519.SH,1515.64,1515.64,1475.66,1478.66,30866,5010784454.0,False,162339.93565735762
2024-01-31,000001.SZ,7.54,7.64,7.46,7.54,1357217,1286857396.81,False,948.1589140203814
2024-01-31,000333.SZ,47.24,48.27,46.75,47.58,255442,1486711039.1,False,5820.151107100633
2024-01-31,300750.SZ,124.9,132.86,123.9,131.49,595221,8943013792.0,False,15024.694679791204
2024-01-31,600000.SH,5.66,5.73,5.59,5.68,456620,311141441.0,False,681.4012548727608
2024-01-31,600519.SH,1478.66,1485.63,1463.79,1470.57,29649,4770104891.0,False,160885.8609396607
2024-02-01,000001.SZ,7.49,7.56,7.42,7.49,1055260,993481907.01,False,941.4569935466141
2024-02-01,000333.SZ,47.56,48.79,47.33,48.14,303402,1785789270.81,False,5885.884967172266
2024-02-01,300750.SZ,131.48,132.42,128.48,128.92,279688,4197978843.0,False,15009.506460770574
2024-02-01,600000.SH,5.68,5.73,5.63,5.65,442524,302115560.0,False,682.7099999096095
2024-02-01,600519.SH,1471.16,1489.55,1466.66,1475.69,26485,4272298576.0,False,161310.12180479517
2024-02-02,000001.SZ,7.5,7.55,7.15,7.35,1634214,1520605694.69,False,930.4813780141402
2024-02-02,000333.SZ,47.83,48.21,46.64,47.58,289505,1687829336.99,False,5830.05245847222
2024-02-02,300750.SZ,127.9,128.9,123.27,125.9,307060,4494266567.0,False,14636.44423565427
2024-02-02,600000.SH,5.67,5.77,5.57,5.69,594829,407459710.0,False,685.0031017317582
2024-02-02,600519.SH,1480.66,1493.44,1446.66,1461.66,39382,6336691194.0,False,160903.23482809405
2024-02-05,000001.SZ,7.27,7.51,7.19,7.46,1803592,1674566499.46,False,928.4619245705237
2024-02-05,000333.SZ,47.33,48.93,47.15,48.78,461603,2724269122.18,False,5901.7578355859905
2024-02-05,300750.SZ,122.51,134.4,122.2,131.84,471326,7035622773.0,False,14927.2961241264
2024-02-05,600000.SH,5.69,5.77,5.61,5.74,827137,566786780.0,False,685.2393013491114
2024-02-05,600519.SH,1461.66,1503.1,1460.91,1495.67,53130,8590683071.0,False,161691.75740636175
2024-02-06,000001.SZ,7.38,7.76,7.37,7.76,1995410,1900324218.2,False,952.3477471797776
2024-02-06,000333.SZ,48.59,50.12,48.35,49.28,379464,2279549237.76,False,6007.287220289672
2024-02-06,300750.SZ,131.09,139.16,130.72,138.23,437459,6828296924.0,False,15608.998612441395
2024-02-06,600000.SH,5.74,5.85,5.71,5.85,716832,498307471.0,False,695.1523801950806
2024-02-06,600519.SH,1495.67,1551.14,1491.76,1541.66,52472,8740646588.0,False,166577.34769019668
2024-02-07,000001.SZ,7.7,7.75,7.56,7.69,2062015,1975435102.12,False,958.0119941513519
2024-02-07,000333.SZ,48.62,50.5,48.36,50.44,461959,2791586567.03,False,6042.931444197429
2024-02-07,300750.SZ,137.9,139.69,135.9,139.5,366070,5800699416.0,False,15845.874876389762
2024-02-07,600000.SH,5.87,5.88,5.7,5.79,837313,580014441.0,False,692.709227015465
2024-02-07,600519.SH,1546.69,1580.25,1527.27,1576.65,52601,8899606867.0,False,169190.8303454307
2024-02-08,000001.SZ,7.66,7.75,7.6,7.75,1656814,1593505690.13,False,961.7891266792773
2024-02-08,000333.SZ,50.62,51.69,49.31,49.62,347232,2112587867.05,False,6084.081729362501
2024-02-08,300750.SZ,139.4,144.9,138.78,142.74,309012,5016344779.0,False,16233.495071388814
2024-02-08,600000.SH,5.8,5.82,5.67,5.81,671647,463209888.0,False,689.6627067492299
2024-02-08,600519.SH,1585.67,1590.66,1550.66,1571.66,46757,7953438044.0,False,170101.54723356932
2024-02-19,000001.SZ,7.84,7.89,7.73,7.89,1605243,1564088444.93,False,974.3624142450707
2024-02-19,000333.SZ,51.03,51.03,49.14,49.93,356959,2157379733.25,False,6043.774588258035
2024-02-19,300750.SZ,144.86,144.86,138.99,139.99,270925,4355156562.0,False,16075.13725938913
2024-02-19,600000.SH,5.83,5.98,5.8,5.97,578698,407648425.0,False,704.4234211972393
2024-02-19,600519.SH,1603.53,1603.59,1553.66,1561.09,36977,6288277980.0,False,170059.1713768018
2024-02-20,000001.SZ,7.87,7.92,7.81,7.9,1123564,1098987813.26,False,978.1265804707164
2024-02-20,000333.SZ,49.63,51.12,49.0,51.03,296309,1807531882.32,False,6100.158558531803
2024-02-20,300750.SZ,141.78,141.78,135.97,138.23,221948,3506366283.0,False,15798.14318218682
2024-02-20,600000.SH,5.98,6.0,5.91,5.95,324090,230505757.0,False,711.2399549507853
2024-02-20,600519.SH,1563.02,1563.02,1522.22,1535.66,34470,5755266893.0,False,166964.51676820422
2024-02-21,000001.SZ,7.86,8.88,7.85,8.88,5055285,5295259396.81,False,1047.4700035329365
2024-02-21,000333.SZ,50.33,51.88,50.01,51.04,277972,1719403865.94,False,6185.528995510339
2024-02-21,300750.SZ,137.28,143.2,136.24,141.1,257827,4135575623.0,False,16040.118463155526
2024-02-21,600000.SH,5.96,6.17,5.94,6.09,588096,426038720.0,False,724.4373707693982
2024-02-21,600519.SH,1531.68,1596.66,1527.66,1583.32,46154,7868784082.0,False,170489.7534774884
2024-02-22,000001.SZ,8.73,8.99,8.7,8.98,4922325,5307736374.06,False,1078.2986442504305
2024-02-22,000333.SZ,50.54,51.12,50.36,50.68,192591,1180530929.52,False,6129.730514510024
2024-02-22,300750.SZ,141.23,141.23,138.78,140.25,209559,3349275886.0,False,15982.496032143692
2024-02-22,600000.SH,6.09,6.12,6.03,6.06,336652,242967428.0,False,721.7168708339769
2024-02-22,600519.SH,1573.16,1588.67,1566.19,1584.04,22794,3905984695.0,False,171360.2129946477
2024-02-23,000001.SZ,8.96,9.32,8.92,8.93,3567480,3917316281.52,False,1098.0625768105217
2024-02-23,000333.SZ,51.01,51.43,48.65,48.95,430936,2580957128.97,False,5989.18894910149
2024-02-23,300750.SZ,141.87,141.9,138.96,140.4,210176,3368773226.0,False,16028.343987895858
2024-02-23,600000.SH,6.06,6.18,6.05,6.13,379396,276331224.0,False,728.345116975403
2024-02-23,600519.SH,1576.77,1590.04,1565.68,1579.75,27306,4670706950.0,False,171050.57313410973
2024-02-26,000001.SZ,8.86,8.96,8.58,8.61,2862609,3048205024.78,False,1064.8345704146113
2024-02-26,000333.SZ,49.18,50.83,49.18,49.63,340977,2070387072.2,False,6071.925884150544
2024-02-26,300750.SZ,139.13,139.89,134.6,135.9,360664,5638931754.0,False,15634.861682895991
2024-02-26,600000.SH,6.11,6.13,5.94,5.95,424831,304097864.0,False,715.8090252359174
2024-02-26,600519.SH,1573.66,1574.4,1550.68,1560.64,27318,4625594409.0,False,169324.0504063255
2024-02-27,000001.SZ,8.57,8.68,8.54,8.58,1981905,2083027074.06,False,1051.0226645878586
2024-02-27,000333.SZ,49.92,51.32,49.43,51.25,280148,1720508594.65,False,6141.427369283379
2024-02-27,300750.SZ,134.98,137.75,134.44,137.73,290401,4531078101.0,False,15602.83229396593
2024-02-27,600000.SH,5.92,6.0,5.91,5.99,248622,176742732.0,False,710.8893500977388
2024-02-27,600519.SH,1548.66,1558.58,1543.66,1555.16,22080,3718478358.0,False,168409.34592391303
2024-02-28,000001.SZ,8.59,8.78,8.48,8.57,3082693,3253340358.41,False,1055.3565854303363
2024-02-28,000333.SZ,51.33,51.64,50.28,51.15,253674,1568616988.79,False,6183.593859796431
2024-02-28,300750.SZ,138.08,143.2,136.91,136.91,400917,6423464926.0,False,16021.932035807911
2024-02-28,600000.SH,5.97,6.01,5.93,5.95,358267,255229186.0,False,712.3993725350088
2024-02-28,600519.SH,1554.58,1562.23,1539.67,1547.21,31867,5371312847.0,False,168554.07936109454
2024-02-29,000001.SZ,8.5,8.67,8.49,8.67,1845344,1936020982.56,False,1049.1382542008428
2024-02-29,000333.SZ,51.33,52.81,51.08,51.96,489210,3071855395.62,False,6279.216278530692
2024-02-29,300750.SZ,136.0,143.67,135.56,143.41,391675,6315294345.0,False,16123.812714623093
2024-02-29,600000.SH,5.96,6.02,5.94,6.0,342882,244498953.0,False,713.0702486569724
2024-02-29,600519.SH,1547.21,1562.16,1544.86,1560.66,24758,4184917973.0,False,169032.9579529849
2024-03-01,000001.SZ,8.67,8.68,8.51,8.57,1828103,1917689306.77,False,1049.0050652342893
2024-03-01,000333.SZ,52.83,53.84,52.21,53.8,328449,2102800960.25,False,6402.214530261928
2024-03-01,300750.SZ,143.43,145.46,142.3,144.45,281013,4610970231.0,False,16408.387622636674
2024-03-01,600000.SH,5.98,6.01,5.95,5.96,294318,209474048.0,False,711.7269348120061
2024-03-01,600519.SH,1555.66,1560.63,1542.34,1550.72,26868,4526845398.0,False,168484.6433675748
2024-03-04,000001.SZ,8.53,8.58,8.4,8.41,1655930,1719562862.03,False,1038.4272656634037
2024-03-04,000333.SZ,54.33,55.33,52.83,53.93,373844,2415284580.13,False,6460.67498777565
2024-03-04,300750.SZ,144.9,147.76,142.67,143.8,268086,4424835389.0,False,16505.283338182522
2024-03-04,600000.SH,5.97,5.97,5.9,5.92,278560,197157050.0,False,707.7722932222861
2024-03-04,600519.SH,1544.66,1546.65,1535.71,1541.96,26485,4434401015.0,False,167430.65942986595
2024-03-05,000001.SZ,8.38,8.55,8.34,8.51,1817319,1889144330.16,False,1039.5226870791535
2024-03-05,000333.SZ,53.98,54.73,52.78,54.37,355253,2288367736.34,False,6441.515585624893
2024-03-05,300750.SZ,142.0,145.1,139.9,144.55,275496,4478109343.0,False,16254.71637700729
2024-03-05,600000.SH,5.9,6.03,5.89,6.01,417562,297676104.0,False,712.8907898707258
2024-03-05,600519.SH,1536.47,1562.66,1532.34,1560.76,36238,6102136582.0,False,168390.54533914675
2024-03-06,000001.SZ,8.48,8.53,8.41,8.41,1345640,1396940060.42,False,1038.1231684700217
2024-03-06,000333.SZ,54.23,54.86,53.63,53.84,219230,1422222516.43,False,6487.3535393422435
2024-03-06,300750.SZ,142.48,146.8,141.6,143.54,187180,3067856204.0,False,16389.871802543006
2024-03-06,600000.SH,6.02,6.07,5.97,5.97,259187,185847810.0,False,717.0414025394792
2024-03-06,600519.SH,1556.66,1560.66,1543.68,1546.21,22142,3725582802.0,False,168258.63977960436
2024-03-07,000001.SZ,8.41,8.72,8.41,8.46,2016166,2109589237.19,False,1046.3370760096143
2024-03-07,000333.SZ,53.78,55.98,53.53,55.13,306340,2020641414.39,False,6596.0743435072145
2024-03-07,300750.SZ,142.9,144.07,139.38,140.05,221450,3568786297.0,False,16115.539837435086
2024-03-07,600000.SH,5.97,6.05,5.96,5.99,246903,176664369.0,False,715.521354540042
2024-03-07,600519.SH,1545.66,1555.46,1543.66,1549.29,21599,3633934774.0,False,168245.51016250753
2024-03-08,000001.SZ,8.43,8.52,8.38,8.46,1113974,1154491251.23,False,1036.3718105000655
2024-03-08,000333.SZ,55.2,55.82,54.21,55.43,261254,1714883400.95,False,6564.046487135125
2024-03-08,300750.SZ,139.03,140.7,136.55,137.9,202170,3194520067.0,False,15801.157773161201
2024-03-08,600000.SH,5.97,6.02,5.96,5.97,198618,141724066.0,False,713.5509671832361
2024-03-08,600519.SH,1546.22,1552.34,1535.71,1537.09,22156,3710678522.0,False,167479.6227658422
2024-03-11,000001.SZ,8.46,8.55,8.42,8.55,1210673,1260212019.66,False,1040.9185797155797
2024-03-11,000333.SZ,55.42,55.43,53.89,54.75,280270,1826293591.58,False,6516.193640346808
2024-03-11,300750.SZ,144.9,161.55,144.0,160.75,763350,13248182793.0,False,17355.319044999018
2024-03-11,600000.SH,5.98,6.02,5.91,5.96,261955,185957986.0,False,709.8852321963697
2024-03-11,600519.SH,1540.66,1564.54,1538.84,1560.15,29895,5048394347.0,False,168870.85957517978
2024-03-12,000001.SZ,8.56,8.67,8.49,8.64,1641262,1721999708.11,False,1049.1924556286565
2024-03-12,000333.SZ,54.68,54.68,52.38,53.46,507399,3241294650.71,False,6388.058807191185
2024-03-12,300750.SZ,163.24,166.33,159.9,165.74,621649,11428112945.0,False,18383.545931868306
2024-03-12,600000.SH,5.96,6.0,5.93,5.95,290305,206425806.0,False,711.0652796197103
2024-03-12,600519.SH,1559.6,1614.76,1556.16,1610.66,54227,9393309052.0,False,173221.99369317867
2024-03-13,000001.SZ,8.61,8.63,8.38,8.41,1768039,1834654994.4,False,1037.6778987341343
2024-03-13,000333.SZ,52.99,53.66,52.33,53.4,327232,2084900581.88,False,6371.3224314248
2024-03-13,300750.SZ,166.9,167.59,163.2,165.08,347958,6444102061.0,False,18519.769802677336
2024-03-13,600000.SH,5.97,5.97,5.88,5.89,259485,183084895.0,False,705.5702449081836
2024-03-13,600519.SH,1605.63,1613.66,1585.76,1593.11,26500,4588879420.0,False,173165.26113207548
2024-03-14,000001.SZ,8.38,8.46,8.28,8.31,1409400,1448499697.91,False,1027.7420873492267
2024-03-14,000333.SZ,53.19,54.08,52.93,53.83,315317,2026233407.14,False,6426.020186479004
2024-03-14,300750.SZ,164.79,167.86,162.86,163.71,305356,5642924971.0,False,18479.82345524568
2024-03-14,600000.SH,5.89,5.94,5.88,5.89,187036,131973016.0,False,705.602215616245
2024-03-14,600519.SH,1584.66,1600.5,1577.16,1582.29,19405,3338768308.0,False,172057.11455810358
2024-03-15,000001.SZ,8.63,8.83,8.58,8.68,3750208,3973799130.9,False,1059.6209945954997
2024-03-15,000333.SZ,53.72,53.83,52.63,53.35,254639,1624685427.44,False,6380.347972777147
2024-03-15,300750.SZ,163.53,163.8,156.75,160.9,354836,6371462215.0,False,17956.07608867195
2024-03-15,600000.SH,5.89,5.94,5.88,5.94,295995,208970012.0,False,705.9916958056724
2024-03-15,600519.SH,1578.16,1598.06,1577.66,1583.15,17834,3066692399.0,False,171957.6314343389
2024-03-18,000001.SZ,8.64,8.69,8.57,8.62,1671397,1761249149.98,False,1053.7587120115688
2024-03-18,000333.SZ,53.21,53.22,51.68,51.69,425011,2667915013.67,False,6277.284620092186
2024-03-18,300750.SZ,169.94,173.66,168.85,170.86,483052,9229188790.0,False,19105.994364995902
2024-03-18,600000.SH,5.91,5.98,5.91,5.94,265585,188382260.0,False,709.3106161869082
2024-03-18,600519.SH,1580.66,1585.51,1564.66,1573.92,26055,4446059130.0,False,170641.30224525044
2024-03-19,000001.SZ,8.61,8.62,8.47,8.48,1293216,1351069630.23,False,1044.7362468682727
2024-03-19,000333.SZ,51.53,52.45,51.5,51.93,297946,1867932283.73,False,6269.365199499238
2024-03-19,300750.SZ,170.39,172.2,166.5,167.15,269576,5099068938.0,False,18915.144293260528
2024-03-19,600000.SH,5.93,5.93,5.86,5.86,228487,160809198.0,False,703.8002074516274
2024-03-19,600519.SH,1568.66,1585.6,1558.77,1573.68,23948,4093701261.0,False,170941.25860197094
2024-03-20,000001.SZ,8.46,8.55,8.45,8.53,872663,910278572.98,False,1043.1043518288275
2024-03-20,000333.SZ,51.53,51.83,50.73,51.21,377909,2337851554.39,False,6186.2817619850275
2024-03-20,300750.SZ,165.41,171.14,165.41,169.38,210316,3987105281.0,False,18957.68881587706
2024-03-20,600000.SH,5.86,5.91,5.83,5.88,195430,137292232.0,False,702.5135956608505
2024-03-20,600519.SH,1569.02,1579.34,1565.89,1575.26,15249,2604543856.0,False,170800.96111220407
2024-03-21,000001.SZ,8.53,8.6,8.5,8.55,864466,905422293.67,False,1047.3775644964637
2024-03-21,000333.SZ,51.24,51.37,49.46,49.88,391892,2377326996.2,False,6066.281006501791
2024-03-21,300750.SZ,169.41,171.78,168.98,168.98,187567,3571619013.0,False,19041.830455250656
2024-03-21,600000.SH,5.91,5.98,5.88,5.95,419249,297257990.0,False,709.02492313637
2024-03-21,600519.SH,1573.76,1584.66,1570.16,1574.66,16596,2839332631.0,False,171085.35978549047
2024-03-22,000001.SZ,8.53,8.53,8.39,8.44,1028142,1065535606.11,False,1036.37007933729
2024-03-22,000333.SZ,49.89,51.98,49.83,51.95,431568,2671677604.67,False,6190.629529228303
2024-03-22,300750.SZ,168.99,169.81,164.89,166.41,191034,3563063417.0,False,18651.46213239528
2024-03-22,600000.SH,5.93,5.97,5.81,5.89,359605,252638802.0,False,702.5452983134272
2024-03-22,600519.SH,1570.69,1574.65,1553.66,1567.01,25456,4318592818.0,False,169649.30931803896
2024-03-25,000001.SZ,8.43,8.57,8.4,8.48,953202,993304120.45,False,1042.0709571003838
2024-03-25,000333.SZ,51.52,52.99,51.11,52.23,269033,1694247611.48,False,6297.545696921939
2024-03-25,300750.SZ,165.47,168.1,164.38,164.7,164134,3046334226.0,False,18560.043781300643
2024-03-25,600000.SH,5.91,5.94,5.86,5.91,244395,172644827.0,False,706.4171812025614
2024-03-25,600519.SH,1564.2,1564.43,1546.24,1554.67,24473,4131446237.0,False,168816.5013279941
2024-03-26,000001.SZ,8.53,8.74,8.5,8.68,1740021,1835376190.72,False,1054.801172353667
2024-03-26,000333.SZ,51.64,52.58,51.64,52.05,253537,1591428438.39,False,6276.908058350458
2024-03-26,300750.SZ,165.6,173.03,165.59,171.7,302473,5746016495.0,False,18996.791432623737
2024-03-26,600000.SH,5.94,6.0,5.92,6.0,351115,250044910.0,False,712.1453369978497
2024-03-26,600519.SH,1553.12,1578.46,1553.12,1574.95,28069,4782899074.0,False,170397.91492393744
2024-03-27,000001.SZ,8.64,8.71,8.59,8.61,1274136,1347397150.36,False,1057.498689590436
2024-03-27,000333.SZ,51.86,54.21,51.84,53.0,348428,2227887825.25,False,6394.1124859368365
2024-03-27,300750.SZ,171.64,171.65,167.9,167.9,206457,3910050276.0,False,18938.811839753558
2024-03-27,600000.SH,5.99,6.08,5.96,6.02,419431,301380700.0,False,718.5465547372512
2024-03-27,600519.SH,1570.66,1577.66,1564.66,1566.66,18113,3087792980.0,False,170473.85745044996
2024-03-28,000001.SZ,8.59,8.65,8.46,8.57,1302189,1362980388.48,False,1046.6839978528462
2024-03-28,000333.SZ,53.56,54.72,52.51,53.91,451854,2915943394.08,False,6453.286667994529
2024-03-28,300750.SZ,167.97,171.6,166.5,168.68,200367,3792149244.0,False,18926.01697884382
2024-03-28,600000.SH,6.04,6.05,5.96,6.02,345360,246970623.0,False,715.1106758165392
2024-03-28,600519.SH,1560.66,1583.66,1558.86,1567.3,24642,4201857059.0,False,170516.0725184644
2024-03-29,000001.SZ,8.53,8.65,8.51,8.6,872759,917332315.96,False,1051.0717345338176
2024-03-29,000333.SZ,53.91,55.06,52.99,53.55,254689,1638381689.95,False,6432.871816018753
2024-03-29,300750.SZ,170.2,174.9,169.28,170.06,164648,3154024728.0,False,19156.16787328118
2024-03-29,600000.SH,5.98,6.04,5.96,5.98,181389,129562451.0,False,714.2795373479097
2024-03-29,600519.SH,1567.3,1576.65,1563.76,1568.56,13457,2290584417.0,False,170215.08634911198
2024-04-01,000001.SZ,8.6,8.73,8.59,8.72,1191088,1261770380.39,False,1059.3427021261234
2024-04-01,000333.SZ,53.83,55.61,53.43,55.55,327712,2146737286.06,False,6550.682569024021
2024-04-01,300750.SZ,173.9,179.73,173.3,177.74,275132,5438688735.0,False,19767.5615159269
2024-04-01,600000.SH,6.0,6.09,5.99,6.08,360288,259657244.0,False,720.6935673683275
2024-04-01,600519.SH,1575.65,1599.66,1574.36,1586.99,27131,4679371035.0,False,172473.22380302974
2024-04-02,000001.SZ,8.71,8.76,8.61,8.63,1085458,1149700799.95,False,1059.1849707220363
2024-04-02,000333.SZ,55.33,55.86,55.08,55.58,226536,1497277780.33,False,6609.447418202846
2024-04-02,300750.SZ,178.0,181.47,176.4,179.6,240381,4793028386.0,False,19939.297972801513
2024-04-02,600000.SH,6.09,6.16,6.07,6.12,350952,255236210.0,False,727.2681449315006
2024-04-02,600519.SH,1587.66,1590.65,1570.71,1579.65,25449,4360973684.0,False,171361.2984400173
2024-04-03,000001.SZ,8.61,8.63,8.5,8.54,981846,1028648883.43,False,1047.6682528930198
2024-04-03,000333.SZ,55.53,56.23,55.31,56.06,206265,1370613982.65,False,6644.917861246456
2024-04-03,300750.SZ,178.84,178.85,174.5,177.55,234890,4635543375.0,False,19734.95412746392
2024-04-03,600000.SH,6.08,6.13,6.04,6.08,252541,182860244.0,False,724.0814125231151
2024-04-03,600519.SH,1599.66,1605.1,1575.68,1580.77,29046,5002390042.0,False,172223.0269916684
2024-04-08,000001.SZ,8.5,8.57,8.45,8.51,906361,945290441.32,False,1042.9513641032659
2024-04-08,000333.SZ,56.05,56.18,54.0,54.65,324345,2125546168.65,False,6553.349577301948
2024-04-08,300750.SZ,177.55,179.8,174.5,174.5,189576,3729974586.0,False,19675.352291429295
2024-04-08,600000.SH,6.08,6.17,6.04,6.13,327645,238582732.0,False,728.1744937355979
2024-04-08,600519.SH,1560.66,1561.66,1528.26,1532.32,59167,9907355766.0,False,167447.32310240506
2024-04-09,000001.SZ,8.51,8.55,8.44,8.48,857157,891468991.01,False,1040.0299956834046
2024-04-09,000333.SZ,54.33,54.93,54.15,54.37,194783,1270147986.31,False,6520.835936965751
2024-04-09,300750.SZ,173.9,176.4,173.61,175.9,145700,2845224466.0,False,19527.96476321208
2024-04-09,600000.SH,6.14,6.17,6.1,6.11,203355,147972234.0,False,727.654761377886
2024-04-09,600519.SH,1526.33,1538.66,1524.11,1527.88,25590,4256226333.0,False,166323.81137162953
2024-04-10,000001.SZ,8.46,8.49,8.35,8.36,1246391,1288696196.29,False,1033.9421548214002
2024-04-10,000333.SZ,54.2,55.53,53.89,54.5,180820,1184377719.41,False,6550.037160767614
2024-04-10,300750.SZ,174.01,174.9,171.43,172.64,179615,3459617610.0,False,19261.295604487375
2024-04-10,600000.SH,6.11,6.18,6.08,6.12,224367,163551937.0,False,728.9482722503755
2024-04-10,600519.SH,1527.93,1530.65,1510.66,1513.64,27631,4562853880.0,False,165135.31468278382
2024-04-11,000001.SZ,8.32,8.37,8.2,8.33,1010213,1030820137.39,False,1020.3988044006561
2024-04-11,000333.SZ,54.28,55.28,53.94,54.4,190048,1239842457.97,False,6523.838493275383
2024-04-11,300750.SZ,170.71,174.2,166.9,172.5,192954,3681659227.0,False,19080.50222851042
2024-04-11,600000.SH,6.08,6.13,6.04,6.09,253642,183441392.0,False,723.2295597732236
2024-04-11,600519.SH,1505.77,1515.66,1500.35,1513.66,22766,3736417595.0,False,164122.70908372133
2024-04-12,000001.SZ,8.3,8.35,8.12,8.14,1305454,1322011753.93,False,1012.6835215411651
2024-04-12,000333.SZ,54.32,54.93,53.91,54.22,217344,1414407755.38,False,6507.691748472468
2024-04-12,300750.SZ,170.9,171.88,167.91,168.29,166256,3153751598.0,False,18969.249819555385
2024-04-12,600000.SH,6.05,6.11,5.97,5.98,328097,235493710.0,False,717.7563647336001
2024-04-12,600519.SH,1516.66,1529.66,1499.69,1499.69,26744,4403968129.0,False,164671.2581887526
2024-04-15,000001.SZ,8.15,8.4,8.14,8.37,1453203,1486326196.01,False,1022.7932339872681
2024-04-15,000333.SZ,54.22,56.33,54.04,56.17,317837,2102897320.7,False,6616.276017895966
2024-04-15,300750.SZ,173.75,177.04,171.76,177.04,305483,5978911501.0,False,19571.994189529367
2024-04-15,600000.SH,5.97,6.15,5.97,6.15,483103,350007626.0,False,724.4989701989017
2024-04-15,600519.SH,1500.67,1541.27,1500.64,1538.64,35818,5960815532.0,False,166419.55251549502
2024-04-16,000001.SZ,8.36,8.47,8.3,8.36,1478036,1523138499.07,False,1030.5151559704905
2024-04-16,000333.SZ,56.11,58.1,55.9,57.64,391914,2659237097.09,False,6785.256707058182
2024-04-16,300750.SZ,178.9,179.2,174.82,177.05,276231,5450235800.0,False,19730.71740680807
2024-04-16,600000.SH,6.1,6.17,6.06,6.11,402033,292494126.0,False,727.5376051219675
2024-04-16,600519.SH,1531.15,1545.22,1524.66,1535.66,26266,4382796962.0,False,166861.98743622933
2024-04-17,000001.SZ,8.34,8.71,8.29,8.7,2232641,2337576586.88,False,1047.000653880315
2024-04-17,000333.SZ,57.33,58.13,56.31,57.91,245496,1664966380.0,False,6782.050949913644
2024-04-17,300750.SZ,175.25,176.83,172.92,175.89,216192,4211033978.0,False,19478.213708185318
2024-04-17,600000.SH,6.11,6.2,6.03,6.19,431519,314102077.0,False,727.8986023790378
2024-04-17,600519.SH,1533.66,1540.86,1523.66,1532.66,24819,4130322018.0,False,166417.74519521336
2024-04-18,000001.SZ,8.66,9.11,8.64,8.88,3165914,3427338981.81,False,1082.574884159835
2024-04-18,000333.SZ,57.91,60.66,57.71,59.33,395421,2777734456.54,False,7024.751989752694
2024-04-18,300750.SZ,173.87,177.35,171.29,175.46,195396,3808772286.0,False,19492.58063624639
2024-04-18,600000.SH,6.19,6.31,6.16,6.18,468225,345482146.0,False,737.8549757061242
2024-04-18,600519.SH,1524.67,1548.64,1523.84,1536.44,26568,4445487745.0,False,167324.8925398976
2024-04-19,000001.SZ,8.79,8.9,8.74,8.77,1457675,1562376146.58,False,1071.8274969248976
2024-04-19,000333.SZ,58.76,59.91,58.76,59.33,288123,2017233099.5,False,7001.291460591484
2024-04-19,300750.SZ,172.96,174.36,169.41,170.7,184915,3533488436.0,False,19108.71717275505
2024-04-19,600000.SH,6.17,6.25,6.11,6.19,380042,278975860.0,False,734.0658664042395
2024-04-19,600519.SH,1526.44,1534.16,1506.94,1512.3,23500,3879233242.0,False,165073.75497872342
2024-04-22,000001.SZ,8.72,8.89,8.53,8.58,2009818,2125722741.41,False,1057.6692722475368
2024-04-22,000333.SZ,59.53,60.52,58.83,59.31,289438,2032072605.39,False,7020.752649582985
2024-04-22,300750.SZ,172.7,174.79,170.47,170.5,150987,2903026005.0,False,19226.993085497426
2024-04-22,600000.SH,6.21,6.28,6.13,6.14,326947,240124244.0,False,734.4439435137805
2024-04-22,600519.SH,1519.66,1544.54,1510.66,1540.72,29951,5001684635.0,False,166995.5806150045
2024-04-23,000001.SZ,8.59,8.73,8.54,8.62,1240027,1308866093.13,False,1055.51418890879
2024-04-23,000333.SZ,59.16,59.33,56.92,57.72,382179,2605557574.87,False,6817.636696076969
2024-04-23,300750.SZ,171.03,172.4,167.78,169.83,111138,2113386949.0,False,19015.880697871115
2024-04-23,600000.SH,6.17,6.25,6.1,6.19,440556,323208600.0,False,733.6379484106448
2024-04-23,600519.SH,1540.66,1560.66,1540.66,1557.94,24980,4217855279.0,False,168849.290592474
2024-04-24,000001.SZ,8.6,8.65,8.54,8.61,941568,989093538.21,False,1050.4748867952183
2024-04-24,000333.SZ,57.67,57.97,56.08,57.23,307830,2079963045.53,False,6756.856204820842
2024-04-24,300750.SZ,171.9,172.3,166.3,169.5,151543,2865374635.0,False,18907.99730109606
2024-04-24,600000.SH,6.23,6.25,6.15,6.21,247589,181997245.0,False,735.078072935389
2024-04-24,600519.SH,1562.64,1565.57,1548.99,1559.26,17086,2893555635.0,False,169352.43093760975
2024-04-25,000001.SZ,8.58,8.7,8.56,8.69,1113812,1176304524.86,False,1056.1068877512541
2024-04-25,000333.SZ,56.46,57.89,56.46,57.57,220333,1500859467.9,False,6811.777935670099
2024-04-25,300750.SZ,168.47,174.25,167.79,173.1,164183,3150746112.0,False,19190.452799619936
2024-04-25,600000.SH,6.18,6.27,6.16,6.26,246769,182019255.0,False,737.6098902212191
2024-04-25,600519.SH,1555.99,1561.26,1547.91,1558.7,14476,2447183879.0,False,169051.11073500966
2024-04-26,000001.SZ,8.67,8.75,8.56,8.68,1607628,1698581436.96,False,1056.5761712037859
2024-04-26,000333.SZ,57.58,57.98,56.75,57.7,242257,1650078937.5,False,6811.27454521438
2024-04-26,300750.SZ,171.91,178.78,171.91,178.38,224881,4413524312.0,False,19626.043605284573
2024-04-26,600000.SH,6.26,6.33,6.2,6.27,458466,339924206.0,False,741.43820043362
2024-04-26,600519.SH,1559.66,1579.66,1559.64,1575.09,30996,5290248521.0,False,170675.20070331654
2024-04-29,000001.SZ,8.64,8.98,8.6,8.89,2169177,2337350883.73,False,1077.528889403677
2024-04-29,000333.SZ,57.63,58.21,56.56,57.53,332264,2264197665.48,False,6814.453764115282
2024-04-29,300750.SZ,180.47,193.4,179.9,189.53,438630,9119637969.0,False,20791.186122700226
2024-04-29,600000.SH,6.24,6.37,6.15,6.27,393178,292685761.0,False,744.4103205164073
2024-04-29,600519.SH,1562.61,1593.66,1559.48,1569.66,41332,7072096590.0,False,171104.63055259848
2024-04-30,000001.SZ,8.88,8.96,8.81,8.87,1324557,1431407709.37,False,1080.6690156558002
2024-04-30,000333.SZ,56.17,60.48,56.13,59.11,571318,3988190597.55,False,6980.684308126123
2024-04-30,300750.SZ,190.69,190.69,186.93,187.53,214330,4377316692.0,False,20423.25708953483
2024-04-30,600000.SH,6.43,6.69,6.41,6.55,1054728,813284484.0,False,771.0845677748197
2024-04-30,600519.SH,1570.67,1595.54,1570.66,1570.66,30760,5273902374.0,False,171453.26313394017
2024-05-06,000001.SZ,9.04,9.19,8.92,8.97,1784101,1953817493.43,False,1095.127178018509
2024-05-06,000333.SZ,59.83,60.79,58.98,60.34,461799,3263609833.49,False,7067.165224459126
2024-05-06,300750.SZ,195.93,196.63,190.96,191.91,270999,5634660009.0,False,20792.18007815527
2024-05-06,600000.SH,6.67,6.74,6.6,6.7,859373,673787209.0,False,784.045122432285
2024-05-06,600519.SH,1599.63,1630.66,1592.66,1625.86,59909,10504351712.0,False,175338.45852876862
2024-05-07,000001.SZ,8.95,8.97,8.84,8.96,1087057,1176786412.82,False,1082.5434294797788
2024-05-07,000333.SZ,60.14,61.66,59.95,60.43,304315,2176139138.45,False,7150.942735159291
2024-05-07,300750.SZ,191.11,192.81,190.08,191.81,131799,2722386147.0,False,20655.590307968952
2024-05-07,600000.SH,6.7,6.71,6.57,6.67,462695,360376178.0,False,778.8633505873199
2024-05-07,600519.SH,1631.45,1643.46,1622.34,1635.66,24925,4413196426.0,False,177059.0341424273
2024-05-08,000001.SZ,8.92,8.96,8.79,8.81,1221791,1318611999.65,False,1079.2451406582632
2024-05-08,000333.SZ,59.83,60.67,59.72,60.08,176620,1252248295.46,False,7090.070747706942
2024-05-08,300750.SZ,191.93,192.73,188.04,188.16,124330,2544539625.0,False,20466.014839539934
2024-05-08,600000.SH,6.66,6.7,6.63,6.65,303779,237540800.0,False,781.952669539369
2024-05-08,600519.SH,1635.35,1635.63,1621.33,1629.63,14769,2603293863.0,False,176267.44281941906
2024-05-09,000001.SZ,8.79,8.9,8.79,8.84,1069461,1150726857.51,False,1075.9876774468635
2024-05-09,000333.SZ,60.33,61.67,59.95,61.18,285718,2046734809.61,False,7163.478708411791
2024-05-09,300750.SZ,191.2,195.44,191.13,194.33,219216,4575999960.0,False,20874.388548281146
2024-05-09,600000.SH,6.65,6.7,6.61,6.65,339421,264867396.0,False,780.3506441852448
2024-05-09,600519.SH,1623.66,1630.64,1615.66,1621.66,22387,3929804849.0,False,175539.5921293608
2024-05-10,000001.SZ,8.85,9.04,8.84,9.02,1767836,1923452176.84,False,1088.0263649116773
2024-05-10,000333.SZ,61.53,61.66,60.67,61.21,224879,1616063316.04,False,7186.368296016969
2024-05-10,300750.SZ,194.33,194.33,187.93,188.43,228011,4675581900.0,False,20505.94883580178
2024-05-10,600000.SH,6.66,6.8,6.65,6.79,522116,412342285.0,False,789.7522485424695
2024-05-10,600519.SH,1626.76,1633.54,1599.65,1604.64,26207,4571398242.0,False,174434.2443621933
2024-05-13,000001.SZ,8.98,9.09,8.89,9.05,1402499,1530058919.54,False,1090.9518791385947
2024-05-13,000333.SZ,61.21,62.32,60.03,62.04,271674,1965130432.85,False,7233.413697483013
2024-05-13,300750.SZ,181.23,186.7,180.44,184.28,221967,4425713327.0,False,19938.609464469944
2024-05-13,600000.SH,6.78,6.83,6.72,6.81,404221,320678361.0,False,793.3243473248544
2024-05-13,600519.SH,1597.68,1598.32,1566.88,1571.66,37662,6435415674.0,False,170872.91365301897
2024-05-14,000001.SZ,9.08,9.14,8.96,8.99,1075784,1176577328.23,False,1093.692905109204
2024-05-14,000333.SZ,62.01,62.22,59.53,60.17,399236,2827063811.33,False,7081.184590893607
2024-05-14,300750.SZ,185.53,186.13,183.05,183.94,106947,2131826963.0,False,19933.490074522895
2024-05-14,600000.SH,6.82,6.83,6.71,6.73,398436,314999430.0,False,790.5897810438815
2024-05-14,600519.SH,1571.65,1578.93,1565.67,1567.64,21274,3623282672.0,False,170315.06402181066
2024-05-15,000001.SZ,8.98,9.0,8.89,8.91,868297,942907950.5,False,1085.9279146421097
2024-05-15,000333.SZ,60.81,62.41,60.42,62.07,301895,2090761785.82,False,6925.460129581476
2024-05-15,300750.SZ,183.94,188.26,182.43,182.82,130741,2607766831.0,False,19946.05235542026
2024-05-15,600000.SH,6.75,6.78,6.69,6.74,310391,244683418.0,False,788.3070643156535
2024-05-15,600519.SH,1568.24,1573.66,1564.25,1565.66,15739,2677203002.0,False,170099.94294427853
2024-05-16,000001.SZ,8.93,9.29,8.91,9.25,3076292,3410151917.15,False,1108.526731906464
2024-05-16,000333.SZ,62.07,62.11,61.11,61.65,246004,1703048548.24,False,6922.849011560787
2024-05-16,300750.SZ,183.73,186.57,181.91,184.6,153782,3065019508.0,False,19930.938003147312
2024-05-16,600000.SH,6.77,6.9,6.73,6.87,606587,485813395.0,False,800.8964831095951
2024-05-16,600519.SH,1570.66,1575.54,1555.66,1570.16,29680,5048754769.0,False,170106.29275606468
2024-05-17,000001.SZ,9.26,9.5,9.21,9.5,2841749,3200736554.36,False,1126.3262710253439
2024-05-17,000333.SZ,61.09,61.81,58.83,60.34,418483,2828611122.66,False,6759.2019811079535
2024-05-17,300750.SZ,184.63,187.93,183.51,187.93,184962,3727316446.0,False,20151.795752641083
2024-05-17,600000.SH,6.89,7.01,6.85,7.01,694381,561342802.0,False,808.4074909883767
2024-05-17,600519.SH,1565.67,1582.24,1565.66,1580.66,28924,4936920634.0,False,170685.95747476144
2024-05-20,000001.SZ,9.51,9.61,9.39,9.46,2170210,2475290152.11,False,1140.5763276871824
2024-05-20,000333.SZ,59.32,60.19,58.52,58.88,426430,2846862348.52,False,6676.036743474896
2024-05-20,300750.SZ,192.13,192.81,187.94,188.38,199172,4083626152.0,False,20503.01323479204
2024-05-20,600000.SH,7.05,7.2,7.0,7.17,881450,731104374.0,False,829.4337443984344
2024-05-20,600519.SH,1583.65,1598.65,1573.77,1574.66,31426,5401389335.0,False,171876.45055049958
2024-05-21,000001.SZ,9.4,9.7,9.39,9.63,2030049,2336192874.97,False,1150.8061504771558
2024-05-21,000333.SZ,58.58,59.61,58.51,58.86,243588,1626841822.28,False,6678.66160188515
2024-05-21,300750.SZ,188.6,189.51,185.49,186.49,122964,2480343309.0,False,20171.296550209816
2024-05-21,600000.SH,7.16,7.27,7.11,7.27,531463,445171663.0,False,837.6343470759018
2024-05-21,600519.SH,1573.66,1575.39,1563.82,1570.66,16293,2776847499.0,False,170431.933897993
2024-05-22,000001.SZ,9.64,9.82,9.54,9.64,2115531,2458448969.66,False,1162.0954595607438
2024-05-22,000333.SZ,58.65,58.85,57.62,57.72,261052,1715205331.79,False,6570.358900870325
2024-05-22,300750.SZ,187.43,191.93,186.53,189.82,252366,5153120079.0,False,20419.232697748506
2024-05-22,600000.SH,7.26,7.47,7.23,7.38,711732,605588076.0,False,850.8653200923943
2024-05-22,600519.SH,1568.66,1575.62,1556.66,1563.37,20286,3443977767.0,False,169771.16075125703
2024-05-23,000001.SZ,9.61,9.67,9.45,9.48,1841623,2110799281.76,False,1146.1625325921755
2024-05-23,000333.SZ,57.71,58.5,57.31,58.05,240961,1582459055.38,False,6567.282902129391
2024-05-23,300750.SZ,189.13,190.58,188.06,189.27,176548,3602986569.0,False,20407.971594127375
2024-05-23,600000.SH,7.37,7.45,7.33,7.37,612123,522802575.0,False,854.0809200111743
2024-05-23,600519.SH,1565.66,1572.04,1555.74,1557.67,18885,3199923320.0,False,169442.59041567383
2024-05-24,000001.SZ,9.45,9.57,9.38,9.39,1398276,1593330336.42,False,1139.496305750796
2024-05-24,000333.SZ,57.71,59.29,57.41,58.93,259270,1724580966.82,False,6651.679588151348
2024-05-24,300750.SZ,187.73,189.79,185.72,185.91,155107,3136303496.0,False,20220.25760281612
2024-05-24,600000.SH,7.36,7.44,7.26,7.29,607406,516406884.0,False,850.184035060569
2024-05-24,600519.SH,1558.66,1560.66,1542.66,1542.74,20217,3401323915.0,False,168240.78325171885
2024-05-27,000001.SZ,9.39,9.61,9.39,9.59,1454361,1663272117.57,False,1143.644609261387
2024-05-27,000333.SZ,58.81,60.59,57.85,59.9,305462,2062139516.42,False,6750.887234484158
2024-05-27,300750.SZ,186.73,186.73,183.43,184.94,163618,3261446783.0,False,19933.300633182167
2024-05-27,600000.SH,7.3,7.41,7.28,7.39,528587,449932564.0,False,851.1986938763156
2024-05-27,600519.SH,1543.66,1553.11,1533.67,1535.78,25098,4199001866.0,False,167304.24201131565
2024-05-28,000001.SZ,9.58,9.66,9.44,9.48,1204323,1377107203.91,False,1143.4699859672198
2024-05-28,000333.SZ,59.91,60.09,58.81,59.34,191737,1284865352.19,False,6701.1862717681
2024-05-28,300750.SZ,184.39,185.51,182.53,182.73,126900,2517505166.0,False,19838.496185973207
2024-05-28,600000.SH,7.43,7.49,7.36,7.39,400473,342904480.0,False,856.2486859288891
2024-05-28,600519.SH,1536.06,1540.83,1528.66,1530.3,23521,3923020375.0,False,166787.99264487054
2024-05-29,000001.SZ,9.46,9.53,9.31,9.34,1444811,1635445613.13,False,1131.944325679968
2024-05-29,000333.SZ,58.91,59.51,57.81,58.16,241321,1590410760.91,False,6590.436642107401
2024-05-29,300750.SZ,182.94,187.43,182.73,183.72,133388,2663801635.0,False,19970.324429483913
2024-05-29,600000.SH,7.38,7.44,7.3,7.34,408024,347290250.0,False,851.1515254004667
2024-05-29,600519.SH,1531.66,1545.66,1530.66,1539.66,19651,3289173345.0,False,167379.4384509694
2024-05-30,000001.SZ,9.32,9.42,9.14,9.2,1325496,1481608711.02,False,1117.7768254449654
2024-05-30,000333.SZ,58.02,58.5,57.45,57.49,193586,1269509292.14,False,6557.856932526113
2024-05-30,300750.SZ,183.98,185.81,182.59,184.28,127840,2548445865.0,False,19934.65163485607
2024-05-30,600000.SH,7.32,7.4,7.21,7.25,567016,479146211.0,False,845.0312001777728
2024-05-30,600519.SH,1540.66,1541.04,1514.66,1514.66,32208,5333306808.0,False,165589.50596125185
2024-05-31,000001.SZ,9.22,9.27,9.19,9.19,826707,921248145.59,False,1114.3587094218387
2024-05-31,000333.SZ,57.5,57.88,56.86,57.07,261294,1696172930.47,False,6491.434669261445
2024-05-31,300750.SZ,184.28,187.18,182.69,182.69,138086,2760668470.0,False,19992.384962994078
2024-05-31,600000.SH,7.3,7.3,7.16,7.19,537973,449689002.0,False,835.895113695297
2024-05-31,600519.SH,1516.16,1529.16,1514.11,1514.11,21857,3617654788.0,False,165514.69954705588
2024-06-03,000001.SZ,9.2,9.21,8.99,9.06,1326697,1456086023.62,False,1097.5271848960238
2024-06-03,000333.SZ,57.19,58.61,56.58,57.33,357556,2337233616.39,False,6536.6924800311
2024-06-03,300750.SZ,182.69,188.53,180.73,187.43,187181,3757638839.0,False,20074.894561948062
2024-06-03,600000.SH,7.15,7.18,7.04,7.13,602137,496075056.0,False,823.8574543666973
2024-06-03,600519.SH,1515.66,1516.58,1500.77,1505.05,30261,4966041477.0,False,164106.98512937443
2024-06-04,000001.SZ,9.03,9.13,8.99,9.1,981005,1079356560.61,False,1100.2559218454544
2024-06-04,000333.SZ,57.3,57.3,55.71,56.99,306212,1969401516.25,False,6431.496859202121
2024-06-04,300750.SZ,186.92,192.17,185.93,190.9,177149,3639805938.0,False,20546.579083144698
2024-06-04,600000.SH,7.13,7.19,7.08,7.17,398005,330354916.0,False,830.0270499114333
2024-06-04,600519.SH,1506.16,1521.66,1502.21,1518.86,20841,3432497303.0,False,164699.26121587257
2024-06-05,000001.SZ,9.12,9.15,8.95,8.95,1018968,1114155998.81,False,1093.4160825560764
2024-06-05,000333.SZ,56.86,57.51,56.11,56.23,283319,1825603149.54,False,6443.631205602165
2024-06-05,300750.SZ,190.63,192.78,188.94,189.05,117774,2420867501.0,False,20555.194703415014
2024-06-05,600000.SH,7.18,7.19,7.11,7.14,312958,259659811.0,False,829.6953936310942
2024-06-05,600519.SH,1517.66,1524.34,1508.69,1509.66,19056,3140824328.0,False,164820.75608732158
2024-06-06,000001.SZ,8.98,9.06,8.96,8.98,1049332,1145989425.79,False,1092.1132928281993
2024-06-06,000333.SZ,56.11,58.34,56.11,58.07,436037,2848032776.87,False,6531.630978265605
2024-06-06,300750.SZ,188.91,191.81,187.13,189.72,124126,2544442658.0,False,20498.869358555017
2024-06-06,600000.SH,7.16,7.2,7.09,7.1,341496,283171544.0,False,829.2089629161103
2024-06-06,600519.SH,1509.32,1517.65,1501.57,1505.47,25610,4205700983.0,False,164221.04580242094
2024-06-07,000001.SZ,9.0,9.09,8.97,9.07,1170126,1281662985.8,False,1095.3204918102836
2024-06-07,000333.SZ,57.51,57.76,56.02,57.47,400646,2591739293.28,False,6468.900958152584
2024-06-07,300750.SZ,183.79,187.38,172.52,178.13,516868,10008885040.0,False,19364.489656933685
2024-06-07,600000.SH,7.17,7.23,7.05,7.16,414517,344132159.0,False,830.2003512521802
2024-06-07,600519.SH,1511.79,1511.84,1484.67,1484.84,33525,5453120695.0,False,162658.33542132736
2024-06-11,000001.SZ,9.06,9.1,8.87,8.95,1337629,1452841956.89,False,1086.1322211839008
2024-06-11,000333.SZ,56.81,58.81,56.49,57.31,336897,2188026771.58,False,6494.646053779048
2024-06-11,300750.SZ,173.93,176.93,169.54,173.7,420724,7876263876.0,False,18720.738241697643
2024-06-11,600000.SH,7.19,7.21,6.96,7.0,411324,337102415.0,False,819.554450992405
2024-06-11,600519.SH,1468.65,1470.66,1432.66,1434.66,70247,11090577610.0,False,157879.7330846869
2024-06-12,000001.SZ,8.93,8.99,8.86,8.96,957426,1037927497.39,False,1084.0811690825192
2024-06-12,000333.SZ,57.15,58.05,56.84,57.47,257072,1675974671.31,False,6519.475755080289
2024-06-12,300750.SZ,170.93,174.69,170.41,170.53,203104,3788449182.0,False,18652.7551500709
2024-06-12,600000.SH,7.0,7.02,6.89,6.96,386177,312851351.0,False,810.1242461358393
2024-06-12,600519.SH,1435.66,1455.66,1435.66,1437.34,33171,5230086503.0,False,157670.45018238822
2024-06-13,000001.SZ,8.97,9.01,8.88,8.88,1203508,1304403407.05,False,1083.8344298916168
2024-06-13,000333.SZ,57.62,57.76,55.97,56.23,274850,1763239543.63,False,6415.279401964708
2024-06-13,300750.SZ,171.93,174.94,170.05,170.11,221176,4134985666.0,False,18695.453692986583
2024-06-13,600000.SH,6.95,7.05,6.94,6.98,404337,329399974.0,False,814.6669090387473
2024-06-13,600519.SH,1442.43,1442.55,1418.81,1420.67,36186,5654938942.0,False,156274.22047200575
2024-06-14,000001.SZ,8.95,9.03,8.79,8.98,1637990,1657433954.94,False,1011.8706188316169
2024-06-14,000333.SZ,55.82,58.07,55.81,57.92,379244,2468107111.36,False,6507.966141481474
2024-06-14,300750.SZ,171.03,171.51,163.51,169.82,371849,6764196086.0,False,18190.706673945606
2024-06-14,600000.SH,6.95,7.03,6.84,6.99,444630,359834402.0,False,809.2895261228438
2024-06-14,600519.SH,1420.66,1429.62,1386.12,1420.66,59514,9177637168.0,False,154209.71818395672
2024-06-17,000001.SZ,8.93,8.96,8.88,8.9,681217,688669914.12,False,1010.9405873899212
2024-06-17,000333.SZ,58.07,58.07,56.49,56.84,253358,1639603938.51,False,6471.490691077448
2024-06-17,300750.SZ,167.48,175.43,167.24,173.13,269293,5044213365.0,False,18731.320030598643
2024-06-17,600000.SH,7.0,7.01,6.88,6.95,362784,293415748.0,False,808.7891086707242
2024-06-17,600519.SH,1397.95,1414.43,1376.67,1407.16,48318,7400883243.0,False,153170.31423072147
2024-06-18,000001.SZ,8.91,8.96,8.84,8.88,700653,707829471.51,False,1010.2425473237108
2024-06-18,000333.SZ,56.61,57.5,55.98,57.15,218675,1409611739.3,False,6446.149488053046
2024-06-18,300750.SZ,173.08,175.4,171.95,175.26,156529,2959271843.0,False,18905.581988002225
2024-06-18,600000.SH,6.95,7.0,6.87,6.94,328762,265920571.0,False,808.8543414384874
2024-06-18,600519.SH,1396.55,1420.2,1382.34,1387.16,41258,6317590943.0,False,153124.02305007513
2024-06-19,000001.SZ,8.9,9.01,8.88,8.95,796184,807676192.22,False,1014.4340908885383
2024-06-19,000333.SZ,57.08,57.39,55.11,56.31,347000,2206055297.91,False,6357.50806314121
2024-06-19,300750.SZ,175.53,175.63,172.61,173.94,107540,2030697600.0,False,18883.18393156035
2024-06-19,600000.SH,6.95,7.11,6.94,7.07,406051,332732412.0,False,819.4350266345853
2024-06-19,600519.SH,1394.53,1400.54,1378.64,1397.54,41262,6167728416.0,False,149477.2045950269
2024-06-20,000001.SZ,8.96,8.97,8.85,8.85,629628,635070262.4,False,1008.6436155952404
2024-06-20,000333.SZ,56.21,57.06,55.85,56.78,280858,1806800937.96,False,6433.147490760455
2024-06-20,300750.SZ,174.92,175.04,172.03,172.92,115624,2172637229.0,False,18790.53854736041
2024-06-20,600000.SH,7.03,7.11,7.0,7.05,256623,210632866.0,False,820.7871702848147
2024-06-20,600519.SH,1396.54,1412.55,1394.54,1396.64,24711,3715924984.0,False,150375.3382704059
2024-06-21,000001.SZ,8.85,8.89,8.75,8.8,830545,831176895.42,False,1000.7608202084173
2024-06-21,000333.SZ,56.8,57.06,55.81,56.26,241537,1544527731.0,False,6394.580254784981
2024-06-21,300750.SZ,173.24,173.89,167.3,170.09,184677,3416688219.0,False,18500.886515375492
2024-06-21,600000.SH,7.05,7.08,6.97,7.02,400114,327124974.0,False,817.5794248639138
2024-06-21,600519.SH,1397.04,1401.52,1366.76,1367.54,43320,6418543742.0,False,148165.82968605726
2024-06-24,000001.SZ,8.77,8.87,8.68,8.78,947082,944907465.65,False,997.7039640178991
2024-06-24,000333.SZ,56.02,57.86,55.92,57.19,307991,1993977958.31,False,6474.143589617878
2024-06-24,300750.SZ,167.93,172.92,167.93,171.91,180355,3363422625.0,False,18648.9014720967
2024-06-24,600000.SH,7.04,7.05,6.88,7.0,370467,301011768.0,False,812.5197871875228
2024-06-24,600519.SH,1319.54,1385.53,1310.55,1373.09,63840,9319362390.0,False,145979.98731203008
2024-06-25,000001.SZ,8.79,8.93,8.78,8.88,769993,775332071.89,False,1006.9339226330629
2024-06-25,000333.SZ,57.16,58.1,56.83,57.6,253092,1652171355.94,False,6527.947765792676
2024-06-25,300750.SZ,171.93,174.13,170.53,171.25,144144,2696969882.0,False,18710.247266622267
2024-06-25,600000.SH,7.03,7.1,6.94,7.05,398181,326580576.0,False,820.1812140709878
2024-06-25,600519.SH,1373.54,1399.53,1373.54,1383.19,42098,6273919386.0,False,149031.29331559694
2024-06-26,000001.SZ,8.86,8.93,8.82,8.88,628599,633763882.09,False,1008.2164974649976
2024-06-26,000333.SZ,57.32,57.7,56.22,56.56,238314,1531598024.31,False,6426.806752058209
2024-06-26,300750.SZ,170.05,171.56,168.13,170.44,104814,1940490559.0,False,18513.658089568187
2024-06-26,600000.SH,7.05,7.08,6.98,7.06,335637,274593635.0,False,818.1268304745901
2024-06-26,600519.SH,1376.54,1397.61,1374.34,1385.76,29570,4414601922.0,False,149293.26756848156
2024-06-27,000001.SZ,8.86,9.01,8.8,8.93,928882,938954397.5,False,1010.8435705504036
2024-06-27,000333.SZ,56.36,56.79,55.78,56.41,274095,1750926675.09,False,6388.028512340611
2024-06-27,300750.SZ,170.44,170.81,167.94,169.93,126536,2330478210.0,False,18417.511301131693
2024-06-27,600000.SH,7.06,7.15,6.98,7.07,445615,366021816.0,False,821.3857612513044
2024-06-27,600519.SH,1388.54,1390.51,1364.54,1387.03,32822,4857959457.0,False,148009.2455365304
2024-06-28,000001.SZ,8.9,9.06,8.89,8.95,918090,933947813.42,False,1017.2726131642867
2024-06-28,000333.SZ,55.81,57.1,55.79,56.81,251956,1624767678.92,False,6448.61673831939
2024-06-28,300750.SZ,168.73,170.41,164.77,164.96,194205,3539244333.0,False,18224.269884915426
2024-06-28,600000.SH,7.07,7.14,7.02,7.08,377997,311360174.0,False,823.7107014076831
2024-06-28,600519.SH,1376.54,1391.03,1360.54,1363.93,38582,5699649047.0,False,147728.19052926236
2024-07-01,000001.SZ,8.89,9.15,8.84,9.15,1343051,1372549619.58,False,1021.9638863900179
2024-07-01,000333.SZ,56.6,57.69,55.91,56.4,195283,1255074545.11,False,6426.952397853372
2024-07-01,300750.SZ,164.12,164.21,156.1,161.0,269957,4709620520.0,False,17445.81737091463
2024-07-01,600000.SH,7.07,7.15,7.05,7.13,287330,237294502.0,False,825.8605157832458
2024-07-01,600519.SH,1365.42,1369.53,1324.54,1336.92,32161,4636689118.0,False,144171.17371972263
2024-07-02,000001.SZ,9.1,9.28,9.08,9.2,1384386,1440864390.61,False,1040.7967074284195
2024-07-02,000333.SZ,56.01,56.51,55.11,55.31,291813,1843585721.5,False,6317.695652695391
2024-07-02,300750.SZ,158.78,161.89,157.04,161.01,144156,2529552189.0,False,17547.325043702655
2024-07-02,600000.SH,7.12,7.39,7.12,7.38,573458,485897424.0,False,847.3112660386637
2024-07-02,600519.SH,1329.54,1394.54,1329.54,1387.24,51853,7659166816.0,False,147709.23217557324
2024-07-03,000001.SZ,9.2,9.23,9.09,9.11,713067,737326421.16,False,1034.0212366579858
2024-07-03,000333.SZ,55.36,55.99,55.05,55.34,181208,1145370115.46,False,6320.748065537946
2024-07-03,300750.SZ,161.93,167.43,161.24,164.43,162053,2906473773.0,False,17935.32839873375
2024-07-03,600000.SH,7.38,7.45,7.33,7.38,464097,396512668.0,False,854.3745553192543
2024-07-03,600519.SH,1395.54,1409.55,1384.56,1396.54,31573,4740808130.0,False,150153.86976213852
2024-07-04,000001.SZ,9.1,9.18,9.05,9.06,735044,757464386.79,False,1030.50210162929
2024-07-04,000333.SZ,55.51,57.51,55.51,56.91,277531,1794060145.67,False,6464.3594613574705
2024-07-04,300750.SZ,165.32,167.92,164.13,164.53,118346,2137596470.0,False,18062.262095888327
2024-07-04,600000.SH,7.44,7.48,7.33,7.35,444121,379773335.0,False,855.1123117348651
2024-07-04,600519.SH,1401.54,1408.54,1377.67,1382.28,24380,3637968895.0,False,149219.3968416735
2024-07-05,000001.SZ,9.06,9.09,8.72,8.77,1713354,1721256576.49,False,1004.6123430943051
2024-07-05,000333.SZ,56.81,57.46,55.31,56.31,264796,1686503681.35,False,6369.0678157902685
2024-07-05,300750.SZ,165.93,167.42,161.43,162.55,135247,2414693953.0,False,17853.95574763211
2024-07-05,600000.SH,7.39,7.4,7.14,7.19,519970,436429581.0,False,839.336079004558
2024-07-05,600519.SH,1375.54,1389.72,1346.54,1349.54,38829,5664477336.0,False,145882.6479177934
2024-07-08,000001.SZ,8.74,8.82,8.65,8.73,868660,864791776.33,False,995.5469071098014
2024-07-08,000333.SZ,55.91,57.03,55.48,56.54,194436,1247645531.39,False,6416.741402775207
2024-07-08,300750.SZ,160.94,163.3,159.94,160.84,108064,1907514420.0,False,17651.710282795382
2024-07-08,600000.SH,7.19,7.34,7.11,7.28,453208,381472461.0,False,841.7160795925932
2024-07-08,600519.SH,1339.54,1354.31,1315.68,1316.54,39527,5657951348.0,False,143141.43112302982
2024-07-09,000001.SZ,8.74,8.9,8.71,8.87,1032485,1034316510.76,False,1001.7738860709841
2024-07-09,000333.SZ,56.12,56.98,55.93,56.41,216645,1392889371.6,False,6429.363112926677
2024-07-09,300750.SZ,160.23,162.23,158.02,160.7,164439,2876833389.0,False,17494.83631620236
2024-07-09,600000.SH,7.32,7.51,7.26,7.49,545342,466546717.0,False,855.5121685107694
2024-07-09,600519.SH,1316.54,1351.43,1306.64,1334.57,33621,4807957927.0,False,143004.60804259242
2024-07-10,000001.SZ,8.87,9.0,8.85,8.94,873865,886626727.3,False,1014.6037743816264
2024-07-10,000333.SZ,56.85,57.37,56.12,56.12,158469,1016718370.02,False,6415.8817814209715
2024-07-10,300750.SZ,159.94,165.02,157.98,157.98,177729,3123226777.0,False,17572.972204873713
2024-07-10,600000.SH,7.49,7.57,7.45,7.54,406046,352263036.0,False,867.5446525763091
2024-07-10,600519.SH,1335.79,1362.42,1331.54,1334.13,23763,3436693365.0,False,144623.71607120312
2024-07-11,000001.SZ,9.01,9.03,8.87,8.93,721392,731789332.33,False,1014.4128744566062
2024-07-11,000333.SZ,56.16,56.76,54.83,56.21,271827,1727208383.05,False,6354.0721968384305
2024-07-11,300750.SZ,159.93,163.91,158.42,161.94,208111,3678618339.0,False,17676.232102099362
2024-07-11,600000.SH,7.56,7.58,7.41,7.45,349462,301339421.0,False,862.2952452627181
2024-07-11,600519.SH,1346.51,1365.54,1336.75,1358.63,29020,4236960596.0,False,146001.3988973122
2024-07-12,000001.SZ,8.92,9.11,8.92,9.11,1214164,1246877665.6,False,1026.9433664644973
2024-07-12,000333.SZ,56.1,57.51,55.95,57.31,245741,1588658353.04,False,6464.767185939668
2024-07-12,300750.SZ,162.78,166.7,161.93,164.73,195505,3523525353.0,False,18022.68664740032
2024-07-12,600000.SH,7.48,7.7,7.46,7.69,572677,503070724.0,False,878.454563392628
2024-07-12,600519.SH,1369.55,1382.94,1361.99,1375.36,23386,3451132648.0,False,147572.59249123407
2024-07-15,000001.SZ,9.11,9.15,9.06,9.13,869412,896975833.16,False,1031.7039943778093
2024-07-15,000333.SZ,57.09,57.47,56.67,57.25,170459,1104204268.83,False,6477.8290898691175
2024-07-15,300750.SZ,163.23,164.88,162.04,163.05,114697,2041627402.0,False,17800.18136481338
2024-07-15,600000.SH,7.68,7.76,7.65,7.73,461915,409364220.0,False,886.2327917473995
2024-07-15,600519.SH,1366.54,1384.54,1366.54,1371.44,19176,2835374730.0,False,147860.59292866083
2024-07-16,000001.SZ,9.13,9.17,9.04,9.1,943008,971564894.83,False,1030.2827704855104
2024-07-16,000333.SZ,56.94,57.27,56.06,56.58,204068,1313240364.46,False,6435.307664405983
2024-07-16,300750.SZ,162.43,165.43,162.23,164.23,151487,2710034963.0,False,17889.554635051194
2024-07-16,600000.SH,7.72,7.8,7.67,7.71,446803,397093120.0,False,888.7431821182937
2024-07-16,600519.SH,1372.54,1378.54,1361.59,1372.54,20316,2998367128.0,False,147586.4898602087
2024-07-17,000001.SZ,9.1,9.22,9.08,9.2,1220168,1266412580.0,False,1037.9001744022135
2024-07-17,000333.SZ,56.35,56.69,53.97,55.14,464628,2909157024.47,False,6261.260674066134
2024-07-17,300750.SZ,162.93,167.59,160.87,165.82,185901,3346445646.0,False,18001.224555005083
2024-07-17,600000.SH,7.75,7.92,7.71,7.89,881193,794489956.0,False,901.6072029623476
2024-07-17,600519.SH,1372.64,1399.54,1366.56,1397.94,34311,5115680654.0,False,149097.39308093613
2024-07-18,000001.SZ,9.18,9.23,9.1,9.21,1087061,1127365070.67,False,1037.0761812538578
2024-07-18,000333.SZ,54.32,56.77,54.32,56.21,345325,2193053870.99,False,6350.695347831752
2024-07-18,300750.SZ,164.93,174.03,164.61,173.28,319944,5957621426.0,False,18620.825600730128
2024-07-18,600000.SH,7.92,7.95,7.78,7.94,662095,575924982.0,False,869.852486425664
2024-07-18,600519.SH,1396.04,1411.54,1389.07,1394.05,28870,4337214601.0,False,150232.58056806374
2024-07-19,000001.SZ,9.18,9.22,9.09,9.17,898723,929722661.62,False,1034.4930102156059
2024-07-19,000333.SZ,55.67,56.09,55.2,55.91,217970,1381064607.73,False,6336.030681882828
2024-07-19,300750.SZ,171.28,175.02,171.13,174.37,208476,3929663334.0,False,18849.475882115927
2024-07-19,600000.SH,7.96,7.96,7.79,7.9,619413,539610903.0,False,871.1649626339777
2024-07-19,600519.SH,1387.35,1425.72,1380.55,1422.16,38943,5888615145.0,False,151211.13280949078
2024-07-22,000001.SZ,9.16,9.18,8.99,9.03,994481,1018663805.8,False,1024.3170113858384
2024-07-22,000333.SZ,55.76,56.95,55.63,55.94,199303,1273643438.97,False,6390.488045689227
2024-07-22,300750.SZ,176.12,179.11,172.33,174.45,171683,3259890052.0,False,18987.844177932584
2024-07-22,600000.SH,7.88,7.9,7.69,7.75,632289,543154122.0,False,859.028263974227
2024-07-22,600519.SH,1421.57,1426.52,1388.19,1395.54,28543,4300813310.0,False,150678.39084889466
2024-07-23,000001.SZ,9.05,9.13,8.96,8.98,1020154,1046994471.4,False,1026.310215320432
2024-07-23,000333.SZ,55.94,56.1,54.69,54.69,185378,1165932039.58,False,6289.484402572041
2024-07-23,300750.SZ,173.94,174.63,171.13,171.13,119031,2233862306.0,False,18767.063252430038
2024-07-23,600000.SH,7.79,7.86,7.76,7.76,411815,356167715.0,False,864.873098357272
2024-07-23,600519.SH,1395.54,1397.54,1351.54,1351.54,30944,4555460198.0,False,147216.26803257497
2024-07-24,000001.SZ,8.98,9.04,8.92,8.93,724518,736332832.11,False,1016.3071616026103
2024-07-24,000333.SZ,54.32,55.03,51.95,52.39,455473,2757887293.78,False,6054.996221027372
2024-07-24,300750.SZ,170.93,174.02,170.32,171.25,144681,2708577542.0,False,18721.03138629122
2024-07-24,600000.SH,7.78,7.85,7.71,7.72,375517,322441687.0,False,858.6606917929148
2024-07-24,600519.SH,1346.74,1360.24,1331.54,1336.56,24123,3490200973.0,False,144683.53741242798
2024-07-25,000001.SZ,8.92,8.95,8.8,8.89,856404,861750365.54,False,1006.2428077636255
2024-07-25,000333.SZ,51.83,52.4,51.21,51.71,301092,1787253321.67,False,5935.904380289081
2024-07-25,300750.SZ,171.05,175.66,169.99,172.66,205959,3863507112.0,False,18758.622405430207
2024-07-25,600000.SH,7.75,7.75,7.49,7.69,601561,508007084.0,False,844.4814141874224
2024-07-25,600519.SH,1336.56,1344.54,1316.55,1327.03,28347,4054086714.0,False,143016.42904011006
2024-07-26,000001.SZ,8.9,8.92,8.77,8.83,929552,931879546.46,False,1002.503944330172
2024-07-26,000333.SZ,55.14,55.3,53.71,55.15,577402,3598947643.17,False,6233.001692356452
2024-07-26,300750.SZ,174.93,178.23,172.98,174.28,233477,4436931314.0,False,19003.719055838475
2024-07-26,600000.SH,7.65,7.69,7.41,7.5,493590,411165380.0,False,833.0099475273
2024-07-26,600519.SH,1327.03,1334.26,1307.44,1318.73,32354,4594928574.0,False,142020.41707362304
2024-07-29,000001.SZ,8.82,8.94,8.77,8.91,781552,788019058.61,False,1008.274636377362
2024-07-29,000333.SZ,54.61,55.52,54.47,55.19,207128,1297587354.92,False,6264.6641444903635
2024-07-29,300750.SZ,171.93,171.93,164.93,169.46,213624,3918833597.0,False,18344.538052840504
2024-07-29,600000.SH,7.5,7.74,7.47,7.7,464638,395067013.0,False,850.2684089549283
2024-07-29,600519.SH,1311.54,1318.53,1294.54,1294.56,30869,4342610100.0,False,140678.67763775957
2024-07-30,000001.SZ,8.9,8.93,8.83,8.88,613268,618056610.32,False,1007.808348584958
2024-07-30,000333.SZ,54.82,55.08,52.91,53.37,225758,1381015833.58,False,6117.239847890219
2024-07-30,300750.SZ,168.15,170.26,168.15,169.82,127252,2349179517.0,False,18460.845542702667
2024-07-30,600000.SH,7.71,7.71,7.53,7.56,405843,341513550.0,False,841.4917837686002
2024-07-30,600519.SH,1282.52,1286.81,1257.84,1276.53,51779,7103491566.0,False,137188.65883852527
2024-07-31,000001.SZ,8.88,9.08,8.87,9.07,1096906,1117768674.7,False,1019.0195647576
2024-07-31,000333.SZ,53.04,56.17,53.04,56.07,401747,2530147580.33,False,6297.863034023901
2024-07-31,300750.SZ,166.93,171.81,166.93,171.24,198969,3690880179.0,False,18550.026280475853
2024-07-31,600000.SH,7.62,7.63,7.52,7.57,434296,365181480.0,False,840.85849282517
2024-07-31,600519.SH,1269.64,1323.81,1269.64,1317.82,43272,6098149721.0,False,140925.99651044555
2024-08-01,000001.SZ,9.05,9.12,8.97,9.07,733884,752688220.0,False,1025.6228777299955
2024-08-01,000333.SZ,56.11,56.98,55.72,55.89,244068,1561027258.87,False,6395.870244644934
2024-08-01,300750.SZ,169.93,170.93,165.03,165.23,230127,4180640117.0,False,18166.665002368256
2024-08-01,600000.SH,7.57,7.78,7.51,7.74,545602,464982610.0,False,852.237730066972
2024-08-01,600519.SH,1314.54,1316.54,1281.24,1282.7,32038,4470988088.0,False,139552.65896747613
2024-08-02,000001.SZ,9.02,9.05,8.93,8.94,590229,601173370.84,False,1018.5425840478865
2024-08-02,000333.SZ,55.61,56.59,54.88,55.3,202615,1280021474.21,False,6317.505980356835
2024-08-02,300750.SZ,163.93,164.93,161.67,162.02,154937,2753866402.0,False,17774.10432627455
2024-08-02,600000.SH,7.73,7.77,7.57,7.64,313615,266363129.0,False,849.3315976595508
2024-08-02,600519.SH,1270.14,1293.51,1270.14,1281.99,21928,3041726372.0,False,138714.2635899307
2024-08-05,000001.SZ,8.91,9.02,8.85,8.85,758979,768980624.53,False,1013.1777355236442
2024-08-05,000333.SZ,54.85,56.61,53.87,53.96,354768,2214817314.94,False,6243.001947582646
2024-08-05,300750.SZ,159.94,165.12,159.93,161.93,193477,3451887572.0,False,17841.332933630354
2024-08-05,600000.SH,7.64,7.69,7.52,7.55,411788,346404332.0,False,841.2200744072193
2024-08-05,600519.SH,1285.42,1322.54,1282.06,1306.55,37736,5327127147.0,False,141168.30472228111
2024-08-06,000001.SZ,8.87,8.92,8.69,8.73,1265537,1261997756.88,False,997.2033665392637
2024-08-06,000333.SZ,53.92,54.57,51.83,52.23,384932,2316733894.54,False,6018.553652437314
2024-08-06,300750.SZ,163.34,164.32,158.64,159.88,157687,2771240102.0,False,17574.3092455307
2024-08-06,600000.SH,7.6,7.62,7.36,7.41,416041,344150545.0,False,827.2034366805194
2024-08-06,600519.SH,1318.54,1320.54,1290.55,1301.24,27444,3860735014.0,False,140676.83333333334
2024-08-07,000001.SZ,8.75,8.78,8.71,8.73,517608,514848813.1,False,994.6693503577998
2024-08-07,000333.SZ,52.23,53.69,51.55,53.01,252986,1535238304.11,False,6068.471394108765
2024-08-07,300750.SZ,159.88,161.16,158.6,158.6,127540,2230380711.0,False,17487.695711149445
2024-08-07,600000.SH,7.4,7.54,7.39,7.48,265422,220186459.0,False,829.5712450362065
2024-08-07,600519.SH,1302.04,1318.53,1294.84,1312.04,20622,2910580747.0,False,141139.59591698187
2024-08-08,000001.SZ,8.72,8.78,8.7,8.74,500411,497548149.01,False,994.2790006814398
2024-08-08,000333.SZ,52.73,53.79,52.52,53.27,142319,867672449.72,False,6096.673316422965
2024-08-08,300750.SZ,157.94,158.53,155.05,157.33,146590,2520197340.0,False,17192.150487754963
2024-08-08,600000.SH,7.53,7.62,7.46,7.55,276691,231992004.0,False,838.4515723315901
2024-08-08,600519.SH,1307.54,1344.72,1305.54,1327.23,25131,3592705430.0,False,142959.1114559707
2024-08-09,000001.SZ,8.76,8.9,8.74,8.84,730274,732886455.92,False,1003.5773640031001
2024-08-09,000333.SZ,53.16,54.01,52.64,52.81,138024,839905714.13,False,6085.21499253753
2024-08-09,300750.SZ,158.53,159.8,154.93,154.93,154130,2646422840.0,False,17170.069681437748
2024-08-09,600000.SH,7.58,7.77,7.58,7.7,391201,334119265.0,False,854.0859174695361
2024-08-09,600519.SH,1356.57,1365.54,1333.34,1333.34,30138,4368705515.0,False,144956.71627181632
2024-08-12,000001.SZ,8.82,8.85,8.78,8.81,353013,353251351.4,False,1000.6751915651831
2024-08-12,000333.SZ,52.81,54.45,52.62,53.69,169492,1042597208.29,False,6151.306305253345
2024-08-12,300750.SZ,155.5,156.05,151.73,153.93,174156,2934605437.0,False,16850.44119639863
2024-08-12,600000.SH,7.68,7.8,7.66,7.75,292500,250903225.0,False,857.7888034188035
2024-08-12,600519.SH,1326.54,1339.54,1323.12,1332.64,13632,1956573438.0,False,143527.98107394367
2024-08-13,000001.SZ,8.82,8.83,8.72,8.75,622077,620061491.92,False,996.760034400886
2024-08-13,000333.SZ,53.69,54.42,53.23,53.67,98351,602892300.35,False,6130.006815894094
2024-08-13,300750.SZ,153.82,159.89,153.31,158.71,193893,3336604796.0,False,17208.485071663235
2024-08-13,600000.SH,7.73,7.84,7.71,7.76,272116,234443969.0,False,861.5589270752179
2024-08-13,600519.SH,1329.54,1331.54,1308.55,1319.55,16308,2317037756.0,False,142079.8231542801
2024-08-14,000001.SZ,8.74,8.78,8.71,8.72,436380,433380446.81,False,993.1262817040194
2024-08-14,000333.SZ,53.67,53.8,52.91,53.21,112278,685993302.42,False,6109.774866135841
2024-08-14,300750.SZ,157.92,159.38,156.65,157.14,99663,1720375362.0,False,17261.92631167033
2024-08-14,600000.SH,7.8,7.82,7.71,7.74,211457,181445555.0,False,858.0730597710173
2024-08-14,600519.SH,1319.55,1321.44,1308.56,1309.84,13414,1898377426.0,False,141522.0982555539
2024-08-15,000001.SZ,8.72,8.86,8.67,8.83,776247,775851460.98,False,999.4904469582491
2024-08-15,000333.SZ,53.01,53.66,52.6,53.31,191633,1166672167.23,False,6088.054600355888
2024-08-15,300750.SZ,156.93,159.53,156.22,158.33,144812,2511442939.0,False,17342.78194486645
2024-08-15,600000.SH,7.68,7.92,7.68,7.91,450662,392033450.0,False,869.9057164793127
2024-08-15,600519.SH,1301.57,1332.53,1300.49,1323.43,23039,3275699572.0,False,142180.63162463647
2024-08-16,000001.SZ,8.88,9.01,8.85,8.93,1260368,1277042000.97,False,1013.2294702578929
2024-08-16,000333.SZ,53.12,54.21,52.98,54.05,180670,1112521867.42,False,6157.756503127249
2024-08-16,300750.SZ,158.33,160.93,157.81,158.55,111506,1941327488.0,False,17410.071996125767
2024-08-16,600000.SH,7.91,8.03,7.87,8.02,375669,331065667.0,False,881.2695937114854
2024-08-16,600519.SH,1323.33,1332.46,1313.55,1327.74,16455,2349825846.0,False,142803.15077484047
2024-08-19,000001.SZ,8.93,9.1,8.92,9.09,1482985,1520594687.55,False,1025.360801053281
2024-08-19,000333.SZ,54.0,55.46,53.98,54.67,172753,1075574307.68,False,6226.081791227939
2024-08-19,300750.SZ,158.28,162.87,158.08,160.53,140358,2473581500.0,False,17623.373801279584
2024-08-19,600000.SH,8.03,8.2,8.01,8.19,589380,528390434.0,False,896.5191116088092
2024-08-19,600519.SH,1328.54,1355.42,1321.54,1321.98,20433,2942106435.0,False,143987.98194097783
2024-08-20,000001.SZ,9.12,9.23,9.08,9.14,1569187,1623147686.36,False,1034.3876710423933
2024-08-20,000333.SZ,55.79,55.8,54.07,55.33,257810,1623775566.71,False,6298.342060858772
2024-08-20,300750.SZ,159.93,160.93,158.59,159.8,84370,1475662465.0,False,17490.369384852434
2024-08-20,600000.SH,8.18,8.24,8.05,8.08,501888,449704844.0,False,896.0262927186942
2024-08-20,600519.SH,1326.44,1326.47,1310.54,1319.26,18591,2644814344.0,False,142263.1565811414
2024-08-21,000001.SZ,9.1,9.18,9.01,9.15,1034888,1068207868.15,False,1032.1965933994788
2024-08-21,000333.SZ,55.02,56.01,54.64,55.47,211871,1337959064.9,False,6314.970264453371
2024-08-21,300750.SZ,158.93,160.34,156.93,158.94,111474,1940113037.0,False,17404.17529648169
2024-08-21,600000.SH,8.08,8.21,7.99,8.13,436281,390145317.0,False,894.2523671670323
2024-08-21,600519.SH,1316.54,1324.52,1312.23,1314.12,15092,2144746551.0,False,142111.48628412402
2024-08-22,000001.SZ,9.14,9.25,9.12,9.18,1109030,1153871815.8,False,1040.4333659143576
2024-08-22,000333.SZ,55.44,56.8,55.03,56.4,249787,1597113182.76,False,6393.900334124674
2024-08-22,300750.SZ,159.91,164.9,159.23,163.73,199011,3536569763.0,False,17770.7250503741
2024-08-22,600000.SH,8.13,8.24,8.1,8.18,362643,327034943.0,False,901.809611656643
2024-08-22,600519.SH,1312.54,1316.54,1296.55,1306.59,19527,2750868073.0,False,140875.09975930763
2024-08-23,000001.SZ,9.19,9.3,9.12,9.27,1071906,1117475768.18,False,1042.5128399132013
2024-08-23,000333.SZ,56.31,58.27,56.19,57.77,290471,1895805009.03,False,6526.658458262615
2024-08-23,300750.SZ,161.93,167.45,161.93,166.73,184152,3332172741.0,False,18094.68667731005
2024-08-23,600000.SH,8.18,8.21,8.07,8.17,316987,284739205.0,False,898.2677680788171
2024-08-23,600519.SH,1304.54,1320.04,1302.66,1311.53,15320,2166499202.0,False,141416.39699738903
2024-08-26,000001.SZ,9.3,9.35,9.22,9.29,740675,775921848.78,False,1047.5874692408952
2024-08-26,000333.SZ,58.25,58.96,57.21,58.63,339582,2241141518.03,False,6599.706456849893
2024-08-26,300750.SZ,166.83,169.49,165.93,168.85,148387,2717728514.0,False,18315.138886829707
2024-08-26,600000.SH,8.17,8.17,8.0,8.05,514446,457039669.0,False,888.4113570714904
2024-08-26,600519.SH,1313.54,1320.4,1299.69,1308.54,15628,2207595461.0,False,141258.98777834655
2024-08-27,000001.SZ,9.27,9.32,9.17,9.23,723137,755583764.04,False,1044.869456327086
2024-08-27,000333.SZ,58.31,58.79,57.8,58.3,241138,1590912374.36,False,6597.518327099006
2024-08-27,300750.SZ,167.45,169.42,166.43,168.43,99770,1827225122.0,False,18314.374280845946
2024-08-27,600000.SH,8.04,8.11,7.99,8.05,306834,272898056.0,False,889.399662358148
2024-08-27,600519.SH,1308.54,1309.54,1297.65,1300.61,13657,1920770570.0,False,140643.6677161895
2024-08-28,000001.SZ,9.21,9.23,9.08,9.13,942548,973872155.01,False,1033.2334852018146
2024-08-28,000333.SZ,58.29,58.46,56.88,57.24,265430,1726057217.45,False,6502.87163263384
2024-08-28,300750.SZ,167.73,168.62,166.21,167.75,106390,1940292275.0,False,18237.543707115332
2024-08-28,600000.SH,8.09,8.1,7.93,7.99,325285,287017718.0,False,882.3576801881427
2024-08-28,600519.SH,1300.61,1302.54,1271.54,1285.54,31664,4388025875.0,False,138580.9081291056
2024-08-29,000001.SZ,9.11,9.18,8.91,8.93,1197676,1221351092.13,False,1019.7675265514214
2024-08-29,000333.SZ,56.73,57.62,56.26,56.26,232856,1500197087.68,False,6442.595800322947
2024-08-29,300750.SZ,164.1,167.92,164.1,165.73,156702,2839993927.0,False,18123.533375451494
2024-08-29,600000.SH,7.99,8.0,7.7,7.72,509496,438959414.0,False,861.5561535321181
2024-08-29,600519.SH,1276.54,1314.54,1276.54,1309.84,27472,3864270621.0,False,140662.1513177053
2024-08-30,000001.SZ,8.91,9.06,8.91,8.96,1294059,1318858687.52,False,1019.1642633913909
2024-08-30,000333.SZ,55.79,58.12,55.69,57.06,333863,2160911497.6,False,6472.449770115287
2024-08-30,300750.SZ,165.73,170.89,165.73,169.27,254292,4689604094.0,False,18441.807426108568
2024-08-30,600000.SH,7.71,7.79,7.55,7.6,683544,579069797.0,False,847.158042496167
2024-08-30,600519.SH,1309.54,1354.61,1301.54,1339.73,38739,5576118649.0,False,143940.6966880921
2024-09-02,000001.SZ,8.92,9.01,8.89,8.91,968836,983898750.95,False,1015.5472659459393
2024-09-02,000333.SZ,56.81,58.83,56.75,57.54,260759,1706301995.39,False,6543.597710491297
2024-09-02,300750.SZ,169.37,170.52,165.93,166.12,129852,2371406001.0,False,18262.375635338693
2024-09-02,600000.SH,7.54,7.67,7.52,7.56,421786,355164736.0,False,842.0496080951003
2024-09-02,600519.SH,1326.54,1334.54,1291.54,1291.54,34135,4801049927.0,False,140648.89195840046
2024-09-03,000001.SZ,8.91,8.93,8.8,8.88,916581,920884663.15,False,1004.6953440557899
2024-09-03,000333.SZ,57.32,58.79,57.31,58.28,242379,1599193263.61,False,6597.903546140548
2024-09-03,300750.SZ,165.23,171.63,164.95,170.58,181969,3362146073.0,False,18476.477163692718
2024-09-03,600000.SH,7.55,7.6,7.37,7.42,412572,340798502.0,False,826.034006185587
2024-09-03,600519.SH,1294.54,1311.52,1289.56,1306.54,17888,2516125842.0,False,140659.98669499106
2024-09-04,000001.SZ,8.85,8.95,8.8,8.82,847992,852224669.89,False,1004.9914030910669
2024-09-04,000333.SZ,58.17,59.01,57.67,57.79,274996,1814975103.89,False,6600.005468770455
2024-09-04,300750.SZ,170.25,173.93,169.78,172.08,165645,3101382415.0,False,18723.06689003592
2024-09-04,600000.SH,7.46,7.54,7.4,7.49,341872,284531822.0,False,832.27588688164
2024-09-04,600519.SH,1298.54,1315.73,1296.28,1296.54,14211,1995221417.0,False,140399.7900921821
2024-09-05,000001.SZ,8.83,8.88,8.78,8.87,594209,595845842.53,False,1002.7546579233906
2024-09-05,000333.SZ,57.26,57.71,55.79,55.9,432123,2763225151.25,False,6394.533850894306
2024-09-05,300750.SZ,172.08,174.48,170.73,171.73,123182,2302962597.0,False,18695.609723823287
2024-09-05,600000.SH,7.55,7.58,7.4,7.49,361767,300240961.0,False,829.9291007748081
2024-09-05,600519.SH,1297.04,1303.54,1293.54,1301.42,14503,2033680839.0,False,140224.83892987657
2024-09-06,000001.SZ,8.86,9.01,8.85,8.88,878865,891507833.61,False,1014.3854102848561
2024-09-06,000333.SZ,55.91,56.86,55.21,55.33,233202,1480652836.88,False,6349.228723938903
2024-09-06,300750.SZ,171.05,173.43,170.33,170.88,75255,1404159124.0,False,18658.68213407747
2024-09-06,600000.SH,7.5,7.68,7.49,7.6,322937,273118542.0,False,845.7331987353571
2024-09-06,600519.SH,1301.54,1302.54,1294.54,1294.54,10321,1445537257.0,False,140057.86813293287
2024-09-09,000001.SZ,8.85,8.87,8.64,8.65,1639175,1624857668.46,False,991.2655259261519
2024-09-09,000333.SZ,53.66,54.51,52.99,53.4,548406,3359451099.87,False,6125.846726458135
2024-09-09,300750.SZ,170.04,173.59,168.4,170.08,134754,2494206446.0,False,18509.331418733396
2024-09-09,600000.SH,7.61,7.64,7.49,7.55,342904,287989234.0,False,839.8538191447169
2024-09-09,600519.SH,1276.55,1290.25,1266.62,1271.54,28638,3950086825.0,False,137931.65811159997
2024-09-10,000001.SZ,8.66,8.72,8.58,8.7,767901,756124763.92,False,984.6643824138788
2024-09-10,000333.SZ,52.79,53.95,52.79,53.06,401110,2451075854.19,False,6110.732353194884
2024-09-10,300750.SZ,170.43,170.43,165.98,166.09,154244,2809100737.0,False,18212.058407458313
2024-09-10,600000.SH,7.55,7.7,7.46,7.67,396941,333986132.0,False,841.3999360106413
2024-09-10,600519.SH,1266.56,1289.54,1266.56,1274.54,19803,2737295644.0,False,138226.3113669646
2024-09-11,000001.SZ,8.68,8.68,8.43,8.45,1108727,1078602467.68,False,972.8296214307039
2024-09-11,000333.SZ,52.83,54.39,52.01,53.97,419218,2572399327.67,False,6136.18529659986
2024-09-11,300750.SZ,167.33,172.71,166.09,171.49,211971,3938430662.0,False,18580.044732534167
2024-09-11,600000.SH,7.65,7.66,7.38,7.42,293960,244556166.0,False,831.936882569057
2024-09-11,600519.SH,1272.14,1282.42,1261.54,1276.54,20996,2892932794.0,False,137784.94922842446
2024-09-12,000001.SZ,8.45,8.57,8.41,8.54,581834,564923215.58,False,970.9353794724957
2024-09-12,000333.SZ,54.11,55.16,53.97,54.68,276169,1719561913.22,False,6226.484193446767
2024-09-12,300750.SZ,172.93,177.09,171.64,174.28,207100,3931885572.0,False,18985.444577498794
2024-09-12,600000.SH,7.38,7.66,7.36,7.64,431281,362723423.0,False,841.0373352872025
2024-09-12,600519.SH,1276.54,1281.54,1231.45,1231.6,47948,6482445000.0,False,135197.4013514641
2024-09-13,000001.SZ,8.53,8.62,8.5,8.5,566462,553269703.6,False,976.7110655260194
2024-09-13,000333.SZ,54.36,56.09,53.9,55.82,321490,2037679478.15,False,6338.23595803913
2024-09-13,300750.SZ,173.81,173.81,168.43,168.43,172873,3202147524.0,False,18523.121158306963
2024-09-13,600000.SH,7.67,7.68,7.49,7.52,284111,238422069.0,False,839.1863356223448
2024-09-13,600519.SH,1227.54,1228.54,1193.84,1200.67,56005,7329376917.0,False,130870.04583519329
2024-09-18,000001.SZ,8.52,8.58,8.46,8.57,443611,431665627.32,False,973.0724155171986
2024-09-18,000333.SZ,55.93,58.02,55.71,57.56,295026,1915513518.34,False,6492.693926433602
2024-09-18,300750.SZ,168.53,172.36,168.22,171.33,113779,2116044596.0,False,18597.848425456366
2024-09-18,600000.SH,7.52,7.62,7.43,7.49,201394,167778133.0,False,833.0840690387996
2024-09-18,600519.SH,1196.54,1196.55,1163.2,1163.44,46185,5895948011.0,False,127659.370163473
2024-09-19,000001.SZ,8.59,8.64,8.48,8.61,684293,669341181.7,False,978.1499762528625
2024-09-19,000333.SZ,54.61,58.04,54.61,57.59,476115,3085181571.34,False,6479.908365289899
2024-09-19,300750.SZ,171.93,173.15,168.53,171.83,157694,2940618896.0,False,18647.62702449047
2024-09-19,600000.SH,7.54,7.7,7.47,7.69,391638,330778714.0,False,844.6032152140497
2024-09-19,600519.SH,1158.54,1189.42,1142.37,1157.54,59988,7623739997.0,False,127087.75083350003
2024-09-20,000001.SZ,8.61,8.7,8.58,8.7,797297,785121198.91,False,984.7286505655985
2024-09-20,000333.SZ,57.22,58.61,57.07,58.37,398013,2608979308.88,False,6555.010285794685
2024-09-20,300750.SZ,171.83,172.83,168.61,170.53,155027,2874252971.0,False,18540.337947583324
2024-09-20,600000.SH,7.66,7.74,7.6,7.68,428723,364859462.0,False,851.0377609785339
2024-09-20,600519.SH,1158.04,1170.44,1146.57,1160.46,39982,5038507835.0,False,126019.40460707319
2024-09-23,000001.SZ,8.69,8.89,8.67,8.84,896908,897428029.52,False,1000.5798025215518
2024-09-23,000333.SZ,58.77,60.2,58.51,59.91,391621,2643088027.57,False,6749.096773589772
2024-09-23,300750.SZ,171.59,174.36,170.43,173.13,157925,2968348168.0,False,18795.93584296343
2024-09-23,600000.SH,7.7,7.82,7.63,7.8,300239,257517875.0,False,857.7096080122835
2024-09-23,600519.SH,1164.54,1190.04,1157.2,1158.08,45550,5809791682.0,False,127547.56711306257
2024-09-24,000001.SZ,8.91,9.17,8.88,9.17,1638213,1678174481.91,False,1024.3933370752156
2024-09-24,000333.SZ,59.91,60.56,58.51,60.35,500902,3378454556.7,False,6744.741599554403
2024-09-24,300750.SZ,176.89,183.1,173.82,182.45,354517,6891613101.0,False,19439.443245316867
2024-09-24,600000.SH,7.92,8.26,7.83,8.26,892080,795774265.0,False,892.0436115595014
2024-09-24,600519.SH,1181.63,1269.54,1161.63,1269.14,100413,13297277523.0,False,132425.85644289086
2024-09-25,000001.SZ,9.32,9.5,9.25,9.3,2160694,2285995369.39,False,1057.9912608587795
2024-09-25,000333.SZ,60.52,63.81,60.52,62.42,627661,4428074584.01,False,7054.8824668252455
2024-09-25,300750.SZ,192.32,192.33,187.52,188.03,420101,8606648805.0,False,20487.094305893108
2024-09-25,600000.SH,8.44,8.72,8.42,8.66,1190635,1125665675.0,False,945.4330462316327
2024-09-25,600519.SH,1296.59,1323.54,1293.25,1295.54,73954,10420109655.0,False,140899.87904643427
2024-09-26,000001.SZ,9.3,9.95,9.3,9.95,3086457,3341759455.52,False,1082.7169973597559
2024-09-26,000333.SZ,62.31,65.99,62.1,65.87,501342,3592524657.67,False,7165.8162644861195
2024-09-26,300750.SZ,188.63,192.26,183.86,190.44,354893,7190132217.0,False,20260.000104256775
2024-09-26,600000.SH,8.67,9.01,8.6,9.01,898390,867160021.0,False,965.2378376874186
2024-09-26,600519.SH,1296.5,1426.41,1292.54,1425.54,97278,14269262657.0,False,146685.4032463661
2024-09-27,000001.SZ,10.15,10.36,9.83,10.22,3840016,4337985142.5,False,1129.678923863859
2024-09-27,000333.SZ,67.06,68.71,63.46,65.31,857448,6253333702.45,False,7292.9596925411215
2024-09-27,300750.SZ,196.93,216.61,196.6,211.74,701813,15567947397.0,False,22182.47224973034
2024-09-27,600000.SH,9.16,9.25,8.77,9.04,570395,560481161.0,False,982.619344489345
2024-09-27,600519.SH,1496.54,1525.74,1461.9,1525.74,87922,14050260569.0,False,159803.6961056391
2024-09-30,000001.SZ,10.42,11.1,10.36,11.01,5430284,6467438837.7,False,1190.9945847583663
2024-09-30,000333.SZ,65.47,69.21,64.34,68.37,1251665,9344041944.34,False,7465.289789472423
2024-09-30,300750.SZ,217.95,239.93,216.93,236.82,913611,22246725636.0,False,24350.325943973967
2024-09-30,600000.SH,9.23,9.46,8.99,9.3,1883756,1892937392.0,False,1004.8739815559977
2024-09-30,600519.SH,1588.54,1656.42,1548.54,1644.54,157293,26982747037.0,False,171544.48727533966
2024-10-08,000001.SZ,12.23,12.23,11.14,11.68,5888978,7602664023.92,False,1290.9988836636849
2024-10-08,000333.SZ,75.98,75.98,71.04,72.5,1352393,11050056032.18,False,8170.74329146927
2024-10-08,300750.SZ,280.93,286.43,252.59,283.93,1376465,39285155658.0,False,28540.613570268768
2024-10-08,600000.SH,10.05,10.19,9.37,9.67,1921331,2037070001.0,False,1060.2389702763344
2024-10-08,600519.SH,1806.54,1806.54,1576.72,1619.54,194709,35114075007.0,False,180341.30423863305
2024-10-09,000001.SZ,11.43,11.43,10.46,10.48,4269345,5172049702.23,False,1211.4386872529626
2024-10-09,000333.SZ,70.71,71.63,66.33,67.32,895501,6896386875.18,False,7701.149273066138
2024-10-09,300750.SZ,264.83,264.92,239.93,239.93,1086916,29017394644.0,False,26696.998336577988
2024-10-09,600000.SH,9.67,9.67,9.08,9.08,1160727,1183819440.0,False,1019.8948073061107
2024-10-09,600519.SH,1596.54,1596.54,1486.54,1491.69,120197,19708432734.0,False,163967.75904556687
2024-10-10,000001.SZ,10.66,11.3,10.64,11.02,3426422,4095573500.64,False,1195.2916192576395
2024-10-10,000333.SZ,68.26,71.69,68.18,70.61,673034,5259062088.47,False,7813.961981816669
2024-10-10,300750.SZ,239.93,250.92,235.09,242.93,608338,15786972610.0,False,25950.98877597651
2024-10-10,600000.SH,9.23,9.66,9.22,9.48,1016399,1044726819.0,False,1027.8707663033906
2024-10-10,600519.SH,1518.8,1564.62,1487.54,1536.54,74603,12198964035.0,False,163518.41125691996
2024-10-11,000001.SZ,11.04,11.21,10.62,10.76,2070891,2455848197.41,False,1185.889647214653
2024-10-11,000333.SZ,70.31,70.54,68.21,69.08,380602,2930030641.54,False,7698.411047603533
2024-10-11,300750.SZ,240.43,240.43,222.86,226.72,476402,11668275358.0,False,24492.49868388462
2024-10-11,600000.SH,9.54,9.69,9.19,9.33,589377,606557618.0,False,1029.1504724480255
2024-10-11,600519.SH,1511.94,1536.5,1486.54,1501.53,41915,6764982707.0,False,161397.6549445306
2024-10-14,000001.SZ,11.02,11.22,10.83,11.06,2400595,2881934271.85,False,1200.5083205830222
2024-10-14,000333.SZ,69.34,71.6,68.91,71.31,462828,3620244781.88,False,7822.00900092475
2024-10-14,300750.SZ,234.92,237.73,229.87,234.65,467599,11671765786.0,False,24961.058056154954
2024-10-14,600000.SH,9.48,9.71,9.42,9.57,883078,918408286.0,False,1040.0081147984663
2024-10-14,600519.SH,1509.54,1517.17,1477.71,1498.53,44812,7181350822.0,False,160255.08395072748
2024-10-15,000001.SZ,10.98,11.27,10.92,10.94,2072841,2500974426.85,False,1206.5442679153875
2024-10-15,000333.SZ,71.31,71.31,68.31,68.31,375833,2905639305.57,False,7731.197913887286
2024-10-15,300750.SZ,234.74,235.77,226.06,226.15,327653,8057930637.0,False,24592.87916484818
2024-10-15,600000.SH,9.62,9.7,9.42,9.42,629397,654527534.0,False,1039.9279532632027
2024-10-15,600519.SH,1495.54,1497.53,1449.55,1450.79,43571,6884141869.0,False,157998.25271396112
2024-10-16,000001.SZ,10.84,11.22,10.81,11.1,1914494,2301340929.27,False,1202.062231205739
2024-10-16,000333.SZ,67.01,67.81,66.04,67.55,342829,2559503194.01,False,7465.830469446868
2024-10-16,300750.SZ,223.75,223.75,218.26,218.78,335860,7918107275.0,False,23575.618635741084
2024-10-16,600000.SH,9.32,9.63,9.32,9.51,526150,545095953.0,False,1036.0086534258292
2024-10-16,600519.SH,1437.42,1446.34,1406.54,1419.04,46664,7140169692.0,False,153012.3798217041
2024-10-17,000001.SZ,11.11,11.27,10.97,10.99,1653708,1993261646.25,False,1205.3286591405497
2024-10-17,000333.SZ,67.55,67.84,65.21,65.39,394376,2920853670.08,False,7406.2662790839195
2024-10-17,300750.SZ,218.93,223.81,215.79,216.43,261647,6135626737.0,False,23450.017531253943
2024-10-17,600000.SH,9.51,9.65,9.39,9.39,455767,471133860.0,False,1033.7164823253988
2024-10-17,600519.SH,1433.54,1434.2,1389.95,1391.14,39460,5964778958.0,False,151160.13578307146
2024-10-18,000001.SZ,10.95,11.22,10.72,11.08,2604654,3105820972.95,False,1192.412110380112
2024-10-18,000333.SZ,65.39,68.51,64.96,67.32,427851,3180240269.81,False,7433.055596013565
2024-10-18,300750.SZ,214.93,243.81,214.53,234.82,680138,16734812130.0,False,24605.02446562315
2024-10-18,600000.SH,9.35,9.5,9.19,9.32,622063,633125532.0,False,1017.7836199870432
2024-10-18,600519.SH,1389.54,1464.38,1375.5,1437.54,68619,10418043492.0,False,151824.4726970664
2024-10-21,000001.SZ,10.98,10.98,10.67,10.85,2806655,3302020181.42,False,1176.496641525232
2024-10-21,000333.SZ,67.66,68.29,65.59,66.39,343229,2547898012.75,False,7423.317996876721
2024-10-21,300750.SZ,243.93,247.46,236.68,238.29,584558,14972853360.0,False,25613.973908491545
2024-10-21,600000.SH,9.35,9.39,9.12,9.33,645230,651623310.0,False,1009.9085752367373
2024-10-21,600519.SH,1437.75,1446.51,1417.75,1425.34,42008,6433918335.0,False,153159.35857455723
2024-10-22,000001.SZ,10.8,10.97,10.76,10.83,1617787,1908438724.93,False,1179.66006954562
2024-10-22,000333.SZ,66.66,69.27,66.45,68.81,404060,3073890030.71,False,7607.508861827451
2024-10-22,300750.SZ,238.93,239.49,232.19,235.48,278760,6986426718.0,False,25062.51513129574
2024-10-22,600000.SH,9.33,9.44,9.18,9.3,428034,432235691.0,False,1009.816255250751
2024-10-22,600519.SH,1423.1,1456.72,1420.74,1439.54,36269,5607826492.0,False,154617.62088836197
2024-10-23,000001.SZ,10.86,10.93,10.79,10.9,1511866,1787236762.42,False,1182.1396621261408
2024-10-23,000333.SZ,68.91,70.09,68.31,68.69,268313,2053544727.99,False,7653.541677033912
2024-10-23,300750.SZ,232.74,239.87,231.79,234.23,321541,8076690148.0,False,25118.6944993018
2024-10-23,600000.SH,9.29,9.42,9.27,9.35,335662,341483787.0,False,1017.3441944575197
2024-10-23,600519.SH,1440.65,1473.49,1428.54,1464.04,40088,6259600035.0,False,156146.47862203154
2024-10-24,000001.SZ,10.85,10.9,10.76,10.79,885299,1042818619.09,False,1177.9281565776082
2024-10-24,000333.SZ,68.42,68.77,67.61,67.95,171087,1296926991.93,False,7580.511622332498
2024-10-24,300750.SZ,234.7,236.43,229.93,231.09,214658,5297733385.0,False,24679.878620876
2024-10-24,600000.SH,9.29,9.42,9.29,9.31,240173,244345562.0,False,1017.3731518530393
2024-10-24,600519.SH,1457.54,1471.54,1441.55,1448.74,23923,3723973209.0,False,155664.9755047444
2024-10-25,000001.SZ,10.81,10.82,10.73,10.75,1105755,1296844369.04,False,1172.8134795139972
2024-10-25,000333.SZ,67.73,68.17,67.08,67.58,210573,1583775153.44,False,7521.264138517284
2024-10-25,300750.SZ,237.27,249.93,231.23,243.81,578986,14887536977.0,False,25713.120830210057
2024-10-25,600000.SH,9.31,9.37,9.24,9.25,284199,287640631.0,False,1012.1099335324895
2024-10-25,600519.SH,1443.54,1471.33,1442.55,1455.39,27745,4328271351.0,False,156001.85081996757
2024-10-28,000001.SZ,10.72,10.72,10.57,10.68,1169487,1356008963.4,False,1159.4904119498551
2024-10-28,000333.SZ,67.8,67.89,66.32,67.18,280591,2091524793.84,False,7453.998146198559
2024-10-28,300750.SZ,241.06,243.54,237.93,241.17,276019,7053002719.0,False,25552.598621834004
2024-10-28,600000.SH,9.27,9.27,9.12,9.23,317027,317673595.0,False,1002.0395581448898
2024-10-28,600519.SH,1456.54,1461.54,1418.77,1461.54,39121,6064453668.0,False,155017.85915492958
2024-10-29,000001.SZ,10.66,10.78,10.57,10.58,1198025,1391150258.93,False,1161.2030290937169
2024-10-29,000333.SZ,66.92,67.81,66.11,66.38,297272,2214621305.67,False,7449.814666938023
2024-10-29,300750.SZ,241.17,242.64,236.17,236.71,269948,6853075171.0,False,25386.649173174093
2024-10-29,600000.SH,9.18,9.32,9.14,9.16,340699,341853848.0,False,1003.3896430573615
2024-10-29,600519.SH,1456.54,1476.54,1426.54,1428.16,41166,6368105233.0,False,154693.3205315066
2024-10-30,000001.SZ,10.54,10.62,10.31,10.36,1482403,1686501657.86,False,1137.6809530606724
2024-10-30,000333.SZ,66.01,66.66,64.43,65.06,404137,2939634795.63,False,7273.8571217928575
2024-10-30,300750.SZ,234.93,237.23,229.43,232.96,271344,6734690047.0,False,24819.749273984315
2024-10-30,600000.SH,9.16,9.29,9.08,9.11,420374,419434797.0,False,997.7657918900788
2024-10-30,600519.SH,1421.54,1447.73,1419.95,1428.54,32006,4913175983.0,False,153507.96672498906
2024-10-31,000001.SZ,10.37,10.48,10.28,10.42,1250205,1419624319.27,False,1135.5132312460755
2024-10-31,000333.SZ,65.28,66.0,63.41,63.73,500469,3595551676.88,False,7184.364419934102
2024-10-31,300750.SZ,231.92,235.43,228.93,230.91,255003,6286268642.0,False,24651.743869679965
2024-10-31,600000.SH,9.18,9.22,8.88,9.01,600214,589919638.0,False,982.8488472444828
2024-10-31,600519.SH,1428.69,1436.54,1416.54,1424.33,29957,4575545180.0,False,152737.09583736688
2024-11-01,000001.SZ,10.42,10.59,10.38,10.47,1589811,1821423447.06,False,1145.6855230338701
2024-11-01,000333.SZ,63.75,65.31,62.69,64.56,416515,3009423819.46,False,7225.247156669027
2024-11-01,300750.SZ,231.46,234.75,230.11,231.13,259158,6418140472.0,False,24765.35731870133
2024-11-01,600000.SH,9.03,9.17,8.94,9.11,439393,435757873.0,False,991.7269346575845
2024-11-01,600519.SH,1417.54,1441.67,1417.34,1430.29,32284,4954302212.0,False,153459.9867426589
2024-11-04,000001.SZ,10.47,10.5,10.3,10.5,1131516,1285874126.16,False,1136.4170954365648
2024-11-04,000333.SZ,64.45,65.68,64.01,65.15,232316,1680407655.69,False,7233.28421499165
2024-11-04,300750.SZ,228.93,239.23,228.93,236.13,242472,6074686403.0,False,25053.145942624302
2024-11-04,600000.SH,9.14,9.17,9.01,9.16,337732,335231219.0,False,992.595368517049
2024-11-04,600519.SH,1441.47,1446.54,1424.6,1444.74,29093,4481761764.0,False,154049.48833052625
2024-11-05,000001.SZ,10.46,10.7,10.43,10.69,1665418,1925260700.35,False,1156.0225122761972
2024-11-05,000333.SZ,64.81,65.79,63.52,65.44,416967,3027068197.26,False,7259.730859420531
2024-11-05,300750.SZ,235.51,247.75,234.06,246.32,484821,12547431634.0,False,25880.5448485111
2024-11-05,600000.SH,9.14,9.23,9.08,9.23,414748,414411280.0,False,999.1881335172201
2024-11-05,600519.SH,1436.54,1474.24,1432.55,1473.53,45640,7134443464.0,False,156319.97072743208
2024-11-06,000001.SZ,10.66,10.68,10.51,10.59,1462286,1689977500.77,False,1155.7092803801718
2024-11-06,000333.SZ,65.45,65.45,63.28,63.48,525931,3768679119.04,False,7165.729190787384
2024-11-06,300750.SZ,243.92,254.43,238.43,241.43,452393,11840068810.0,False,26172.086681270488
2024-11-06,600000.SH,9.21,9.31,9.07,9.12,742087,740524751.0,False,997.89478996398
2024-11-06,600519.SH,1471.54,1485.53,1457.76,1467.54,37631,5916917616.0,False,157235.19481278732
2024-11-07,000001.SZ,10.54,10.97,10.52,10.95,2242844,2627007560.71,False,1171.2841199432507
2024-11-07,000333.SZ,62.66,64.41,62.2,64.41,547746,3895318880.85,False,7111.542358775783
2024-11-07,300750.SZ,242.93,247.73,238.81,247.73,335710,8698717048.0,False,25911.402841738403
2024-11-07,600000.SH,9.11,9.45,9.09,9.45,643972,650432796.0,False,1010.0327281310367
2024-11-07,600519.SH,1459.0,1550.04,1458.84,1545.68,74739,12074951757.0,False,161561.59109701763
2024-11-08,000001.SZ,10.98,11.05,10.74,10.76,1895104,2239060533.97,False,1181.4974449792728
2024-11-08,000333.SZ,64.97,66.07,63.41,64.89,593374,4283549293.36,False,7218.970317809679
2024-11-08,300750.SZ,254.59,256.93,242.03,242.43,402941,10612727375.0,False,26338.16706416076
2024-11-08,600000.SH,9.5,9.53,9.2,9.23,537647,545876293.0,False,1015.3061265105172
2024-11-08,600519.SH,1557.43,1563.65,1497.55,1506.51,60771,9885645907.0,False,162670.4498362706
2024-11-11,000001.SZ,10.67,10.72,10.51,10.64,1486952,1717961561.94,False,1155.3577801704428
2024-11-11,000333.SZ,63.54,64.15,63.13,63.91,442079,3153791633.71,False,7134.000107921887
2024-11-11,300750.SZ,237.28,253.92,235.94,252.43,491539,12844920271.0,False,26132.047042045495
2024-11-11,600000.SH,9.07,9.29,8.83,8.89,800003,779227780.0,False,974.0310723834785
2024-11-11,600519.SH,1486.54,1506.49,1463.73,1494.55,43854,6957095385.0,False,158642.2078943768
2024-11-12,000001.SZ,10.62,10.88,10.55,10.58,1717663,2005791407.67,False,1167.7444339605615
2024-11-12,000333.SZ,64.22,67.2,64.1,64.7,575477,4231304808.85,False,7352.691434844485
2024-11-12,300750.SZ,263.21,270.13,255.91,257.95,744030,20764206510.0,False,27907.754405064312
2024-11-12,600000.SH,8.9,8.99,8.83,8.83,496827,483318065.0,False,972.8095795920914
2024-11-12,600519.SH,1485.54,1519.54,1470.49,1473.74,49223,7844798676.0,False,159372.62409849055
2024-11-13,000001.SZ,10.54,10.74,10.52,10.65,1086263,1260161857.32,False,1160.089091978646
2024-11-13,000333.SZ,64.79,66.61,64.77,65.71,458417,3373337470.71,False,7358.665736022006
2024-11-13,300750.SZ,253.93,273.13,251.7,266.93,557737,15410247017.0,False,27629.95285770892
2024-11-13,600000.SH,8.8,8.91,8.77,8.8,438722,423812435.0,False,966.0159166852814
2024-11-13,600519.SH,1464.54,1483.2,1457.82,1475.04,29125,4594445032.0,False,157749.18564806867
2024-11-14,000001.SZ,10.63,10.74,10.57,10.58,1159783,1348378228.97,False,1162.6125136943722
2024-11-14,000333.SZ,65.79,67.2,64.64,65.95,408435,3020822981.14,False,7396.0923553074535
2024-11-14,300750.SZ,267.93,269.92,259.59,259.93,426572,11940874423.0,False,27992.6352948623
2024-11-14,600000.SH,8.78,8.88,8.74,8.82,454519,438914972.0,False,965.669140343968
2024-11-14,600519.SH,1466.54,1490.99,1462.19,1470.34,29248,4617144097.0,False,157861.87421362146
2024-11-15,000001.SZ,10.54,10.65,10.46,10.48,1215784,1399308729.48,False,1150.9517558053076
2024-11-15,000333.SZ,65.46,66.42,64.16,64.56,342825,2496870646.85,False,7283.222188726026
2024-11-15,300750.SZ,254.43,259.93,250.49,250.49,351983,9488134617.0,False,26956.22975257328
2024-11-15,600000.SH,8.78,8.87,8.67,8.71,488212,469147894.0,False,960.9511728511385
2024-11-15,600519.SH,1465.54,1480.34,1449.54,1455.54,33761,5295326892.0,False,156847.45392612778
2024-11-18,000001.SZ,10.67,11.08,10.66,10.79,3797324,4493249093.24,False,1183.267241151927
2024-11-18,000333.SZ,64.48,65.29,63.14,63.36,319386,2292938836.9,False,7179.20897252854
2024-11-18,300750.SZ,250.49,255.88,245.93,247.85,306500,8135717135.0,False,26543.9384502447
2024-11-18,600000.SH,8.82,9.27,8.81,9.0,1006966,999828599.0,False,992.9119741878077
2024-11-18,600519.SH,1458.54,1472.53,1451.54,1455.54,27092,4237197499.0,False,156400.321091097
2024-11-19,000001.SZ,10.79,11.0,10.59,10.72,2430037,2849661696.39,False,1172.6824309218337
2024-11-19,000333.SZ,63.36,64.06,63.01,63.62,226652,1614053712.02,False,7121.285989181652
2024-11-19,300750.SZ,246.95,256.93,242.93,253.65,348129,9211079120.0,False,26458.81015370739
2024-11-19,600000.SH,9.02,9.22,8.84,8.96,739982,728900946.0,False,985.0252384517461
2024-11-19,600519.SH,1461.54,1465.91,1421.54,1438.46,33266,5138831155.0,False,154476.97814585463
2024-11-20,000001.SZ,10.71,10.79,10.65,10.68,1286572,1498818033.91,False,1164.9701951464824
2024-11-20,000333.SZ,63.69,63.96,63.05,63.74,226371,1610809493.06,False,7115.794395306819
2024-11-20,300750.SZ,251.88,254.83,249.53,252.48,227088,6060616028.0,False,26688.402857042205
2024-11-20,600000.SH,8.94,9.02,8.86,8.88,454658,442364520.0,False,972.9610388467815
2024-11-20,600519.SH,1439.54,1450.51,1427.84,1441.35,21345,3292675257.0,False,154259.791848208
2024-11-21,000001.SZ,10.66,10.69,10.6,10.63,883408,1023998431.68,False,1159.1455269592307
2024-11-21,000333.SZ,63.68,63.7,62.86,63.15,216528,1534662636.12,False,7087.594380957658
2024-11-21,300750.SZ,250.59,256.36,248.59,253.19,205508,5510533650.0,False,26814.205043112677
2024-11-21,600000.SH,8.88,8.94,8.85,8.89,296128,287464178.0,False,970.7429827642101
2024-11-21,600519.SH,1440.41,1445.53,1428.54,1441.67,18262,2810933515.0,False,153922.54490198227
2024-11-22,000001.SZ,10.63,10.65,10.32,10.32,1625317,1858071592.39,False,1143.2056591975597
2024-11-22,000333.SZ,63.14,65.13,62.53,62.7,388458,2781161792.35,False,7159.491611319628
2024-11-22,300750.SZ,252.86,253.93,243.81,244.03,225551,5937579845.0,False,26324.777300920858
2024-11-22,600000.SH,8.89,8.92,8.64,8.65,443590,425677485.0,False,959.6192091796479
2024-11-22,600519.SH,1437.69,1444.31,1404.36,1404.36,33436,5107288992.0,False,152748.20528771385
2024-11-25,000001.SZ,10.32,10.38,10.18,10.22,1166020,1310130629.11,False,1123.5919016054613
2024-11-25,000333.SZ,62.42,64.69,62.42,62.7,385868,2737579008.59,False,7094.599729933553
2024-11-25,300750.SZ,247.99,251.49,246.11,249.03,262391,6923644963.0,False,26386.747117850842
2024-11-25,600000.SH,8.78,8.78,8.48,8.5,609220,573140420.0,False,940.7774203079348
2024-11-25,600519.SH,1407.54,1428.54,1393.21,1395.11,33186,5011136234.0,False,151001.51371060085
2024-11-26,000001.SZ,10.22,10.35,10.18,10.31,831078,933733854.73,False,1123.5213237866963
2024-11-26,000333.SZ,62.42,63.51,61.66,62.91,274188,1932586725.12,False,7048.4000945336775
2024-11-26,300750.SZ,246.5,248.9,240.59,241.65,273604,7076484876.0,False,25863.967178842413
2024-11-26,600000.SH,8.49,8.5,8.39,8.48,489834,454616327.0,False,928.1028409624485
2024-11-26,600519.SH,1395.11,1415.42,1385.42,1405.54,25745,3876885984.0,False,150587.9193629831
2024-11-27,000001.SZ,10.28,10.43,10.19,10.43,895178,1010001963.81,False,1128.2694210648608
2024-11-27,000333.SZ,62.63,63.81,62.05,63.63,264825,1875798199.28,False,7083.161330236949
2024-11-27,300750.SZ,239.63,245.83,236.4,244.83,274007,7033615361.0,False,25669.473265281544
2024-11-27,600000.SH,8.48,8.64,8.35,8.6,430074,401498755.0,False,933.5573761724727
2024-11-27,600519.SH,1405.54,1418.69,1401.54,1415.59,25934,3927607772.0,False,151446.27793629983
2024-11-28,000001.SZ,10.43,10.46,10.36,10.38,733169,833121339.08,False,1136.3291943330937
2024-11-28,000333.SZ,64.31,64.31,62.07,62.5,323290,2275593420.15,False,7038.86114680318
2024-11-28,300750.SZ,244.13,244.46,238.43,239.63,223556,5728197559.0,False,25623.099174256116
2024-11-28,600000.SH,8.66,8.71,8.5,8.61,391547,370385580.0,False,945.9543298761068
2024-11-28,600519.SH,1418.54,1421.53,1398.54,1414.54,23952,3627662382.0,False,151455.51027054107
2024-11-29,000001.SZ,10.41,10.5,10.38,10.42,1028488,1173316153.6,False,1140.8165711218799
2024-11-29,000333.SZ,61.99,63.08,61.86,62.44,277501,1951115163.8,False,7031.020298305231
2024-11-29,300750.SZ,236.16,252.92,236.16,246.17,313663,8192074188.0,False,26117.43874157934
2024-11-29,600000.SH,8.69,8.78,8.6,8.63,465407,443290385.0,False,952.478980763074
2024-11-29,600519.SH,1413.54,1451.54,1409.75,1422.28,36088,5534035503.0,False,153348.35687763247
2024-12-02,000001.SZ,10.43,10.44,10.35,10.43,975434,1108785597.4,False,1136.7100156443184
2024-12-02,000333.SZ,62.46,62.84,61.54,62.39,357906,2500096040.21,False,6985.342632450979
2024-12-02,300750.SZ,243.57,248.48,242.14,247.12,206475,5387882833.0,False,26094.601443274005
2024-12-02,600000.SH,8.62,8.67,8.54,8.66,466043,440070881.0,False,944.2709814330437
2024-12-02,600519.SH,1422.54,1426.53,1411.64,1421.54,26820,4086609952.0,False,152371.73571961222
2024-12-03,000001.SZ,10.41,10.54,10.39,10.53,1082559,1236992678.1,False,1142.6561306127426
2024-12-03,000333.SZ,62.31,62.31,61.71,62.16,313174,2181594388.43,False,6966.077606793667
2024-12-03,300750.SZ,245.93,247.92,243.93,246.77,173108,4514867561.0,False,26081.218435889732
2024-12-03,600000.SH,8.63,8.82,8.58,8.82,419264,400570471.0,False,955.4134650244238
2024-12-03,600519.SH,1420.54,1425.44,1412.62,1423.28,24807,3777197199.0,False,152263.36110775184
2024-12-04,000001.SZ,10.48,10.57,10.41,10.5,1007471,1154623369.68,False,1146.0611468518698
2024-12-04,000333.SZ,62.19,64.3,61.91,63.8,531955,3779094533.98,False,7104.162070062317
2024-12-04,300750.SZ,244.93,246.93,242.43,243.9,161814,4186965339.0,False,25875.17358819385
2024-12-04,600000.SH,8.82,8.95,8.72,8.92,511934,496410995.0,False,969.6777221282431
2024-12-04,600519.SH,1416.61,1420.2,1406.54,1416.54,23924,3626565544.0,False,151586.9229225882
2024-12-05,000001.SZ,10.48,10.54,10.45,10.48,687109,786137963.74,False,1144.1240963806324
2024-12-05,000333.SZ,63.91,65.19,63.73,64.03,367645,2647263413.02,False,7200.596806756518
2024-12-05,300750.SZ,242.92,243.88,239.94,240.93,160216,4109014221.0,False,25646.715814899886
2024-12-05,600000.SH,8.85,8.95,8.8,8.81,291736,282719717.0,False,969.094376422519
2024-12-05,600519.SH,1407.4,1414.4,1406.54,1407.54,16141,2441318387.0,False,151249.51285546125
2024-12-06,000001.SZ,10.48,10.74,10.47,10.7,1726269,2004270465.79,False,1161.041799273462
2024-12-06,000333.SZ,64.09,65.44,63.82,65.16,456778,3318584661.91,False,7265.2024876635915
2024-12-06,300750.SZ,240.93,254.83,239.93,251.48,330381,8719647873.0,False,26392.703796525828
2024-12-06,600000.SH,8.79,8.96,8.79,8.87,406297,394516285.0,False,971.004671459548
2024-12-06,600519.SH,1409.54,1435.44,1404.61,1417.55,32040,4883148600.0,False,152407.8838951311
2024-12-09,000001.SZ,10.67,10.76,10.63,10.71,964063,1123441854.9,False,1165.3199582392438
2024-12-09,000333.SZ,64.32,66.19,63.62,65.44,413219,3017126124.02,False,7301.518381342581
2024-12-09,300750.SZ,251.92,254.59,249.34,252.98,224561,6005103478.0,False,26741.524476645543
2024-12-09,600000.SH,8.82,8.92,8.8,8.83,325829,315468554.0,False,968.2028119044038
2024-12-09,600519.SH,1418.56,1426.26,1409.74,1415.34,19800,3008173586.0,False,151927.95888888888
2024-12-10,000001.SZ,10.94,10.99,10.79,10.83,2167807,2564600676.79,False,1183.0392081905816
2024-12-10,000333.SZ,68.82,68.97,66.1,66.15,555133,4164810150.88,False,7502.364570076
2024-12-10,300750.SZ,266.21,266.43,254.26,255.5,329044,9035442039.0,False,27459.67724377287
2024-12-10,600000.SH,8.99,9.09,8.88,8.97,583386,572248614.0,False,980.9090619246948
2024-12-10,600519.SH,1466.54,1476.27,1441.72,1443.13,60312,9421340719.0,False,156210.05304085423
2024-12-11,000001.SZ,10.83,10.87,10.76,10.77,967691,1138374174.98,False,1176.3818977132164
2024-12-11,000333.SZ,66.01,67.64,65.91,67.41,335434,2512587262.97,False,7490.556303087939
2024-12-11,300750.SZ,258.89,264.43,251.45,252.03,194008,5262014871.0,False,27122.66953424601
2024-12-11,600000.SH,8.97,9.01,8.79,8.8,487628,472263000.0,False,968.490324591697
2024-12-11,600519.SH,1436.54,1451.54,1427.52,1432.14,29671,4569662604.0,False,154011.07492164065
2024-12-12,000001.SZ,10.77,10.91,10.75,10.89,986235,1164062448.23,False,1180.3094072203887
2024-12-12,000333.SZ,67.51,68.06,66.68,67.87,286398,2153602253.55,False,7519.613452433327
2024-12-12,300750.SZ,250.83,260.31,250.13,258.64,223295,6055502392.0,False,27118.844541973624
2024-12-12,600000.SH,8.82,8.99,8.76,8.99,496515,482603362.0,False,971.9814345991562
2024-12-12,600519.SH,1428.56,1462.54,1425.54,1462.34,41937,6510547810.0,False,155245.91196318288
2024-12-13,000001.SZ,10.83,10.84,10.6,10.6,1343793,1565589089.36,False,1165.0522731998158
2024-12-13,000333.SZ,67.51,67.54,65.64,66.31,370633,2744782532.14,False,7405.661482220957
2024-12-13,300750.SZ,254.81,256.93,250.93,251.96,283164,7596460114.0,False,26827.068815244875
2024-12-13,600000.SH,8.93,8.97,8.77,8.83,672669,652085647.0,False,969.4004733382986
2024-12-13,600519.SH,1446.55,1451.53,1415.42,1415.54,49512,7580908315.0,False,153112.5447366295
2024-12-16,000001.SZ,10.6,10.7,10.57,10.61,805718,934226189.29,False,1159.4952443534835
2024-12-16,000333.SZ,66.41,66.76,64.96,65.53,280471,2054964896.14,False,7326.835559255681
2024-12-16,300750.SZ,251.15,254.43,248.98,252.13,162575,4333963457.0,False,26658.240547439644
2024-12-16,600000.SH,8.79,8.92,8.79,8.81,341836,331030756.0,False,968.3905615558338
2024-12-16,600519.SH,1417.54,1425.54,1407.25,1423.74,32537,4945298799.0,False,151990.00519408673
2024-12-17,000001.SZ,10.61,10.69,10.56,10.57,802120,929225455.3,False,1158.461895102977
2024-12-17,000333.SZ,65.51,66.99,65.12,65.98,278873,2058385954.76,False,7381.0872861840335
2024-12-17,300750.SZ,251.93,262.93,251.47,258.73,282146,7746201690.0,False,27454.586242583628
2024-12-17,600000.SH,8.82,8.87,8.67,8.7,411857,394758764.0,False,958.48501785814
2024-12-17,600519.SH,1422.53,1465.54,1417.55,1454.54,54172,8398945449.0,False,155042.18875064608
2024-12-18,000001.SZ,10.62,10.78,10.61,10.69,1016590,1186285805.48,False,1166.9264949291257
2024-12-18,000333.SZ,65.97,66.89,65.89,66.41,225785,1675256402.93,False,7419.69751281086
2024-12-18,300750.SZ,259.24,259.66,255.24,256.34,150853,4110472402.0,False,27248.197927784
2024-12-18,600000.SH,8.73,8.85,8.68,8.71,397987,381602845.0,False,958.8324367378834
2024-12-18,600519.SH,1454.51,1473.54,1443.64,1468.04,41162,6440801971.0,False,156474.46603663574
2024-12-19,000001.SZ,10.63,10.68,10.58,10.63,697379,808465663.92,False,1159.2916676871544
2024-12-19,000333.SZ,66.17,67.54,65.55,66.75,253553,1893593091.94,False,7468.233828588106
2024-12-19,300750.SZ,254.19,257.28,251.55,254.72,153460,4137668599.0,False,26962.521823276424
2024-12-19,600000.SH,8.68,8.73,8.59,8.7,429878,408829151.0,False,951.0352960607428
2024-12-19,600519.SH,1461.68,1464.47,1446.87,1447.55,24809,3862602665.0,False,155693.60574791406
2024-12-20,000001.SZ,10.63,10.74,10.62,10.66,714646,831437460.3,False,1163.4256125410343
2024-12-20,000333.SZ,66.74,67.1,65.97,66.31,209397,1552494957.15,False,7414.122251751458
2024-12-20,300750.SZ,254.72,255.73,245.25,247.64,277401,7313368050.0,False,26363.884953550998
2024-12-20,600000.SH,8.74,8.89,8.72,8.75,492981,473948599.0,False,961.3932362504843
2024-12-20,600519.SH,1451.55,1462.22,1440.44,1442.42,28158,4307425535.0,False,152973.41909936786
2024-12-23,000001.SZ,10.68,10.88,10.68,10.77,1659405,1953519499.07,False,1177.2409382097799
2024-12-23,000333.SZ,66.31,67.56,66.26,66.92,226029,1689849270.18,False,7476.249818297652
2024-12-23,300750.SZ,247.64,253.81,247.64,248.43,206394,5482614221.0,False,26563.825600550404
2024-12-23,600000.SH,8.8,9.25,8.77,9.1,1164447,1156091291.0,False,992.8243114542782
2024-12-23,600519.SH,1443.42,1458.42,1437.42,1446.87,21603,3300971424.0,False,152801.5286765727
2024-12-24,000001.SZ,10.76,10.91,10.76,10.9,1350837,1595698790.02,False,1181.2667183531396
2024-12-24,000333.SZ,66.71,68.69,66.71,68.56,344141,2606513925.53,False,7573.970917530896
2024-12-24,300750.SZ,247.93,253.18,247.93,253.16,196154,5229920631.0,False,26662.31956014152
2024-12-24,600000.SH,9.06,9.34,9.06,9.3,844382,851921287.0,False,1008.928763284864
2024-12-24,600519.SH,1445.42,1464.42,1442.01,1459.24,22105,3394160299.0,False,153547.174802081
2024-12-25,000001.SZ,10.9,11.06,10.88,10.96,1475283,1759956630.34,False,1192.962048867912
2024-12-25,000333.SZ,68.61,68.91,67.35,67.85,227339,1719267175.72,False,7562.5703276604545
2024-12-25,300750.SZ,253.84,255.84,251.19,252.9,114138,3058526680.0,False,26796.743240638527
2024-12-25,600000.SH,9.3,9.56,9.3,9.52,727396,749135069.0,False,1029.886154171868
2024-12-25,600519.SH,1459.22,1459.22,1446.52,1450.42,17123,2621061878.0,False,153072.58529463294
2024-12-26,000001.SZ,10.96,10.97,10.82,10.9,1000075,1183745518.53,False,1183.6567442741793
2024-12-26,000333.SZ,67.57,68.55,66.96,68.29,242143,1829497500.46,False,7555.4424470664035
2024-12-26,300750.SZ,252.13,252.13,245.93,246.18,224438,5898437344.0,False,26280.92098485996
2024-12-26,600000.SH,9.52,9.56,9.33,9.51,611522,628394287.0,False,1027.5906459620423
2024-12-26,600519.SH,1454.42,1459.2,1443.42,1448.21,18287,2798840003.0,False,153050.80127959754
2024-12-27,000001.SZ,10.91,10.94,10.7,10.87,1290012,1518383345.11,False,1177.0304036784153
2024-12-27,000333.SZ,68.29,68.36,67.11,67.73,198421,1493951285.98,False,7529.199459633809
2024-12-27,300750.SZ,245.5,248.35,239.93,246.93,243519,6338085456.0,False,26027.067522452046
2024-12-27,600000.SH,9.5,9.56,9.29,9.53,695064,714702134.0,False,1028.2537061335358
2024-12-27,600519.SH,1449.32,1456.42,1439.92,1449.39,20759,3170191445.0,False,152714.07317308156
2024-12-30,000001.SZ,10.82,11.01,10.82,10.99,1351846,1610892096.25,False,1191.6239691873186
2024-12-30,000333.SZ,67.31,68.49,67.23,67.63,221827,1676164968.7,False,7556.18102710671
2024-12-30,300750.SZ,245.81,252.43,245.44,251.51,226314,6013633016.0,False,26572.07691967797
2024-12-30,600000.SH,9.51,9.66,9.48,9.64,784778,818657792.0,False,1043.1711796202237
2024-12-30,600519.SH,1454.39,1464.38,1445.42,1445.42,25130,3849542646.0,False,153185.14309590132
2024-12-31,000001.SZ,10.97,11.03,10.74,10.74,1475367,1747242074.23,False,1184.2762337980992
2024-12-31,000333.SZ,67.41,68.36,67.0,67.53,307660,2324365540.7,False,7554.981280309432
2024-12-31,300750.SZ,250.02,255.43,250.02,250.93,249340,6694555730.0,False,26849.104556027913
2024-12-31,600000.SH,9.6,9.73,9.45,9.46,577834,602393523.0,False,1042.5027308881097
2024-12-31,600519.SH,1445.82,1465.42,1442.43,1444.42,39354,6033540366.0,False,153314.53895410887
2025-01-02,000001.SZ,10.77,10.81,10.43,10.47,1819597,2102923078.11,False,1155.7081475238747
2025-01-02,000333.SZ,67.71,69.51,67.31,67.63,413671,3143071622.15,False,7597.99846290893
2025-01-02,300750.SZ,251.18,251.23,241.93,243.71,233546,6090661831.0,False,26079.067211598573
2025-01-02,600000.SH,9.47,9.59,9.22,9.3,789071,803904040.0,False,1018.7981056204068
2025-01-02,600519.SH,1444.42,1444.91,1400.42,1408.42,50029,7490883773.0,False,149730.83157768493
2025-01-03,000001.SZ,10.48,10.58,10.4,10.42,1154680,1320520977.59,False,1143.625054205494
2025-01-03,000333.SZ,67.31,68.37,66.21,67.0,296422,2225340635.61,False,7507.33965633455
2025-01-03,300750.SZ,243.71,247.93,242.14,242.56,185238,4812148522.0,False,25978.19303814552
2025-01-03,600000.SH,9.29,9.39,9.19,9.23,506939,511576494.0,False,1009.1480316172162
2025-01-03,600519.SH,1414.92,1415.41,1387.43,1395.42,32628,4836610288.0,False,148234.9604021086
2025-01-06,000001.SZ,10.42,10.52,10.26,10.48,1085536,1234305778.04,False,1137.0473001724492
2025-01-06,000333.SZ,66.99,68.59,66.59,67.69,306810,2308954916.0,False,7525.683374075161
2025-01-06,300750.SZ,242.93,244.93,237.93,241.68,172891,4433101113.0,False,25641.017247861368
2025-01-06,600000.SH,9.3,9.37,8.98,9.32,798013,804593504.0,False,1008.246111278889
2025-01-06,600519.SH,1373.42,1383.08,1353.22,1360.42,44255,6392479712.0,False,144446.4967122359
2025-01-07,000001.SZ,10.46,10.57,10.41,10.55,747863,858329048.54,False,1147.708936717019
2025-01-07,000333.SZ,67.31,69.07,66.81,68.24,251785,1913943075.71,False,7601.4976099052765
2025-01-07,300750.SZ,227.93,236.93,226.01,234.38,401036,9934923663.0,False,24773.146707527503
2025-01-07,600000.SH,9.28,9.47,9.28,9.44,402651,411488492.0,False,1021.9482678547923
2025-01-07,600519.SH,1365.08,1372.31,1359.42,1360.62,24221,3494634227.0,False,144281.1703480451
2025-01-08,000001.SZ,10.54,10.67,10.44,10.54,1062386,1223598996.56,False,1151.7461605857004
2025-01-08,000333.SZ,67.82,69.97,67.74,69.89,406930,3129132561.5,False,7689.608929054137
2025-01-08,300750.SZ,230.92,233.24,228.25,230.27,271858,6681628785.0,False,24577.64268478397
2025-01-08,600000.SH,9.43,9.54,9.37,9.47,482375,496301045.0,False,1028.869748639544
2025-01-08,600519.SH,1360.42,1372.24,1347.08,1362.92,35258,5071821246.0,False,143848.80724941858
2025-01-09,000001.SZ,10.54,10.54,10.39,10.44,751483,857836086.08,False,1141.5242741086624
2025-01-09,000333.SZ,70.01,71.31,69.51,71.04,345987,2715146336.35,False,7847.53859639235
2025-01-09,300750.SZ,226.28,235.18,226.09,232.26,169329,4168600175.0,False,24618.347565981017
2025-01-09,600000.SH,9.5,9.5,9.3,9.36,392219,401208215.0,False,1022.9188667555626
2025-01-09,600519.SH,1369.41,1385.0,1353.4,1364.42,29706,4295852736.0,False,144612.29165825085
2025-01-10,000001.SZ,10.44,10.5,10.32,10.34,798134,905005040.97,False,1133.9011255879338
2025-01-10,000333.SZ,71.04,71.2,68.68,68.68,271096,2093133228.5,False,7721.003734839319
2025-01-10,300750.SZ,231.43,234.88,229.61,230.93,147294,3643092329.0,False,24733.474065474493
2025-01-10,600000.SH,9.4,9.45,9.2,9.3,319335,324388873.0,False,1015.8262420342273
2025-01-10,600519.SH,1367.52,1372.37,1356.42,1356.42,21872,3154677598.0,False,144233.6136613021
2025-01-13,000001.SZ,10.29,10.3,10.12,10.24,934966,1044904415.84,False,1117.58546924701
2025-01-13,000333.SZ,67.92,68.33,66.24,66.61,255846,1911136128.99,False,7469.869096995849
2025-01-13,300750.SZ,228.43,234.93,226.93,231.84,180922,4467775090.0,False,24694.482097257383
2025-01-13,600000.SH,9.23,9.3,9.02,9.17,382177,381632220.0,False,998.5745348359529
2025-01-13,600519.SH,1345.42,1364.86,1342.43,1364.4,21083,3030806870.0,False,143755.9583550728
2025-01-14,000001.SZ,10.24,10.44,10.23,10.42,824629,934467766.39,False,1133.1977973003618
2025-01-14,000333.SZ,66.61,67.66,65.74,66.93,288584,2150563704.45,False,7452.123833788429
2025-01-14,300750.SZ,232.64,241.93,230.14,241.13,202467,5108567634.0,False,25231.606306212863
2025-01-14,600000.SH,9.2,9.38,9.11,9.33,386587,390328866.0,False,1009.6792339111248
2025-01-14,600519.SH,1365.37,1399.1,1362.42,1392.92,30957,4535651504.0,False,146514.5687243596
2025-01-15,000001.SZ,10.42,10.62,10.4,10.52,1031631,1185403653.43,False,1149.0578059693826
2025-01-15,000333.SZ,66.95,68.08,65.91,66.13,256635,1910565918.3,False,7444.681817756736
2025-01-15,300750.SZ,241.13,241.33,234.6,235.8,150627,3798504600.0,False,25217.95295664124
2025-01-15,600000.SH,9.33,9.56,9.3,9.38,384608,394080520.0,False,1024.6290248772777
2025-01-15,600519.SH,1387.42,1395.02,1380.43,1391.69,18399,2701518712.0,False,146829.64900266318
2025-01-16,000001.SZ,10.59,10.63,10.51,10.61,872964,1007689273.66,False,1154.3308471597911
2025-01-16,000333.SZ,66.3,67.76,66.21,66.4,262330,1953070087.89,False,7445.088582663058
2025-01-16,300750.SZ,236.93,239.53,233.19,234.86,161884,4056598313.0,False,25058.67357490549
2025-01-16,600000.SH,9.46,9.48,9.3,9.38,337689,344708150.0,False,1020.7858414102917
2025-01-16,600519.SH,1394.42,1403.08,1362.42,1366.8,26342,3840411437.0,False,145790.427340369
2025-01-17,000001.SZ,10.57,10.59,10.46,10.49,689765,791230418.64,False,1147.1014311250933
2025-01-17,000333.SZ,66.39,67.18,65.94,66.66,159288,1184446628.53,False,7435.881099203957
2025-01-17,300750.SZ,233.43,238.43,233.01,236.43,111066,2786220135.0,False,25086.16619847658
2025-01-17,600000.SH,9.42,9.47,9.25,9.44,416632,426549432.0,False,1023.8038172775975
2025-01-17,600519.SH,1366.81,1381.42,1366.8,1375.17,18309,2663227309.0,False,145460.00923043312
2025-01-20,000001.SZ,10.54,10.56,10.44,10.46,832029,953092179.17,False,1145.503557171685
2025-01-20,000333.SZ,67.41,69.05,67.19,67.2,296993,2245932515.69,False,7562.240577016967
2025-01-20,300750.SZ,241.43,252.54,241.24,250.45,342835,9048642227.0,False,26393.577747312847
2025-01-20,600000.SH,9.49,9.62,9.4,9.54,374426,388948241.0,False,1038.7853434323472
2025-01-20,600519.SH,1381.42,1410.21,1380.42,1395.22,31410,4647626351.0,False,147966.45498248964
2025-01-21,000001.SZ,10.49,10.49,10.36,10.37,902069,1024879174.22,False,1136.142772027417
2025-01-21,000333.SZ,67.57,67.6,66.53,66.71,162863,1217315661.97,False,7474.476473907517
2025-01-21,300750.SZ,253.43,253.69,248.15,249.11,138933,3681448144.0,False,26498.01086854815
2025-01-21,600000.SH,9.53,9.65,9.44,9.54,308521,320946733.0,False,1040.275161172173
2025-01-21,600519.SH,1401.42,1402.42,1385.42,1388.57,16856,2481821229.0,False,147236.66522306597
2025-01-22,000001.SZ,10.36,10.37,10.12,10.13,1347129,1504818607.18,False,1117.0560556412936
2025-01-22,000333.SZ,66.69,66.69,64.59,65.31,322180,2351219471.25,False,7297.844283475076
2025-01-22,300750.SZ,246.93,249.83,239.14,242.93,250407,6440345376.0,False,25719.510141489656
2025-01-22,600000.SH,9.5,9.55,9.18,9.2,583742,589944614.0,False,1010.6256085736507
2025-01-22,600519.SH,1383.69,1388.37,1358.42,1361.42,28294,4088101682.0,False,144486.52300841166
2025-01-23,000001.SZ,10.21,10.44,10.21,10.36,1514920,1715172472.47,False,1132.1868299778207
2025-01-23,000333.SZ,65.71,66.23,64.71,65.72,270087,1981526548.36,False,7336.623193119254
2025-01-23,300750.SZ,244.78,247.43,241.91,242.43,165537,4291744662.0,False,25926.195726635135
2025-01-23,600000.SH,9.28,9.54,9.23,9.48,655807,670951809.0,False,1023.0933933306598
2025-01-23,600519.SH,1370.39,1388.42,1358.42,1363.42,27125,3932700850.0,False,144984.36313364055
2025-01-24,000001.SZ,10.36,10.43,10.26,10.38,944944,1069899088.28,False,1132.235442819892
2025-01-24,000333.SZ,65.32,65.95,64.86,65.13,304861,2224547325.17,False,7296.923270506887
2025-01-24,300750.SZ,242.16,250.93,242.16,246.77,224398,5876198259.0,False,26186.500142603767
2025-01-24,600000.SH,9.43,9.66,9.34,9.56,724638,752560118.0,False,1038.5325058856974
2025-01-24,600519.SH,1362.42,1368.21,1350.73,1356.42,31360,4515322685.0,False,143983.50398596938
2025-01-27,000001.SZ,10.42,10.59,10.42,10.51,1151935,1324270606.55,False,1149.6053219582702
2025-01-27,000333.SZ,65.17,66.61,64.93,66.19,280115,2066038990.79,False,7375.681383681702
2025-01-27,300750.SZ,246.78,249.12,243.15,243.15,171026,4460049868.0,False,26078.197864652157
2025-01-27,600000.SH,9.59,9.87,9.57,9.82,594882,632694603.0,False,1063.5631990882225
2025-01-27,600519.SH,1357.42,1364.39,1347.44,1355.41,29356,4213534543.0,False,143532.31172503065
2025-02-05,000001.SZ,10.54,10.56,10.37,10.41,843434,961193578.9,False,1139.6191983012304
2025-02-05,000333.SZ,65.71,66.0,63.99,64.52,363511,2623254186.08,False,7216.436878333805
2025-02-05,300750.SZ,246.15,248.15,237.2,238.27,240481,6141794779.0,False,25539.62591223423
2025-02-05,600000.SH,9.83,9.86,9.57,9.58,517235,542382245.0,False,1048.6186066294817
2025-02-05,600519.SH,1360.42,1363.42,1322.63,1324.22,40757,5753730034.0,False,141171.5787226734
2025-02-06,000001.SZ,10.39,10.49,10.34,10.4,955603,1084793176.26,False,1135.1923092120892
2025-02-06,000333.SZ,64.49,64.87,63.74,64.58,285675,2058313210.61,False,7205.08693658878
2025-02-06,300750.SZ,237.15,239.64,235.35,239.25,248961,6261792979.0,False,25151.70239113757
2025-02-06,600000.SH,9.55,9.67,9.47,9.6,385984,400818917.0,False,1038.434020581164
2025-02-06,600519.SH,1320.43,1342.41,1320.43,1333.26,27356,3859568163.0,False,141086.71454159965
2025-02-07,000001.SZ,10.4,10.49,10.35,10.42,1407493,1601621979.76,False,1137.9253607371404
2025-02-07,000333.SZ,64.71,65.75,63.98,65.75,355350,2588044042.96,False,7283.08440399606
2025-02-07,300750.SZ,243.15,248.71,237.77,247.43,344413,8922582684.0,False,25906.637333666265
2025-02-07,600000.SH,9.6,9.62,9.47,9.51,456001,472723881.0,False,1036.6729042260872
2025-02-07,600519.SH,1334.1,1363.1,1323.83,1356.42,37242,5310850624.0,False,142603.79743300573
2025-02-10,000001.SZ,10.42,10.54,10.4,10.47,1026591,1174044624.14,False,1143.6342459070847
2025-02-10,000333.SZ,65.63,65.64,64.81,65.32,318650,2324957366.49,False,7296.2729216695425
2025-02-10,300750.SZ,247.43,247.62,241.33,244.6,229267,5928297100.0,False,25857.611867386062
2025-02-10,600000.SH,9.49,9.61,9.4,9.44,412347,426297964.0,False,1033.833067780292
2025-02-10,600519.SH,1358.42,1360.42,1347.51,1351.93,20840,2988101756.0,False,143383.0017274472
2025-02-11,000001.SZ,10.44,10.51,10.41,10.46,844520,963865614.95,False,1141.317689279117
2025-02-11,000333.SZ,65.75,66.17,64.92,66.01,300440,2200715457.01,False,7324.974893522834
2025-02-11,300750.SZ,246.59,246.65,237.21,237.95,247920,6268157349.0,False,25282.983821394
2025-02-11,600000.SH,9.46,9.55,9.4,9.47,346517,356843470.0,False,1029.8007601358663
2025-02-11,600519.SH,1355.37,1356.38,1336.32,1338.42,23573,3348668867.0,False,142055.26946082382
2025-02-12,000001.SZ,10.45,10.47,10.38,10.46,988807,1125323632.69,False,1138.0619602106378
2025-02-12,000333.SZ,65.77,65.9,64.99,65.59,228073,1667138729.9,False,7309.671595936389
2025-02-12,300750.SZ,236.16,242.15,233.23,241.45,273822,6902713445.0,False,25208.761330353296
2025-02-12,600000.SH,9.49,9.59,9.41,9.58,331003,342797074.0,False,1035.6313205620493
2025-02-12,600519.SH,1338.42,1365.42,1337.3,1363.42,25476,3644170477.0,False,143043.27512168314
2025-02-13,000001.SZ,10.46,10.59,10.44,10.54,1358639,1560709510.83,False,1148.730097421022
2025-02-13,000333.SZ,65.31,65.7,64.44,64.45,410664,2979276852.25,False,7254.779703723725
2025-02-13,300750.SZ,242.14,250.14,241.25,247.54,375350,9803005760.0,False,26116.972852004794
2025-02-13,600000.SH,9.56,9.61,9.47,9.48,484543,501218511.0,False,1034.4149249911773
2025-02-13,600519.SH,1363.44,1395.67,1354.93,1385.48,43385,6335985851.0,False,146040.93237293995
2025-02-14,000001.SZ,10.53,10.59,10.47,10.59,973058,1118355996.56,False,1149.321003023458
2025-02-14,000333.SZ,64.43,65.0,64.21,64.8,234351,1697819619.06,False,7244.772239333308
2025-02-14,300750.SZ,247.68,259.15,247.68,255.86,387800,10409880413.0,False,26843.42551057246
2025-02-14,600000.SH,9.52,9.6,9.42,9.58,563006,581842513.0,False,1033.4570377580346
2025-02-14,600519.SH,1385.48,1397.42,1378.64,1395.42,27100,3978694098.0,False,146815.28036900368
2025-02-17,000001.SZ,10.64,10.84,10.59,10.82,2061965,2413146066.57,False,1170.3137863979264
2025-02-17,000333.SZ,64.56,64.78,63.56,64.35,402358,2886662764.15,False,7174.364034392258
2025-02-17,300750.SZ,261.05,261.05,252.17,255.55,241830,6513084025.0,False,26932.489868916182
2025-02-17,600000.SH,9.61,9.63,9.37,9.44,523111,538356331.0,False,1029.1435871163098
2025-02-17,600519.SH,1401.42,1415.4,1387.52,1392.04,32471,4804663813.0,False,147967.8424748237
2025-02-18,000001.SZ,10.8,11.0,10.8,10.85,1996610,2371071466.89,False,1187.5486283700873
2025-02-18,000333.SZ,64.3,64.96,63.84,64.21,293465,2117878259.04,False,7216.8001602916875
2025-02-18,300750.SZ,259.11,261.65,255.15,256.92,238458,6497674092.0,False,27248.71504415872
2025-02-18,600000.SH,9.43,9.71,9.38,9.67,627840,654395131.0,False,1042.2960165010193
2025-02-18,600519.SH,1390.42,1413.41,1382.5,1395.42,27800,4113845397.0,False,147980.05025179856
2025-02-19,000001.SZ,10.84,10.85,10.72,10.75,1177749,1382467174.27,False,1173.8215649259732
2025-02-19,000333.SZ,63.61,64.28,63.31,63.76,337150,2408852125.2,False,7144.748999555093
2025-02-19,300750.SZ,254.72,262.15,254.7,259.7,204455,5580141095.0,False,27292.759262429387
2025-02-19,600000.SH,9.62,9.76,9.59,9.61,423643,444710362.0,False,1049.7290454462839
2025-02-19,600519.SH,1395.47,1414.86,1385.32,1411.42,32393,4803378441.0,False,148284.45778408914
2025-02-20,000001.SZ,10.75,10.8,10.69,10.7,784396,917231443.37,False,1169.3474257517887
2025-02-20,000333.SZ,63.72,64.02,63.37,63.54,314202,2241810156.65,False,7134.932803260323
2025-02-20,300750.SZ,258.95,258.95,253.15,256.35,195890,5267400818.0,False,26889.585063045586
2025-02-20,600000.SH,9.59,9.66,9.51,9.56,272236,283297510.0,False,1040.63206188748
2025-02-20,600519.SH,1403.42,1412.39,1393.81,1394.42,23750,3513552984.0,False,147939.0730105263
2025-02-21,000001.SZ,10.73,10.75,10.59,10.68,973969,1131033823.93,False,1161.262652024859
2025-02-21,000333.SZ,63.33,63.54,62.51,62.9,553390,3903770927.18,False,7054.285272917833
2025-02-21,300750.SZ,254.73,263.03,253.93,261.7,309519,8443562273.0,False,27279.62507309729
2025-02-21,600000.SH,9.56,9.6,9.4,9.46,503915,519161893.0,False,1030.2568746713234
2025-02-21,600519.SH,1400.42,1417.15,1393.43,1408.63,36418,5418169587.0,False,148777.241666209
2025-02-24,000001.SZ,10.67,10.73,10.6,10.63,949956,1103548964.32,False,1161.684293083048
2025-02-24,000333.SZ,62.96,63.81,62.59,63.2,469377,3326317437.18,False,7086.664743223464
2025-02-24,300750.SZ,259.16,260.85,254.31,257.65,277538,7510840227.0,False,27062.38506799069
2025-02-24,600000.SH,9.44,9.48,9.36,9.38,437414,447600690.0,False,1023.2884406992004
2025-02-24,600519.SH,1408.42,1419.94,1394.42,1399.49,34744,5157907322.0,False,148454.6201358508
2025-02-25,000001.SZ,10.6,10.62,10.5,10.51,917156,1055685157.06,False,1151.0420877800505
2025-02-25,000333.SZ,62.81,62.98,61.29,61.34,565999,3932087507.75,False,6947.163347903442
2025-02-25,300750.SZ,253.63,260.15,250.66,255.63,232094,6243748571.0,False,26901.809486673505
2025-02-25,600000.SH,9.37,9.42,9.24,9.27,371599,377213137.0,False,1015.1080519592356
2025-02-25,600519.SH,1390.43,1393.81,1372.42,1374.42,28387,4142814459.0,False,145940.55233029203
2025-02-26,000001.SZ,10.51,10.64,10.51,10.56,841646,970641211.48,False,1153.2654007504343
2025-02-26,000333.SZ,61.02,62.47,61.01,62.43,404124,2820753653.57,False,6979.921146900457
2025-02-26,300750.SZ,257.6,259.03,253.33,254.77,211731,5698649749.0,False,26914.57438447842
2025-02-26,600000.SH,9.32,9.49,9.29,9.35,555367,567601088.0,False,1022.0288349865945
2025-02-26,600519.SH,1375.87,1385.38,1365.42,1380.43,26366,3835949041.0,False,145488.47155427444
2025-02-27,000001.SZ,10.57,10.67,10.5,10.66,977310,1130386662.02,False,1156.6306105739222
2025-02-27,000333.SZ,63.31,65.02,62.94,64.79,652482,4700242778.05,False,7203.635928730601
2025-02-27,300750.SZ,256.42,257.85,253.82,256.15,231851,6250587949.0,False,26959.503944343567
2025-02-27,600000.SH,9.39,9.43,9.28,9.41,379992,387232885.0,False,1019.055361691825
2025-02-27,600519.SH,1380.44,1410.32,1374.42,1405.98,49762,7368002361.0,False,148064.8358385917
2025-02-28,000001.SZ,10.62,10.72,10.54,10.57,949088,1100335054.08,False,1159.3604113422568
2025-02-28,000333.SZ,65.06,65.81,64.41,65.36,506479,3702978855.62,False,7311.218936263892
2025-02-28,300750.SZ,255.75,257.46,249.76,250.45,222655,5935077344.0,False,26655.935613392918
2025-02-28,600000.SH,9.4,9.47,9.34,9.34,446511,457102788.0,False,1023.721225232973
2025-02-28,600519.SH,1405.92,1448.8,1402.42,1421.21,56129,8475738166.0,False,151004.617327941
2025-03-03,000001.SZ,10.56,10.6,10.49,10.55,830457,955266366.31,False,1150.2899804685853
2025-03-03,000333.SZ,65.01,65.3,63.16,63.31,405918,2908667198.72,False,7165.652172901916
2025-03-03,300750.SZ,251.15,265.45,248.39,259.68,387364,10603328988.0,False,27373.036699331893
2025-03-03,600000.SH,9.36,9.39,9.25,9.32,430109,436849850.0,False,1015.6724225719527
2025-03-03,600519.SH,1423.02,1441.41,1401.92,1407.44,31596,4736679903.0,False,149913.9100835549
2025-03-04,000001.SZ,10.51,10.59,10.48,10.55,683179,785447989.45,False,1149.695745112189
2025-03-04,000333.SZ,63.59,64.78,63.59,64.28,300420,2159097771.55,False,7186.93086861727
2025-03-04,300750.SZ,256.15,257.15,248.88,249.15,268365,7115460892.0,False,26514.116565125856
2025-03-04,600000.SH,9.27,9.36,9.27,9.27,297698,301634439.0,False,1013.222927261856
2025-03-04,600519.SH,1405.42,1406.42,1385.63,1390.53,25211,3710675863.0,False,147184.79485145374
2025-03-05,000001.SZ,10.56,10.71,10.52,10.7,1080645,1254892073.93,False,1161.243585016356
2025-03-05,000333.SZ,64.21,64.46,63.51,64.06,286186,2050696435.84,False,7165.607108104519
2025-03-05,300750.SZ,249.15,250.04,244.65,247.14,208696,5438997025.0,False,26061.817308429487
2025-03-05,600000.SH,9.31,9.43,9.22,9.42,416864,424730036.0,False,1018.8695497812237
2025-03-05,600519.SH,1392.42,1394.42,1380.52,1386.79,24605,3606932152.0,False,146593.46279211543
2025-03-06,000001.SZ,10.73,10.74,10.64,10.67,877408,1021780609.28,False,1164.544441445713
2025-03-06,000333.SZ,64.22,64.28,62.73,63.45,402399,2857881527.7,False,7102.108920996324
2025-03-06,300750.SZ,248.4,251.68,247.15,250.46,250273,6601078271.0,False,26375.51102595965
2025-03-06,600000.SH,9.42,9.43,9.25,9.3,434994,441681584.0,False,1015.3739683765754
2025-03-06,600519.SH,1394.42,1430.62,1392.5,1426.4,42168,6297117400.0,False,149334.03054448872
2025-03-07,000001.SZ,10.67,10.73,10.64,10.71,835537,973236689.8,False,1164.803820536972
2025-03-07,000333.SZ,63.43,63.55,62.57,63.1,314827,2228492957.35,False,7078.468356748309
2025-03-07,300750.SZ,249.11,249.73,244.83,246.91,222871,5812794648.0,False,26081.43117767677
2025-03-07,600000.SH,9.32,9.36,9.23,9.31,370059,374991809.0,False,1013.3297906550036
2025-03-07,600519.SH,1423.42,1448.78,1423.42,1441.42,37991,5760608729.0,False,151630.87912926747
2025-03-10,000001.SZ,10.7,10.71,10.59,10.63,663834,769261385.33,False,1158.815886697578
2025-03-10,000333.SZ,63.12,63.57,62.82,63.38,273440,1937259285.9,False,7084.76918483031
2025-03-10,300750.SZ,247.95,248.01,239.76,242.65,286751,7355227161.0,False,25650.223228515333
2025-03-10,600000.SH,9.27,9.31,9.18,9.27,435945,438534236.0,False,1005.939363910585
2025-03-10,600519.SH,1440.23,1447.3,1426.56,1443.32,31369,4758789260.0,False,151703.5691287577
2025-03-11,000001.SZ,10.58,10.65,10.56,10.65,608975,704240463.95,False,1156.4357550802579
2025-03-11,000333.SZ,62.81,63.75,62.61,63.24,252825,1788427242.08,False,7073.7753073469785
2025-03-11,300750.SZ,239.22,241.65,239.2,241.35,171351,4355529582.0,False,25418.75788294203
2025-03-11,600000.SH,9.21,9.29,9.2,9.29,352082,354675247.0,False,1007.3654631591504
2025-03-11,600519.SH,1437.42,1469.1,1432.42,1469.1,39776,6094007854.0,False,153208.16205752213
2025-03-12,000001.SZ,10.64,10.91,10.6,10.89,1877318,2210904482.32,False,1177.6931144963187
2025-03-12,000333.SZ,63.29,63.29,62.41,62.41,301301,2117631624.15,False,7028.292717747369
2025-03-12,300750.SZ,242.16,242.77,237.64,240.65,199147,5058919203.0,False,25402.93955219009
2025-03-12,600000.SH,9.29,9.35,9.18,9.29,428689,433414445.0,False,1011.0230143530624
2025-03-12,600519.SH,1467.38,1470.1,1446.77,1463.0,29604,4552923644.0,False,153794.20497230103
2025-03-13,000001.SZ,10.85,10.95,10.82,10.88,1312371,1555123173.93,False,1184.972217406511
2025-03-13,000333.SZ,62.32,62.96,62.12,62.32,252622,1774959974.29,False,7026.1496397384235
2025-03-13,300750.SZ,240.15,245.35,239.15,239.37,168852,4316530458.0,False,25563.987740743374
2025-03-13,600000.SH,9.33,9.42,9.29,9.39,467144,476613669.0,False,1020.2714130974604
2025-03-13,600519.SH,1464.42,1475.92,1451.3,1458.19,25724,3966369271.0,False,154189.4445265122
2025-03-14,000001.SZ,10.86,11.04,10.86,11.01,1722418,2057970454.4,False,1194.8147629669454
2025-03-14,000333.SZ,62.34,64.41,62.13,64.18,425450,3036261982.23,False,7136.589451709954
2025-03-14,300750.SZ,239.15,251.0,238.8,248.15,351089,9148092796.0,False,26056.335561638218
2025-03-14,600000.SH,9.45,9.66,9.41,9.59,784221,815108919.0,False,1039.3867532238999
2025-03-14,600519.SH,1468.08,1548.43,1461.42,1548.43,92913,14882842708.0,False,160180.4129454436
2025-03-17,000001.SZ,10.67,10.71,10.5,10.54,4603612,5315522816.99,False,1154.641793658979
2025-03-17,000333.SZ,64.83,64.83,63.91,64.19,347333,2497780791.3,False,7191.3143620099445
2025-03-17,300750.SZ,249.25,251.62,241.89,242.15,335155,8685706367.0,False,25915.490942996523
2025-03-17,600000.SH,9.72,9.83,9.56,9.77,592514,626647199.0,False,1057.6074134957148
2025-03-17,600519.SH,1577.42,1578.41,1547.3,1558.28,54689,8985138902.0,False,164295.1763974474
2025-03-18,000001.SZ,10.56,10.58,10.52,10.53,1605290,1846500421.28,False,1150.259717110304
2025-03-18,000333.SZ,64.31,68.41,63.92,67.29,779314,5762238289.97,False,7393.9879047085005
2025-03-18,300750.SZ,244.15,246.93,241.65,243.15,225767,5817534421.0,False,25767.86873635208
2025-03-18,600000.SH,9.8,9.89,9.69,9.81,409706,436226250.0,False,1064.7299526977881
2025-03-18,600519.SH,1565.46,1572.42,1542.12,1544.42,31613,5153210436.0,False,163009.21886565653
2025-03-19,000001.SZ,10.52,10.57,10.5,10.56,1362455,1566452160.69,False,1149.7276318777501
2025-03-19,000333.SZ,69.54,70.25,67.34,68.82,1066261,8164296254.97,False,7656.93976894025
2025-03-19,300750.SZ,243.35,253.12,242.93,251.54,369541,9737109378.0,False,26349.19908210456
2025-03-19,600000.SH,9.76,9.85,9.73,9.82,346048,367827209.0,False,1062.9369596125393
2025-03-19,600519.SH,1544.71,1568.42,1543.42,1556.13,27390,4477128770.0,False,163458.51661190216
2025-03-20,000001.SZ,10.55,10.65,10.53,10.53,1101157,1268849139.57,False,1152.287221141036
2025-03-20,000333.SZ,68.71,69.16,67.41,67.48,585693,4434498828.15,False,7571.370714947933
2025-03-20,300750.SZ,251.54,252.65,247.17,248.3,144247,3794188019.0,False,26303.41025463268
2025-03-20,600000.SH,9.81,9.86,9.77,9.83,295485,314685882.0,False,1064.9809025838874
2025-03-20,600519.SH,1556.13,1558.02,1515.49,1524.42,36737,5903879207.0,False,160706.62294144867
2025-03-21,000001.SZ,10.53,10.56,10.43,10.46,1376389,1576151833.21,False,1145.135447326301
2025-03-21,000333.SZ,67.08,68.74,67.08,67.59,384528,2903191224.54,False,7550.0125466546
2025-03-21,300750.SZ,248.83,250.68,241.82,242.15,194320,5026360931.0,False,25866.410719431864
2025-03-21,600000.SH,9.8,9.89,9.58,9.64,563442,594649834.0,False,1055.3878376123896
2025-03-21,600519.SH,1519.42,1532.62,1489.25,1494.17,33614,5324973190.0,False,158415.33854941392
2025-03-24,000001.SZ,10.45,10.48,10.38,10.42,1164577,1325564001.84,False,1138.236459967868
2025-03-24,000333.SZ,67.19,68.81,67.13,68.37,387348,2945134162.1,False,7603.328691770707
2025-03-24,300750.SZ,243.85,245.13,242.43,244.31,167302,4311680872.0,False,25771.84296661128
2025-03-24,600000.SH,9.59,9.8,9.59,9.78,464497,489527179.0,False,1053.8866322064512
2025-03-24,600519.SH,1490.42,1510.08,1482.8,1503.42,25566,4032223482.0,False,157718.1992490026
2025-03-25,000001.SZ,10.42,10.47,10.4,10.47,735609,839142044.46,False,1140.744667968989
2025-03-25,000333.SZ,69.12,69.81,68.68,69.17,324186,2493718323.27,False,7692.245572819307
2025-03-25,300750.SZ,243.86,246.15,241.44,245.63,127858,3303477319.0,False,25837.07956482973
2025-03-25,600000.SH,9.82,9.86,9.67,9.78,378754,401332739.0,False,1059.6132027648553
2025-03-25,600519.SH,1508.42,1513.22,1487.08,1495.92,17674,2783286813.0,False,157479.1678737128
2025-03-26,000001.SZ,10.46,10.47,10.41,10.42,740863,843536936.19,False,1138.5869400820395
2025-03-26,000333.SZ,68.78,69.71,68.18,69.1,237069,1814277210.53,False,7652.950029442904
2025-03-26,300750.SZ,245.55,248.85,242.85,243.07,129046,3336108307.0,False,25852.086132076933
2025-03-26,600000.SH,9.77,9.78,9.62,9.64,366610,385049554.0,False,1050.297465972014
2025-03-26,600519.SH,1493.19,1503.0,1491.42,1496.42,14324,2257639750.0,False,157612.38131806758
2025-03-27,000001.SZ,10.41,10.45,10.39,10.43,553349,629863382.77,False,1138.2750899884159
2025-03-27,000333.SZ,69.1,69.81,68.63,68.81,257215,1974042919.39,False,7674.680401181891
2025-03-27,300750.SZ,242.34,248.95,240.4,245.03,141792,3675726420.0,False,25923.369583615437
2025-03-27,600000.SH,9.67,9.83,9.64,9.72,425087,449288519.0,False,1056.9330960485736
2025-03-27,600519.SH,1496.42,1518.67,1493.8,1509.42,17956,2848889210.0,False,158659.4570060147
2025-03-28,000001.SZ,10.43,10.44,10.38,10.39,644946,732420873.55,False,1135.631314172039
2025-03-28,000333.SZ,68.52,69.49,67.99,69.18,249114,1909917933.77,False,7666.843026766862
2025-03-28,300750.SZ,242.26,245.03,241.95,242.95,112421,2888588257.0,False,25694.383229111998
2025-03-28,600000.SH,9.7,9.74,9.58,9.61,365729,382165241.0,False,1044.9410383097868
2025-03-28,600519.SH,1511.35,1513.42,1496.42,1505.63,16228,2569470015.0,False,158335.5937268918
2025-03-31,000001.SZ,10.4,10.42,10.3,10.3,1116126,1262598263.31,False,1131.2327311701367
2025-03-31,000333.SZ,69.21,72.81,69.21,70.81,689684,5458996643.24,False,7915.2142767412315
2025-03-31,300750.SZ,242.21,244.13,238.27,239.09,194634,4951863265.0,False,25441.923122373275
2025-03-31,600000.SH,9.64,9.8,9.52,9.6,493607,518371937.0,False,1050.171365073834
2025-03-31,600519.SH,1501.4,1507.38,1480.48,1481.42,21085,3311857714.0,False,157071.74360920084
2025-04-01,000001.SZ,10.31,10.34,10.26,10.31,681470,767424131.4,False,1126.1304700133535
2025-04-01,000333.SZ,70.41,71.09,67.51,67.7,551817,4204786522.69,False,7619.893049126794
2025-04-01,300750.SZ,239.09,240.65,234.73,235.21,194162,4862442756.0,False,25043.225533317538
2025-04-01,600000.SH,9.6,9.63,9.39,9.52,639203,659250550.0,False,1031.3633540518426
2025-04-01,600519.SH,1484.42,1490.31,1472.63,1476.44,18556,2893739955.0,False,155946.3222138392
2025-04-02,000001.SZ,10.29,10.45,10.29,10.41,932642,1058747240.7,False,1135.2129120284096
2025-04-02,000333.SZ,67.66,69.1,67.5,68.27,268536,2036925144.22,False,7585.29636331814
2025-04-02,300750.SZ,236.35,238.61,233.71,235.29,137321,3433096886.0,False,25000.523488759914
2025-04-02,600000.SH,9.46,9.73,9.46,9.63,456257,477144593.0,False,1045.7803233703812
2025-04-02,600519.SH,1478.42,1488.22,1465.92,1469.44,21674,3371883024.0,False,155572.7149580142
2025-04-03,000001.SZ,10.35,10.43,10.34,10.38,643914,730375807.93,False,1134.2753969163582
2025-04-03,000333.SZ,66.91,67.14,65.46,65.67,565989,4179850012.12,False,7385.0375398108445
2025-04-03,300750.SZ,231.15,233.85,228.7,229.23,232816,5693962717.0,False,24456.921848154765
2025-04-03,600000.SH,9.46,9.67,9.46,9.65,369193,384886880.0,False,1042.5086066095512
2025-04-03,600519.SH,1450.42,1506.42,1449.43,1489.3,35481,5557442052.0,False,156631.49437727235
2025-04-07,000001.SZ,10.04,10.09,9.52,9.74,2545560,2751055412.06,False,1080.7269960480207
2025-04-07,000333.SZ,60.53,61.78,58.33,59.49,880897,5986991841.18,False,6796.472051987917
2025-04-07,300750.SZ,212.24,216.15,195.26,201.37,723646,15811389636.0,False,21849.619338737448
2025-04-07,600000.SH,9.44,9.45,8.63,8.82,1423996,1395103302.0,False,979.7101269947387
2025-04-07,600519.SH,1440.43,1457.27,1382.42,1420.42,101953,15314738235.0,False,150213.70862063894
2025-04-08,000001.SZ,9.72,9.89,9.7,9.86,1463988,1576590039.86,False,1076.9145921004815
2025-04-08,000333.SZ,60.31,62.81,60.1,62.54,744733,5151771417.98,False,6917.608616752581
2025-04-08,300750.SZ,206.1,211.15,202.55,205.2,476594,10471952816.0,False,21972.481432833818
2025-04-08,600000.SH,8.94,9.46,8.92,9.37,1494229,1501459278.0,False,1004.8388018168567
2025-04-08,600519.SH,1433.42,1465.42,1415.42,1465.42,73876,11226977557.0,False,151970.56631382316
2025-04-09,000001.SZ,9.77,9.87,9.7,9.84,1064394,1145238957.67,False,1075.9539772584212
2025-04-09,000333.SZ,61.5,62.81,60.73,61.98,578840,4027838482.32,False,6958.46603952733
2025-04-09,300750.SZ,199.07,204.9,196.24,197.54,536023,11459705354.0,False,21379.129914201443
2025-04-09,600000.SH,9.36,9.36,9.03,9.18,997146,997750443.0,False,1000.6061730177928
2025-04-09,600519.SH,1445.44,1477.22,1440.97,1461.46,55630,8562928225.0,False,153926.44661154054
2025-04-10,000001.SZ,9.9,9.97,9.86,9.94,866548,943352301.94,False,1088.6324842247632
2025-04-10,000333.SZ,62.91,63.9,62.44,63.4,450849,3199356699.56,False,7096.293214712687
2025-04-10,300750.SZ,207.15,208.94,201.61,204.13,372741,8168675412.0,False,21915.151303451996
2025-04-10,600000.SH,9.35,9.35,9.08,9.17,781081,781663686.0,False,1000.745999454602
2025-04-10,600519.SH,1471.41,1475.42,1448.42,1469.42,38620,5963650791.0,False,154418.71545831175
2025-04-11,000001.SZ,9.91,9.94,9.87,9.93,583879,634311779.86,False,1086.3753960323972
2025-04-11,000333.SZ,62.83,63.05,61.94,62.8,295626,2075657472.18,False,7021.227741064724
2025-04-11,300750.SZ,202.15,211.7,200.85,210.15,302991,6696905324.0,False,22102.654283460564
2025-04-11,600000.SH,9.23,9.29,9.09,9.24,562462,564930748.0,False,1004.3891818469515
2025-04-11,600519.SH,1500.39,1500.39,1465.42,1489.4,32634,5087359924.0,False,155891.39927682784
2025-04-14,000001.SZ,9.99,10.08,9.96,9.97,785993,862557143.66,False,1097.4107195102247
2025-04-14,000333.SZ,63.03,63.21,62.02,62.23,348835,2447104070.35,False,7015.0760971519485
2025-04-14,300750.SZ,213.3,214.15,208.83,210.15,206965,4642121045.0,False,22429.497958592034
2025-04-14,600000.SH,9.21,9.39,9.17,9.35,621542,629562548.0,False,1012.9042735647793
2025-04-14,600519.SH,1481.39,1486.42,1471.95,1472.41,21711,3379425640.0,False,155654.99700612592
2025-04-15,000001.SZ,9.96,10.01,9.94,9.99,722754,790139077.1,False,1093.2337657072808
2025-04-15,000333.SZ,62.41,64.14,62.0,63.79,343667,2441442777.27,False,7104.094304282925
2025-04-15,300750.SZ,212.15,216.6,211.27,214.3,266865,6087451729.0,False,22810.978318625523
2025-04-15,600000.SH,9.35,9.65,9.34,9.64,685563,712990091.0,False,1040.0066675126866
2025-04-15,600519.SH,1472.42,1485.42,1465.42,1478.42,21489,3339942729.0,False,155425.69356414909
2025-04-16,000001.SZ,9.97,10.05,9.95,10.04,842822,923316062.54,False,1095.5054122222723
2025-04-16,000333.SZ,63.5,63.79,62.68,63.31,266729,1890971340.38,False,7089.485359222283
2025-04-16,300750.SZ,213.15,213.33,207.7,211.04,216551,4838764472.0,False,22344.68772714049
2025-04-16,600000.SH,9.62,9.77,9.52,9.77,740945,777378645.0,False,1049.1718616091612
2025-04-16,600519.SH,1472.42,1496.42,1457.42,1479.59,31156,4834880596.0,False,155182.96944408782
2025-04-17,000001.SZ,9.99,10.12,9.97,10.1,823919,907597513.1,False,1101.5615771696005
2025-04-17,000333.SZ,63.05,63.48,62.65,63.26,195913,1388823325.31,False,7088.979931449164
2025-04-17,300750.SZ,209.15,213.48,208.37,212.15,157377,3551280611.0,False,22565.435934094563
2025-04-17,600000.SH,9.77,9.92,9.6,9.92,704203,748750237.0,False,1063.2590843833384
2025-04-17,600519.SH,1474.42,1496.92,1470.41,1490.42,23846,3733924973.0,False,156584.9607061981
2025-04-18,000001.SZ,10.08,10.23,10.07,10.22,727098,810031605.1,False,1114.0611101942243
2025-04-18,000333.SZ,63.26,63.64,62.78,63.23,154484,1094653675.89,False,7085.870872647006
2025-04-18,300750.SZ,211.36,212.65,209.81,211.61,115128,2588857714.0,False,22486.777447710374
2025-04-18,600000.SH,9.87,10.04,9.83,9.98,480242,518493334.0,False,1079.6501222300424
2025-04-18,600519.SH,1486.42,1495.42,1476.42,1486.36,20298,3179974340.0,False,156664.417183959
2025-04-21,000001.SZ,10.04,10.17,10.01,10.06,1114184,1230804536.03,False,1104.66900981346
2025-04-21,000333.SZ,63.09,63.92,62.81,63.7,177514,1262930781.77,False,7114.541848924592
2025-04-21,300750.SZ,211.61,221.15,210.33,217.51,220082,5088523082.0,False,23121.032533328485
2025-04-21,600000.SH,9.95,10.05,9.73,9.74,500535,533248958.0,False,1065.3579829582347
2025-04-21,600519.SH,1485.92,1485.92,1471.42,1471.42,18057,2808158177.0,False,155516.31926676634
2025-04-22,000001.SZ,10.06,10.1,10.02,10.08,831129,915967678.28,False,1102.076426499376
2025-04-22,000333.SZ,63.61,64.54,63.52,64.03,226155,1626765493.26,False,7193.144052795649
2025-04-22,300750.SZ,220.69,221.85,217.89,221.38,169354,3885729764.0,False,22944.42271218867
2025-04-22,600000.SH,9.73,9.91,9.72,9.88,460472,491852201.0,False,1068.1479025869107
2025-04-22,600519.SH,1470.42,1476.72,1463.63,1469.22,18432,2857525967.0,False,155030.7056749132
2025-04-23,000001.SZ,10.08,10.09,10.01,10.05,586383,645842400.13,False,1101.4002795613105
2025-04-23,000333.SZ,64.41,64.73,64.11,64.16,225869,1627423196.76,False,7205.164040926377
2025-04-23,300750.SZ,225.69,229.44,223.69,224.04,191980,4507058716.0,False,23476.70963642046
2025-04-23,600000.SH,9.88,9.92,9.75,9.84,339927,362271178.0,False,1065.7322836962053
2025-04-23,600519.SH,1479.42,1479.64,1465.42,1472.42,18669,2895468892.0,False,155095.018051315
2025-04-24,000001.SZ,10.04,10.1,10.03,10.07,689256,760348555.36,False,1103.1439049641933
2025-04-24,000333.SZ,64.71,65.5,64.27,65.26,231808,1684714693.45,False,7267.7159263269605
2025-04-24,300750.SZ,225.19,229.35,222.94,227.56,181554,4297351278.0,False,23669.824283684193
2025-04-24,600000.SH,9.86,10.02,9.84,9.91,397542,428435900.0,False,1077.7122920345523
2025-04-24,600519.SH,1472.42,1481.1,1469.4,1472.67,14872,2313372072.0,False,155552.18343195267
2025-04-25,000001.SZ,10.08,10.09,10.03,10.05,637547,702315255.47,False,1101.589773726486
2025-04-25,000333.SZ,65.26,65.31,64.69,65.06,170972,1244078507.67,False,7276.50438475306
2025-04-25,300750.SZ,227.89,228.61,225.78,227.29,127620,3016796564.0,False,23638.901144021314
2025-04-25,600000.SH,9.92,9.97,9.74,9.76,454472,483223746.0,False,1063.2640646728512
2025-04-25,600519.SH,1477.52,1481.62,1470.42,1470.42,14765,2295029705.0,False,155437.16254656282
2025-04-28,000001.SZ,10.04,10.08,10.0,10.04,642018,706520175.92,False,1100.4678621471671
2025-04-28,000333.SZ,65.7,65.89,65.11,65.54,239660,1755320152.2,False,7324.209931569724
2025-04-28,300750.SZ,228.94,228.95,223.89,225.54,143124,3357178149.0,False,23456.430430954977
2025-04-28,600000.SH,9.77,9.91,9.76,9.91,483822,517574620.0,False,1069.7624746290992
2025-04-28,600519.SH,1472.42,1475.42,1467.02,1470.42,14660,2274252465.0,False,155133.18315143246
2025-04-29,000001.SZ,10.04,10.06,9.99,10.02,649045,712792543.41,False,1098.2174478040813
2025-04-29,000333.SZ,65.57,66.68,65.17,66.51,234974,1733740167.94,False,7378.434073301727
2025-04-29,300750.SZ,224.69,225.49,221.41,222.72,167424,3892978723.0,False,23252.214276328363
2025-04-29,600000.SH,9.83,10.04,9.82,10.0,521127,562869896.0,False,1080.1011960616127
2025-04-29,600519.SH,1470.42,1472.96,1452.44,1464.42,18922,2917422938.0,False,154181.531444879
2025-04-30,000001.SZ,10.0,10.01,9.93,9.95,869835,949911030.4,False,1092.0588736944362
2025-04-30,000333.SZ,67.31,67.43,65.76,65.93,478100,3548715614.68,False,7422.538411796695
2025-04-30,300750.SZ,223.74,225.07,222.19,222.19,156328,3635403837.0,False,23254.975672944067
2025-04-30,600000.SH,9.99,10.2,9.77,10.13,928380,1011035959.0,False,1089.0324640772099
2025-04-30,600519.SH,1470.41,1487.08,1466.72,1467.42,25754,4005439429.0,False,155526.88627009396
2025-05-06,000001.SZ,9.96,10.04,9.93,10.0,854671,935212114.49,False,1094.2363956305994
2025-05-06,000333.SZ,66.54,66.69,65.41,66.36,346412,2556249632.39,False,7379.217903507962
2025-05-06,300750.SZ,224.6,226.99,221.89,222.32,196877,4591289270.0,False,23320.59747964465
2025-05-06,600000.SH,10.17,10.36,9.97,10.34,972646,1076041107.0,False,1106.3029169913823
2025-05-06,600519.SH,1479.42,1479.42,1464.75,1470.62,18300,2838614215.0,False,155115.53087431693
2025-05-07,000001.SZ,10.05,10.08,10.01,10.07,1126270,1240098147.39,False,1101.0664826284994
2025-05-07,000333.SZ,67.08,67.49,66.31,66.67,300281,2239595605.11,False,7458.332712059704
2025-05-07,300750.SZ,227.14,231.57,226.77,229.3,312810,7444719326.0,False,23799.492746395576
2025-05-07,600000.SH,10.53,10.55,10.25,10.54,719161,811933127.0,False,1129.0004978023003
2025-05-07,600519.SH,1490.42,1490.42,1470.62,1475.42,27462,4275142569.0,False,155674.84411186367
2025-05-08,000001.SZ,10.04,10.12,10.03,10.12,1056614,1167913497.88,False,1105.3360052772348
2025-05-08,000333.SZ,66.66,67.95,66.19,67.31,277076,2081094568.81,False,7510.916025963995
2025-05-08,300750.SZ,230.18,239.37,228.67,235.26,312856,7666995082.0,False,24506.46649576802
2025-05-08,600000.SH,10.52,10.86,10.5,10.8,775985,899909970.0,False,1159.7002132773184
2025-05-08,600519.SH,1473.42,1513.2,1470.25,1498.61,33481,5265446444.0,False,157266.70183088916
2025-05-09,000001.SZ,10.11,10.21,10.1,10.19,999897,1113688152.8,False,1113.802874496073
2025-05-09,000333.SZ,67.3,68.34,67.02,68.11,245639,1861536387.72,False,7578.342151368472
2025-05-09,300750.SZ,236.76,240.46,235.34,238.96,236933,5858468263.0,False,24726.265496997043
2025-05-09,600000.SH,10.82,11.05,10.79,10.97,821481,967087778.0,False,1177.2491122740514
2025-05-09,600519.SH,1499.41,1517.87,1495.47,1511.6,23672,3757574546.0,False,158734.9842007435
2025-05-12,000001.SZ,10.2,10.26,10.17,10.2,895605,1000478411.18,False,1117.097840208574
2025-05-12,000333.SZ,68.41,69.05,68.21,68.89,272239,2078979154.03,False,7636.595616462006
2025-05-12,300750.SZ,245.69,248.68,243.69,247.69,302315,7731591601.0,False,25574.621176587334
2025-05-12,600000.SH,11.0,11.15,10.82,10.88,1064366,1258603166.0,False,1182.4909532998988
2025-05-12,600519.SH,1518.42,1539.35,1517.03,1524.92,24735,3967785800.0,False,160411.7970487164
2025-05-13,000001.SZ,10.23,10.37,10.19,10.33,1261031,1420501315.06,False,1126.4602654970417
2025-05-13,000333.SZ,69.31,69.51,68.75,69.42,255278,1963341232.61,False,7690.992692711475
2025-05-13,300750.SZ,252.69,252.69,245.71,249.46,204806,5281511474.0,False,25787.874739997853
2025-05-13,600000.SH,10.9,11.32,10.84,11.25,850380,1017847179.0,False,1196.9321703238552
2025-05-13,600519.SH,1529.34,1529.34,1505.53,1510.72,21258,3386617848.0,False,159310.27603725655
2025-05-14,000001.SZ,10.33,10.51,10.29,10.47,1683514,1912995432.64,False,1136.3109737370762
2025-05-14,000333.SZ,69.21,69.86,68.44,69.4,292496,2248759305.82,False,7688.171140186533
2025-05-14,300750.SZ,249.46,255.15,246.7,253.29,231463,6020688165.0,False,26011.449626938214
2025-05-14,600000.SH,11.16,11.36,11.13,11.32,721834,873575368.0,False,1210.2164320328498
2025-05-14,600519.SH,1510.42,1565.42,1508.6,1555.41,39460,6394735058.0,False,162056.13426254434
2025-05-15,000001.SZ,10.47,10.54,10.42,10.43,1035460,1183732832.12,False,1143.1951327139627
2025-05-15,000333.SZ,68.97,69.38,68.63,68.81,204902,1571335905.53,False,7668.71921957814
2025-05-15,300750.SZ,253.31,253.56,250.29,250.87,141119,3685574613.0,False,26116.78521673198
2025-05-15,600000.SH,11.34,11.52,11.26,11.46,649899,796202036.0,False,1225.1165734983435
2025-05-15,600519.SH,1555.22,1564.01,1544.55,1552.43,24733,4043402636.0,False,163482.09420612137
2025-05-16,000001.SZ,10.41,10.47,10.35,10.42,914744,1039223622.85,False,1136.0813767021157
2025-05-16,000333.SZ,68.52,69.15,67.88,68.91,238660,1819974355.58,False,7625.8038866169445
2025-05-16,300750.SZ,249.83,252.42,248.42,250.05,189001,4904611047.0,False,25950.185697430174
2025-05-16,600000.SH,11.48,11.55,11.22,11.27,610497,742473908.0,False,1216.1794537892897
2025-05-16,600519.SH,1554.41,1557.41,1534.55,1534.55,22935,3714508659.0,False,161958.08410725964
2025-05-19,000001.SZ,10.44,10.51,10.4,10.41,831391,949883545.33,False,1142.523247581463
2025-05-19,000333.SZ,68.75,70.03,68.6,69.89,263086,2031022753.95,False,7719.995567799123
2025-05-19,300750.SZ,251.19,251.23,247.96,250.69,169740,4399897902.0,False,25921.39685401202
2025-05-19,600000.SH,11.37,11.42,11.14,11.17,631374,762689367.0,False,1207.9834883919832
2025-05-19,600519.SH,1516.42,1520.42,1494.3,1499.4,38063,6021950010.0,False,158210.0730368074
2025-05-20,000001.SZ,10.44,10.51,10.41,10.43,643635,734455265.82,False,1141.1052317229487
2025-05-20,000333.SZ,69.84,71.41,69.79,70.98,277995,2184604654.84,False,7858.431464019138
2025-05-20,300750.SZ,255.13,256.19,245.89,253.69,346424,9053425367.0,False,26133.943857815855
2025-05-20,600000.SH,11.19,11.51,11.18,11.44,800135,976894439.0,False,1220.9120198466508
2025-05-20,600519.SH,1500.42,1515.22,1495.52,1506.42,19522,3095742637.0,False,158577.1251408667
2025-05-21,000001.SZ,10.44,10.63,10.43,10.52,1328278,1528350367.92,False,1150.6253720380826
2025-05-21,000333.SZ,70.81,71.75,70.78,71.11,205438,1619842976.4,False,7884.826450802676
2025-05-21,300750.SZ,257.68,270.68,256.49,264.77,565245,15470587405.0,False,27369.702350308275
2025-05-21,600000.SH,11.44,11.59,11.37,11.44,416721,513339136.0,False,1231.853292730628
2025-05-21,600519.SH,1505.42,1516.36,1501.39,1501.39,19795,3143941416.0,False,158825.02733013386
2025-05-22,000001.SZ,10.49,10.6,10.48,10.59,1002968,1155265063.51,False,1151.8463834439383
2025-05-22,000333.SZ,71.04,71.87,70.62,71.67,234034,1850376659.39,False,7906.443761974756
2025-05-22,300750.SZ,268.49,268.63,258.96,261.06,276081,7470701466.0,False,27059.817466613058
2025-05-22,600000.SH,11.39,11.7,11.36,11.6,638951,792331667.0,False,1240.0507503705292
2025-05-22,600519.SH,1501.41,1505.41,1490.52,1500.42,15090,2381236586.0,False,157802.29198144466
2025-05-23,000001.SZ,10.59,10.64,10.47,10.5,962643,1108636100.57,False,1151.6586113128126
2025-05-23,000333.SZ,71.67,72.79,71.03,71.2,299746,2385953117.72,False,7959.916454998564
2025-05-23,300750.SZ,261.7,264.69,257.64,257.68,230004,6218224096.0,False,27035.286760230258
2025-05-23,600000.SH,11.56,11.65,11.39,11.4,579616,712934903.0,False,1230.0124616987798
2025-05-23,600519.SH,1495.62,1508.32,1492.08,1493.02,21537,3399424961.0,False,157841.15526767887
2025-05-26,000001.SZ,10.48,10.54,10.44,10.46,699159,800495684.57,False,1144.9408282951374
2025-05-26,000333.SZ,71.03,71.5,69.92,70.58,241689,1893696279.01,False,7835.260516655702
2025-05-26,300750.SZ,255.69,257.07,243.59,246.59,330122,8477228630.0,False,25679.078128691817
2025-05-26,600000.SH,11.36,11.42,11.16,11.22,863758,1043951444.0,False,1208.6156585525111
2025-05-26,600519.SH,1490.42,1495.05,1465.42,1470.92,27087,4212944430.0,False,155533.81437589988
2025-05-27,000001.SZ,10.49,10.58,10.46,10.53,801915,921912281.33,False,1149.638404731175
2025-05-27,000333.SZ,70.51,71.2,70.33,70.79,206449,1620472096.75,False,7849.261060843114
2025-05-27,300750.SZ,246.58,247.9,243.08,244.68,176680,4491281265.0,False,25420.42826013131
2025-05-27,600000.SH,11.28,11.42,11.22,11.36,511701,622457334.0,False,1216.4473667239267
2025-05-27,600519.SH,1471.42,1479.02,1463.93,1464.32,17752,2748945675.0,False,154852.73067823343
2025-05-28,000001.SZ,10.54,10.59,10.48,10.57,658179,757571318.99,False,1151.0110759990823
2025-05-28,000333.SZ,71.29,72.41,71.01,71.63,240449,1911343091.95,False,7949.058186767256
2025-05-28,300750.SZ,246.3,248.96,244.01,244.29,154563,3946773465.0,False,25535.04697113798
2025-05-28,600000.SH,11.37,11.5,11.3,11.39,457632,559946076.0,False,1223.5728183343822
2025-05-28,600519.SH,1464.41,1466.88,1453.42,1457.42,16266,2504624605.0,False,153979.13469814337
2025-05-29,000001.SZ,10.56,10.59,10.49,10.5,919807,1056726384.22,False,1148.8566451657794
2025-05-29,000333.SZ,71.38,71.8,70.67,71.29,251677,1988440748.21,False,7900.764663477394
2025-05-29,300750.SZ,243.69,244.67,239.69,242.54,217883,5487937547.0,False,25187.543530243296
2025-05-29,600000.SH,11.38,11.44,11.34,11.34,396041,483788796.0,False,1221.5624038925264
2025-05-29,600519.SH,1460.42,1475.42,1452.42,1460.42,21860,3375465796.0,False,154412.89094236048
2025-05-30,000001.SZ,10.51,10.62,10.48,10.6,1130849,1303433716.38,False,1152.615173537758
2025-05-30,000333.SZ,71.05,71.82,70.61,71.37,215733,1703126097.38,False,7894.601648241113
2025-05-30,300750.SZ,241.59,243.34,238.16,240.69,204337,5107325147.0,False,24994.61745547796
2025-05-30,600000.SH,11.37,11.58,11.34,11.5,741739,912668310.0,False,1230.4440106290758
2025-05-30,600519.SH,1460.57,1465.42,1435.66,1442.42,31239,4764875947.0,False,152529.72076570953
2025-06-03,000001.SZ,10.58,10.95,10.57,10.85,2192480,2580962600.64,False,1177.1886633583886
2025-06-03,000333.SZ,71.36,71.36,67.98,68.22,561908,4293054876.96,False,7640.138380233063
2025-06-03,300750.SZ,242.69,244.59,241.13,241.84,158412,3989341996.0,False,25183.332045552106
2025-06-03,600000.SH,11.48,11.74,11.4,11.71,834353,1038149397.0,False,1244.256803774901
2025-06-03,600519.SH,1428.43,1439.42,1425.44,1429.42,28979,4377892799.0,False,151071.21705372856
2025-06-04,000001.SZ,10.86,10.92,10.82,10.88,1167960,1383019682.25,False,1184.1327461985
2025-06-04,000333.SZ,68.09,68.89,67.81,67.87,367554,2790934593.46,False,7593.264101220501
2025-06-04,300750.SZ,243.19,244.29,241.39,241.74,130402,3285855858.0,False,25197.89464885508
2025-06-04,600000.SH,11.65,11.7,11.5,11.55,546851,677861305.0,False,1239.5722143691792
2025-06-04,600519.SH,1430.92,1443.42,1429.64,1430.38,23008,3480363797.0,False,151267.55028685674
2025-06-05,000001.SZ,10.92,10.95,10.7,10.71,1166803,1369212336.43,False,1173.4734453288174
2025-06-05,000333.SZ,67.75,68.21,67.36,67.56,235803,1776718062.87,False,7534.755973715347
2025-06-05,300750.SZ,242.05,243.13,238.96,242.19,135259,3386751734.0,False,25039.012073133767
2025-06-05,600000.SH,11.59,11.62,11.45,11.49,370145,456671680.0,False,1233.7642815653326
2025-06-05,600519.SH,1434.42,1436.42,1422.62,1434.42,23214,3504925524.0,False,150983.26544326698
2025-06-06,000001.SZ,10.74,10.83,10.72,10.74,682353,799900023.53,False,1172.2671748054158
2025-06-06,000333.SZ,67.68,68.14,67.41,68.01,275559,2081019011.11,False,7551.9907210796955
2025-06-06,300750.SZ,242.69,244.02,239.19,239.57,165515,4138221069.0,False,25002.09086185542
2025-06-06,600000.SH,11.5,11.56,11.38,11.49,432402,531488384.0,False,1229.1533896697981
2025-06-06,600519.SH,1434.22,1439.39,1423.42,1426.81,25023,3777727616.0,False,150970.21204491868
2025-06-09,000001.SZ,10.77,10.79,10.69,10.75,773255,905092604.93,False,1170.496931710755
2025-06-09,000333.SZ,67.56,67.89,66.38,67.71,466956,3500234347.93,False,7495.854744194314
2025-06-09,300750.SZ,239.57,241.57,236.19,236.27,185498,4593124638.0,False,24761.046685139463
2025-06-09,600000.SH,11.48,11.51,11.27,11.48,565781,691788949.0,False,1222.715059360424
2025-06-09,600519.SH,1425.44,1429.12,1406.1,1406.53,44959,6723839138.0,False,149554.90865010343
2025-06-10,000001.SZ,10.76,10.93,10.75,10.85,1428132,1689018780.13,False,1182.6769375169804
2025-06-10,000333.SZ,67.94,68.81,67.36,67.36,321074,2433498302.1,False,7579.244355195376
2025-06-10,300750.SZ,235.69,237.55,232.91,233.83,139325,3406606343.0,False,24450.7901884084
2025-06-10,600000.SH,11.45,11.62,11.43,11.53,498797,616254416.0,False,1235.481400248999
2025-06-10,600519.SH,1406.42,1412.42,1395.22,1395.43,30492,4511934584.0,False,147971.0935327299
2025-06-11,000001.SZ,10.86,10.97,10.83,10.89,1094667,1298656315.35,False,1186.3482824913876
2025-06-11,000333.SZ,67.51,68.11,67.14,67.8,263083,1986827773.76,False,7552.094866487002
2025-06-11,300750.SZ,236.78,243.13,235.49,241.19,279934,7006354612.0,False,25028.59464016518
2025-06-11,600000.SH,11.53,11.59,11.41,11.52,441141,544126475.0,False,1233.4525129153717
2025-06-11,600519.SH,1397.22,1414.42,1396.52,1400.42,30893,4585522755.0,False,148432.42012753699
2025-06-12,000001.SZ,10.96,11.1,10.92,11.08,1290220,1500287176.22,False,1162.8150053634265
2025-06-12,000333.SZ,68.3,68.47,67.32,67.99,347029,2510413457.64,False,7234.016343417985
2025-06-12,300750.SZ,242.69,243.19,239.46,240.5,175696,4386403720.0,False,24965.871277661416
2025-06-12,600000.SH,11.52,11.67,11.4,11.63,476767,592474539.0,False,1242.692004689922
2025-06-12,600519.SH,1400.42,1404.29,1374.52,1379.42,49904,7306800800.0,False,146417.13690285347
2025-06-13,000001.SZ,11.08,11.14,10.96,10.98,1095494,1272773100.57,False,1161.8257156771283
2025-06-13,000333.SZ,67.39,67.95,66.79,67.27,300452,2148718105.13,False,7151.618578441815
2025-06-13,300750.SZ,238.79,241.1,237.06,238.89,174032,4322411795.0,False,24836.87939574331
2025-06-13,600000.SH,11.67,11.72,11.45,11.51,618449,764861363.0,False,1236.7412074399022
2025-06-13,600519.SH,1364.83,1370.39,1345.48,1347.37,59113,8466515559.0,False,143225.94960499383
2025-06-16,000001.SZ,10.97,11.19,10.93,11.19,1174438,1371041708.41,False,1167.4023732287274
2025-06-16,000333.SZ,67.39,67.59,66.64,67.05,250205,1784037773.89,False,7130.304246078216
2025-06-16,300750.SZ,238.69,239.39,236.49,237.35,122176,3013514215.0,False,24665.35338364327
2025-06-16,600000.SH,11.51,11.77,11.38,11.75,510854,635504882.0,False,1244.0049055111638
2025-06-16,600519.SH,1321.62,1345.46,1321.6,1342.71,42888,6060448438.0,False,141308.72127401605
2025-06-17,000001.SZ,11.19,11.28,11.11,11.16,890027,1048960748.8,False,1178.5718284950906
2025-06-17,000333.SZ,67.59,68.87,67.59,67.85,326395,2362020250.18,False,7236.692505032246
2025-06-17,300750.SZ,237.65,239.12,235.91,236.95,97650,2407928749.0,False,24658.76855094726
2025-06-17,600000.SH,11.75,11.82,11.62,11.71,373698,468354086.0,False,1253.2956719061917
2025-06-17,600519.SH,1340.42,1347.42,1332.6,1347.42,27232,3868364671.0,False,142052.16917596944
2025-06-18,000001.SZ,11.18,11.21,11.06,11.17,683521,802908097.73,False,1174.66485701244
2025-06-18,000333.SZ,67.98,68.43,67.81,67.89,175288,1265648158.88,False,7220.392490529872
2025-06-18,300750.SZ,237.67,240.27,236.26,236.26,104606,2586543839.0,False,24726.5342236583
2025-06-18,600000.SH,11.73,12.0,11.68,11.95,698540,890776692.0,False,1275.197829759212
2025-06-18,600519.SH,1360.42,1363.86,1341.43,1345.42,30761,4404131364.0,False,143172.56799193783
2025-06-19,000001.SZ,11.16,11.18,11.05,11.1,832247,974127330.84,False,1170.4786329539188
2025-06-19,000333.SZ,67.99,68.2,66.92,67.12,211253,1512893147.78,False,7161.522666092315
2025-06-19,300750.SZ,235.99,236.85,232.29,232.79,147985,3604508604.0,False,24357.25650572693
2025-06-19,600000.SH,11.95,12.01,11.81,11.91,437681,557599593.0,False,1273.9862891009661
2025-06-19,600519.SH,1346.42,1354.09,1337.6,1346.42,24501,3490268568.0,False,142454.1270968532
2025-06-20,000001.SZ,11.1,11.26,11.07,11.24,1309198,1544541881.0,False,1179.7618702442257
2025-06-20,000333.SZ,67.14,68.17,67.05,68.17,229864,1655767156.06,False,7203.246946281279
2025-06-20,300750.SZ,231.75,233.81,230.19,230.95,136883,3293985956.0,False,24064.24432544582
2025-06-20,600000.SH,11.95,12.19,11.9,12.19,697934,903428591.0,False,1294.4326985073087
2025-06-20,600519.SH,1344.0,1361.56,1340.62,1349.08,34816,4990683314.0,False,143344.53452435663
2025-06-23,000001.SZ,11.21,11.37,11.07,11.33,1389170,1646476917.07,False,1185.2234910558102
2025-06-23,000333.SZ,67.79,68.12,67.25,67.51,210545,1510951196.45,False,7176.381279298962
2025-06-23,300750.SZ,229.99,231.29,228.72,230.3,127099,3040680713.0,False,23923.718620917552
2025-06-23,600000.SH,12.15,12.53,12.05,12.48,810592,1067412053.0,False,1316.8302339524694
2025-06-23,600519.SH,1340.42,1353.42,1325.6,1340.42,26723,3794012343.0,False,141975.53953523183
2025-06-24,000001.SZ,11.3,11.41,11.24,11.33,1308525,1560621893.02,False,1192.6572996465486
2025-06-24,000333.SZ,67.89,69.13,67.79,68.59,270501,1971805636.09,False,7289.457843372113
2025-06-24,300750.SZ,231.27,238.77,231.27,236.61,235011,5767361453.0,False,24540.81491079141
2025-06-24,600000.SH,12.48,12.71,12.33,12.48,842876,1123477728.0,False,1332.9098562540635
2025-06-24,600519.SH,1343.77,1372.1,1343.77,1357.62,36312,5229183514.0,False,144007.03662701036
2025-06-25,000001.SZ,11.33,11.48,11.23,11.46,1675116,2007989726.91,False,1198.7168213484917
2025-06-25,000333.SZ,68.59,69.12,68.09,68.97,243275,1772058945.75,False,7284.180231219813
2025-06-25,300750.SZ,237.19,246.57,236.69,245.59,315377,7930320892.0,False,25145.52707394642
2025-06-25,600000.SH,12.48,12.69,12.37,12.63,563299,752682259.0,False,1336.2037905268783
2025-06-25,600519.SH,1359.53,1369.62,1340.93,1356.28,41050,5869292227.0,False,142979.10419001218
2025-06-26,000001.SZ,11.45,11.88,11.41,11.81,2174578,2672207528.88,False,1228.8395858322856
2025-06-26,000333.SZ,68.79,69.38,68.54,68.89,226726,1658102064.58,False,7313.241818670995
2025-06-26,300750.SZ,246.57,246.98,243.05,243.48,199145,5062386536.0,False,25420.60576966532
2025-06-26,600000.SH,12.57,12.82,12.47,12.79,663329,895310745.0,False,1349.7235082440236
2025-06-26,600519.SH,1363.02,1376.02,1358.1,1368.02,34860,4955829982.0,False,142163.7975329891
2025-06-27,000001.SZ,11.77,11.98,11.53,11.6,2377600,2937865058.47,False,1235.6431100563593
2025-06-27,000333.SZ,68.85,68.98,68.01,68.07,223640,1623349471.55,False,7258.761722187444
2025-06-27,300750.SZ,247.19,248.14,240.8,241.68,236201,5985026676.0,False,25338.70168204199
2025-06-27,600000.SH,12.8,13.16,12.61,12.72,1451127,1990098971.0,False,1371.4161276028908
2025-06-27,600519.SH,1368.03,1371.02,1351.11,1351.11,38250,5404312675.0,False,141289.2202614379
2025-06-30,000001.SZ,11.54,11.57,11.36,11.47,1504820,1812492376.93,False,1204.4579264829017
2025-06-30,000333.SZ,68.04,68.37,67.77,67.99,193023,1394828332.73,False,7226.228650109055
2025-06-30,300750.SZ,242.19,244.19,240.39,242.91,176234,4434817078.0,False,25164.367136874836
2025-06-30,600000.SH,12.57,13.15,12.42,13.05,950515,1297775515.0,False,1365.3393318358994
2025-06-30,600519.SH,1351.52,1361.25,1350.02,1357.54,30457,4287373691.0,False,140768.08914206913
2025-07-01,000001.SZ,11.46,11.73,11.46,11.7,1354341,1653806750.47,False,1221.1154727428323
2025-07-01,000333.SZ,68.07,68.14,67.59,67.9,186252,1341760454.94,False,7204.005621094002
2025-07-01,300750.SZ,243.19,243.43,240.57,242.19,95323,2395104336.0,False,25126.195524689738
2025-07-01,600000.SH,13.05,13.5,13.04,13.35,877071,1242184693.0,False,1416.2874989596053
2025-07-01,600519.SH,1357.02,1359.96,1351.33,1353.12,19878,2794423203.0,False,140578.69015997584
2025-07-02,000001.SZ,11.71,11.81,11.63,11.72,1200412,1481842212.5,False,1234.4446844083532
2025-07-02,000333.SZ,67.9,68.89,67.6,68.29,266155,1929453681.19,False,7249.361015911781
2025-07-02,300750.SZ,242.19,242.7,239.88,241.14,115714,2897311834.0,False,25038.55915446705
2025-07-02,600000.SH,13.37,13.57,13.27,13.37,684842,977656405.0,False,1427.5649054818484
2025-07-02,600519.SH,1357.52,1362.82,1348.02,1357.62,26218,3689246316.0,False,140714.25417651996
2025-07-03,000001.SZ,11.73,11.82,11.68,11.75,794086,980546007.28,False,1234.8108482960283
2025-07-03,000333.SZ,68.58,68.74,68.13,68.68,179369,1304399831.27,False,7272.15868555882
2025-07-03,300750.SZ,242.16,253.9,241.28,253.28,338037,8746803693.0,False,25875.284933306117
2025-07-03,600000.SH,13.38,13.45,13.26,13.35,509656,722233396.0,False,1417.0997614076946
2025-07-03,600519.SH,1360.02,1370.71,1356.02,1363.62,24413,3456733002.0,False,141593.9459304469
2025-07-04,000001.SZ,11.75,12.12,11.7,12.0,1775333,2224874055.62,False,1253.2150619742888
2025-07-04,000333.SZ,68.67,69.63,68.39,69.27,211462,1548790546.51,False,7324.202677124023
2025-07-04,300750.SZ,255.7,260.67,251.67,256.49,272060,7214227943.0,False,26517.047500551347
2025-07-04,600000.SH,13.32,13.92,13.31,13.75,935679,1359237790.0,False,1452.6753192066938
2025-07-04,600519.SH,1363.72,1379.91,1358.03,1370.24,28767,4086547268.0,False,142056.7757499913
2025-07-07,000001.SZ,12.0,12.22,12.0,12.18,1495407,1901755851.27,False,1271.7312753451067
2025-07-07,000333.SZ,68.99,69.24,68.12,68.34,215453,1567324871.4,False,7274.555802889726
2025-07-07,300750.SZ,256.49,259.57,249.57,251.58,174665,4568972964.0,False,26158.49176423439
2025-07-07,600000.SH,13.83,13.97,13.68,13.77,649705,951840346.0,False,1465.0346634241694
2025-07-07,600519.SH,1370.3,1371.52,1358.03,1358.72,23855,3370562659.0,False,141293.76059526304
2025-07-08,000001.SZ,12.15,12.24,12.05,12.09,1090986,1387093602.06,False,1271.4128339502065
2025-07-08,000333.SZ,68.34,68.49,67.86,68.01,256867,1856483046.79,False,7227.409697586689
2025-07-08,300750.SZ,251.39,256.59,250.51,254.0,155923,4104293094.0,False,26322.563662833578
2025-07-08,600000.SH,13.75,13.79,13.32,13.4,1139146,1624827333.0,False,1426.355649758679
2025-07-08,600519.SH,1358.73,1368.02,1358.72,1364.13,18674,2643302691.0,False,141549.89241726464
2025-07-09,000001.SZ,12.06,12.3,12.06,12.24,1205963,1542699034.65,False,1279.2258424595118
2025-07-09,000333.SZ,67.86,68.14,67.59,67.59,272053,1958489419.85,False,7198.9260175407
2025-07-09,300750.SZ,252.89,265.15,252.79,261.49,293884,7948423738.0,False,27046.126151815002
2025-07-09,600000.SH,13.37,13.47,13.29,13.34,817630,1162380709.0,False,1421.6463547081198
2025-07-09,600519.SH,1363.02,1377.99,1362.19,1366.9,27745,3950810723.0,False,142397.21474139486
2025-07-10,000001.SZ,12.22,12.73,12.19,12.58,2481416,3249454028.73,False,1309.516029851504
2025-07-10,000333.SZ,67.63,67.76,67.12,67.47,231514,1656983409.34,False,7157.162890105998
2025-07-10,300750.SZ,265.68,265.68,259.19,262.69,242393,6594201202.0,False,27204.585949264212
2025-07-10,600000.SH,13.34,13.51,13.3,13.37,1159683,1652800753.0,False,1425.2177129439683
2025-07-10,600519.SH,1366.99,1384.2,1358.42,1374.52,38725,5503329754.0,False,142113.09887669465
2025-07-11,000001.SZ,12.59,12.7,12.29,12.31,2443744,3200219566.16,False,1309.5559789241427
2025-07-11,000333.SZ,67.53,68.59,67.48,68.27,320554,2324470997.69,False,7251.417850627352
2025-07-11,300750.SZ,262.19,264.69,260.79,262.19,213282,5798544034.0,False,27187.217083485713
2025-07-11,600000.SH,13.34,13.41,12.97,12.97,1616837,2258575044.0,False,1396.9095487052807
2025-07-11,600519.SH,1371.18,1406.02,1371.18,1375.02,57243,8239010390.0,False,143930.44372237654
2025-07-14,000001.SZ,12.27,12.57,12.26,12.38,1872896,2440924105.22,False,1303.2886530912554
2025-07-14,000333.SZ,68.26,69.0,67.77,68.89,233739,1702246964.0,False,7282.682667419644
2025-07-14,300750.SZ,261.69,262.01,256.79,259.19,149789,4013693003.0,False,26795.645895225953
2025-07-14,600000.SH,12.92,13.32,12.92,13.28,1149773,1614456121.0,False,1404.1520552317718
2025-07-14,600519.SH,1378.02,1383.0,1369.62,1371.62,27781,3961736006.0,False,142605.95392534466
2025-07-15,000001.SZ,12.39,12.44,12.11,12.13,1810531,2322277284.93,False,1282.6498330765946
2025-07-15,000333.SZ,68.9,69.29,68.6,69.0,249010,1821265542.84,False,7314.025713184209
2025-07-15,300750.SZ,259.19,263.19,256.69,258.44,169526,4553827628.0,False,26862.119250144522
2025-07-15,600000.SH,13.32,13.37,13.0,13.1,766732,1073790981.0,False,1400.4775866926122
2025-07-15,600519.SH,1369.0,1370.95,1356.34,1359.02,35406,5005150165.0,False,141364.46266169575
2025-07-16,000001.SZ,12.13,12.16,11.9,12.04,1927864,2424983973.27,False,1257.8604991171576
2025-07-16,000333.SZ,69.26,69.88,68.59,68.68,206888,1514278423.78,False,7319.3149132864155
2025-07-16,300750.SZ,259.19,259.39,253.73,255.09,156265,4135841242.0,False,26466.843131859343
2025-07-16,600000.SH,13.12,13.18,12.84,13.06,814269,1092141761.0,False,1341.2542550434807
2025-07-16,600519.SH,1358.03,1365.51,1357.97,1359.05,21286,3006882579.0,False,141261.04383162642
2025-07-17,000001.SZ,12.01,12.1,11.94,11.99,944641,1189666226.65,False,1259.3844927861485
2025-07-17,000333.SZ,68.54,69.22,68.39,68.42,247300,1804135156.62,False,7295.330192559643
2025-07-17,300750.SZ,256.06,258.44,255.05,256.19,145110,3852746250.0,False,26550.522017779615
2025-07-17,600000.SH,13.06,13.16,12.98,13.02,470808,633619315.0,False,1345.8125499141902
2025-07-17,600519.SH,1362.0,1371.03,1360.9,1364.37,23106,3273100406.0,False,141655.8645373496
2025-07-18,000001.SZ,12.02,12.15,12.0,12.1,1241206,1574176824.24,False,1268.2639499325655
2025-07-18,000333.SZ,68.66,69.07,68.31,68.62,219512,1596482224.04,False,7272.869929844382
2025-07-18,300750.SZ,259.39,263.14,256.49,261.89,221866,5981601234.0,False,26960.423111247328
2025-07-18,600000.SH,13.05,13.23,12.97,13.04,561747,758987555.0,False,1351.1199080724953
2025-07-18,600519.SH,1368.02,1385.83,1364.4,1385.02,41823,5984949774.0,False,143101.87633598738
2025-07-21,000001.SZ,12.04,12.11,11.95,12.01,1079027,1360155718.72,False,1260.5390956111387
2025-07-21,000333.SZ,68.4,68.75,68.19,68.34,308971,2244011062.83,False,7262.853351382492
2025-07-21,300750.SZ,267.69,272.69,264.24,270.35,324863,9047295148.0,False,27849.570889882812
2025-07-21,600000.SH,13.04,13.12,12.94,13.06,558817,751457579.0,False,1344.729274520997
2025-07-21,600519.SH,1385.01,1394.82,1383.02,1391.02,26203,3779891829.0,False,144254.16284394916
2025-07-22,000001.SZ,12.0,12.0,11.72,11.89,1935229,2408337285.96,False,1244.4714738979212
2025-07-22,000333.SZ,68.37,69.01,68.05,68.98,357204,2602924270.54,False,7286.940433309817
2025-07-22,300750.SZ,270.69,280.69,269.87,277.35,333090,9468912161.0,False,28427.48854964124
2025-07-22,600000.SH,13.04,13.09,12.78,12.81,911905,1212020034.0,False,1329.1077842538423
2025-07-22,600519.SH,1392.02,1414.62,1388.7,1413.0,42119,6127636851.0,False,145483.91108525844
2025-07-23,000001.SZ,11.86,12.03,11.85,11.93,1370520,1719158802.83,False,1254.384323344424
2025-07-23,000333.SZ,68.99,69.64,68.97,69.29,369872,2718700800.45,False,7350.382836359605
2025-07-23,300750.SZ,278.85,281.44,277.28,277.71,200190,5772653125.0,False,28835.87154703032
2025-07-23,600000.SH,12.78,13.07,12.78,12.91,676734,904049599.0,False,1335.9009581312598
2025-07-23,600519.SH,1417.02,1443.02,1416.97,1423.52,45045,6676301462.0,False,148214.04067044068
2025-07-24,000001.SZ,11.93,11.93,11.73,11.75,1959351,2426175235.74,False,1238.254521900364
2025-07-24,000333.SZ,69.49,69.74,68.88,69.3,290699,2134051794.14,False,7341.104696404184
2025-07-24,300750.SZ,279.69,279.89,273.6,275.89,223891,6394082072.0,False,28558.906217757747
2025-07-24,600000.SH,12.95,12.95,12.63,12.64,973433,1280091394.0,False,1315.0277358585543
2025-07-24,600519.SH,1424.02,1447.02,1423.02,1439.52,38804,5786337377.0,False,149117.0337336357
2025-07-25,000001.SZ,11.73,11.86,11.72,11.75,1108267,1372103731.0,False,1238.0624262925812
2025-07-25,000333.SZ,69.19,69.19,68.34,68.55,244562,1780421843.03,False,7280.042864508795
2025-07-25,300750.SZ,275.89,275.89,272.44,273.49,134326,3802835260.0,False,28310.492830874144
2025-07-25,600000.SH,12.61,12.81,12.61,12.65,656218,860317426.0,False,1311.0238152565153
2025-07-25,600519.SH,1439.42,1439.42,1401.02,1403.02,41911,6140078741.0,False,146502.79738016272
2025-07-28,000001.SZ,11.75,11.93,11.72,11.86,1238243,1541317046.96,False,1244.7613650632388
2025-07-28,000333.SZ,68.61,68.71,67.59,67.73,377736,2725637108.08,False,7215.719730393714
2025-07-28,300750.SZ,273.71,279.78,271.99,276.99,238973,6830867028.0,False,28584.262774455692
2025-07-28,600000.SH,12.7,12.78,12.61,12.66,762975,1002195904.0,False,1313.5370149742782
2025-07-28,600519.SH,1401.02,1403.01,1384.32,1386.68,38586,5560966386.0,False,144118.7577359664
2025-07-29,000001.SZ,11.86,11.91,11.74,11.74,1012818,1255113972.39,False,1239.2295282962982
2025-07-29,000333.SZ,67.73,67.86,66.81,67.03,398369,2843589787.88,False,7138.079990862743
2025-07-29,300750.SZ,277.39,282.69,277.37,282.51,233946,6785427583.0,False,29004.247061287646
2025-07-29,600000.SH,12.65,12.7,12.36,12.37,789200,1017205989.0,False,1288.9077407501268
2025-07-29,600519.SH,1387.62,1396.81,1383.03,1387.02,26304,3785848102.0,False,143926.70704075426
2025-07-30,000001.SZ,11.75,12.04,11.74,11.89,1715164,2149934404.53,False,1253.4861998794286
2025-07-30,000333.SZ,67.28,68.53,66.99,67.9,411325,2964849147.83,False,7208.045092882757
2025-07-30,300750.SZ,282.89,282.89,267.05,267.78,415943,11712764593.0,False,28159.542516642905
2025-07-30,600000.SH,12.42,12.51,12.31,12.46,721581,928059542.0,False,1286.1474207330848
2025-07-30,600519.SH,1392.02,1405.18,1385.02,1397.46,31868,4612883040.0,False,144749.6874607757
2025-07-31,000001.SZ,11.91,11.95,11.62,11.63,1690081,2079630602.38,False,1230.491676067597
2025-07-31,000333.SZ,67.79,67.81,65.67,65.98,694777,4895784249.94,False,7046.554865719504
2025-07-31,300750.SZ,271.49,272.67,255.31,255.31,447104,12088514551.0,False,27037.366140763672
2025-07-31,600000.SH,12.45,12.48,12.29,12.39,685387,875810524.0,False,1277.833580152527
2025-07-31,600519.SH,1391.02,1392.89,1366.02,1369.69,51798,7386302758.0,False,142598.22305880536
2025-08-01,000001.SZ,11.64,11.73,11.55,11.68,1012187,1240239179.62,False,1225.3063708781083
2025-08-01,000333.SZ,65.99,66.76,65.89,66.58,286447,2019147913.12,False,7048.940687526837
2025-08-01,300750.SZ,255.49,257.29,253.44,253.76,252500,6682814646.0,False,26466.592657425743
2025-08-01,600000.SH,12.4,12.56,12.16,12.5,793861,1018578952.0,False,1283.0696456936416
2025-08-01,600519.SH,1369.89,1373.98,1362.02,1365.02,29636,4200850790.0,False,141748.23829126736
2025-08-04,000001.SZ,11.64,11.78,11.61,11.7,1032690,1271376406.58,False,1231.1307426042665
2025-08-04,000333.SZ,66.34,66.79,65.99,66.73,197766,1398398727.73,False,7070.9764455467575
2025-08-04,300750.SZ,253.69,258.69,252.39,257.17,237682,6286238371.0,False,26448.10448834998
2025-08-04,600000.SH,12.48,13.03,12.48,12.71,997827,1321632123.0,False,1324.510283846799
2025-08-04,600519.SH,1363.02,1367.82,1362.02,1367.02,18688,2647105740.0,False,141647.3533818493
2025-08-05,000001.SZ,11.7,11.9,11.68,11.87,1132078,1405152349.43,False,1241.2151366160283
2025-08-05,000333.SZ,66.9,67.3,66.47,67.17,191748,1365340860.17,False,7120.495964338612
2025-08-05,300750.SZ,258.19,259.69,254.19,256.39,219760,5844478669.0,False,26594.82466781944
2025-08-05,600000.SH,12.73,13.36,12.72,13.33,1336466,1812399938.0,False,1356.1137642109863
2025-08-05,600519.SH,1369.02,1377.96,1365.13,1375.76,25342,3607931488.0,False,142369.64280640834
2025-08-06,000001.SZ,11.87,11.92,11.8,11.86,690448,859684675.49,False,1245.1113993957547
2025-08-06,000333.SZ,67.17,67.57,66.78,67.49,221358,1583549583.57,False,7153.794231832597
2025-08-06,300750.SZ,255.91,257.59,253.92,255.69,153233,4058482395.0,False,26485.694302141183
2025-08-06,600000.SH,13.33,13.43,13.21,13.37,848918,1170588594.0,False,1378.918333690651
2025-08-06,600519.SH,1377.02,1377.02,1367.32,1371.9,23699,3372334940.0,False,142298.61766319253
2025-08-07,000001.SZ,11.84,11.93,11.79,11.87,722053,900760012.96,False,1247.4984702784975
2025-08-07,000333.SZ,67.3,67.72,67.0,67.27,203616,1456650768.74,False,7153.911130461261
2025-08-07,300750.SZ,255.69,257.18,252.89,253.74,165481,4363462114.0,False,26368.35717695687
2025-08-07,600000.SH,13.66,13.66,13.24,13.51,965581,1337645650.0,False,1385.3272278555605
2025-08-07,600519.SH,1371.9,1375.72,1368.08,1370.37,28001,3988765795.0,False,142450.83372022427
2025-08-08,000001.SZ,11.88,11.93,11.79,11.8,829796,1032586758.9,False,1244.3862815679997
2025-08-08,000333.SZ,67.19,67.62,67.08,67.37,201184,1439938213.2,False,7157.319733179577
2025-08-08,300750.SZ,254.69,256.85,252.7,254.17,174282,4604736202.0,False,26421.180626800244
2025-08-08,600000.SH,13.54,13.87,13.49,13.75,967429,1367882502.0,False,1413.9358051081786
2025-08-08,600519.SH,1371.07,1374.52,1366.02,1368.99,18655,2651478118.0,False,142132.3032967033
2025-08-11,000001.SZ,11.8,11.82,11.67,11.7,934353,1150305112.61,False,1231.1247597107301
2025-08-11,000333.SZ,67.09,67.61,66.98,67.55,179124,1282650770.44,False,7160.686286818071
2025-08-11,300750.SZ,254.17,256.84,253.19,254.35,213309,5627553110.0,False,26382.164418754015
2025-08-11,600000.SH,13.68,13.78,13.43,13.56,895104,1249751391.0,False,1396.2080283408409
2025-08-11,600519.SH,1371.52,1400.01,1371.02,1393.02,47159,6794034090.0,False,144066.5427596005
2025-08-12,000001.SZ,11.7,11.8,11.7,11.73,680056,839635630.05,False,1234.6566018827862
2025-08-12,000333.SZ,67.54,68.23,67.39,67.72,240476,1734351323.75,False,7212.159732156223
2025-08-12,300750.SZ,254.19,255.87,248.41,253.94,222407,5829140856.0,False,26209.34078513716
2025-08-12,600000.SH,13.55,13.7,13.45,13.47,766282,1072660845.0,False,1399.825188377125
2025-08-12,600519.SH,1397.02,1413.09,1384.02,1385.06,42019,6095342036.0,False,145061.5682429377
2025-08-13,000001.SZ,11.77,11.8,11.63,11.66,1119813,1376777908.92,False,1229.471267899194
2025-08-13,000333.SZ,67.77,68.08,67.39,67.61,253847,1827058280.08,False,7197.478323872254
2025-08-13,300750.SZ,255.46,265.69,255.2,264.29,394668,10661084796.0,False,27012.792514214478
2025-08-13,600000.SH,13.56,13.61,13.38,13.41,790396,1097891525.0,False,1389.0398294019706
2025-08-13,600519.SH,1373.02,1381.7,1368.02,1368.07,65528,9325460101.0,False,142312.60073556344
2025-08-14,000001.SZ,11.67,11.74,11.59,11.6,1241041,1523447931.74,False,1227.5564882546184
2025-08-14,000333.SZ,67.59,68.84,67.51,68.12,455149,3301054397.69,False,7252.689553728559
2025-08-14,300750.SZ,267.58,272.69,265.17,270.58,371708,10378442059.0,False,27920.954240963336
2025-08-14,600000.SH,13.41,13.56,13.37,13.45,712799,990881029.0,False,1390.1268506268948
2025-08-14,600519.SH,1368.96,1395.53,1368.96,1375.01,48129,6897535330.0,False,143313.49768330943
2025-08-15,000001.SZ,11.63,11.63,11.34,11.48,1948503,2344073499.27,False,1203.012517440312
2025-08-15,000333.SZ,68.12,68.19,67.6,68.09,274700,1980637245.33,False,7210.182909828904
2025-08-15,300750.SZ,269.07,272.99,266.79,271.36,241092,6735591187.0,False,27937.846079504918
2025-08-15,600000.SH,13.43,13.53,13.13,13.17,930678,1271714019.0,False,1366.4382514682843
2025-08-15,600519.SH,1374.03,1376.68,1368.24,1370.1,47582,6772436997.0,False,142331.9111638855
2025-08-18,000001.SZ,11.46,11.55,11.43,11.48,1239058,1496527038.59,False,1207.7941779884395
2025-08-18,000333.SZ,68.1,68.35,67.4,67.63,542998,3906936963.36,False,7195.122198166476
2025-08-18,300750.SZ,271.36,276.17,268.71,273.69,285288,8056186541.0,False,28238.785160960153
2025-08-18,600000.SH,13.11,13.3,13.05,13.22,835799,1134949185.0,False,1357.921204739417
2025-08-18,600519.SH,1375.01,1384.66,1371.12,1376.52,47378,6773477871.0,False,142966.73289290388
2025-08-19,000001.SZ,11.5,11.52,11.42,11.46,892860,1077380172.82,False,1206.6619322402169
2025-08-19,000333.SZ,68.99,69.42,67.99,68.47,537603,3916336802.01,False,7284.8120304574195
2025-08-19,300750.SZ,273.69,274.69,266.91,268.49,244286,6816442573.0,False,27903.53345259245
2025-08-19,600000.SH,13.22,13.34,13.16,13.27,494973,678047554.0,False,1369.86775844339
2025-08-19,600519.SH,1381.52,1394.68,1380.02,1386.02,46372,6678541001.0,False,144020.98251099803
2025-08-20,000001.SZ,11.46,11.52,11.38,11.47,1048739,1265435773.22,False,1206.6260272765674
2025-08-20,000333.SZ,68.0,68.11,67.3,68.01,403770,2901846346.32,False,7186.879526264953
2025-08-20,300750.SZ,269.19,271.68,263.74,270.89,233535,6414344336.0,False,27466.308416297343
2025-08-20,600000.SH,13.27,13.45,13.18,13.3,603222,829302744.0,False,1374.7886250833026
2025-08-20,600519.SH,1386.02,1400.82,1378.04,1398.02,45805,6623095725.0,False,144593.29167121495
2025-08-21,000001.SZ,11.45,11.59,11.43,11.55,1217418,1477053291.9,False,1213.2671702734806
2025-08-21,000333.SZ,67.88,68.29,67.45,67.71,338014,2436115382.33,False,7207.1434388220605
2025-08-21,300750.SZ,270.96,273.49,269.69,270.69,182698,5103914720.0,False,27936.346976978402
2025-08-21,600000.SH,13.28,13.44,13.17,13.36,574685,791948364.0,False,1378.0564378746617
2025-08-21,600519.SH,1401.47,1403.01,1391.67,1396.27,30891,4470441662.0,False,144716.6379204299
2025-08-22,000001.SZ,11.55,11.57,11.38,11.46,1644260,1979461310.91,False,1203.8615005595223
2025-08-22,000333.SZ,67.76,67.98,67.44,67.88,391389,2814332706.15,False,7190.6280098572015
2025-08-22,300750.SZ,270.62,281.04,270.29,278.87,264219,7543698627.0,False,28550.93171573581
2025-08-22,600000.SH,13.39,13.53,13.35,13.52,640981,888813234.0,False,1386.6452110124949
2025-08-22,600519.SH,1396.9,1412.02,1392.79,1411.97,44971,6544867368.0,False,145535.28647350514
2025-08-25,000001.SZ,11.52,11.93,11.5,11.85,3045088,3761289075.87,False,1235.1988106320737
2025-08-25,000333.SZ,67.91,69.64,67.91,69.31,700234,5110086585.81,False,7297.6841824447265
2025-08-25,300750.SZ,281.69,285.57,278.47,281.97,312297,9046692965.0,False,28968.23525362075
2025-08-25,600000.SH,13.48,13.63,13.34,13.61,631372,877162425.0,False,1389.2957321515682
2025-08-25,600519.SH,1418.03,1444.02,1414.02,1438.35,65325,9676719498.0,False,148131.9479219288
2025-08-26,000001.SZ,11.85,11.9,11.7,11.76,1383599,1709560922.86,False,1235.58988034828
2025-08-26,000333.SZ,69.31,70.07,69.1,69.59,462938,3417986335.79,False,7383.248590070377
2025-08-26,300750.SZ,278.71,282.68,277.27,281.19,230245,6648848315.0,False,28877.27557601685
2025-08-26,600000.SH,13.58,13.73,13.4,13.61,593658,831883207.0,False,1401.2835790977297
2025-08-26,600519.SH,1438.34,1442.25,1428.03,1429.63,39602,5883917000.0,False,148576.25877480936
2025-08-27,000001.SZ,11.72,11.76,11.45,11.46,1860050,2268070720.55,False,1219.3600820139245
2025-08-27,000333.SZ,69.68,70.34,68.48,68.5,488419,3605612809.64,False,7382.212423431521
2025-08-27,300750.SZ,280.69,281.23,269.88,269.99,382584,10859010299.0,False,28383.336205905107
2025-08-27,600000.SH,13.53,13.58,13.28,13.33,769754,1065617631.0,False,1384.3612777588685
2025-08-27,600519.SH,1429.9,1432.95,1396.02,1396.02,56006,8184169113.0,False,146130.2202085491
2025-08-28,000001.SZ,11.49,11.54,11.37,11.48,1653588,1991723373.76,False,1204.4858657416478
2025-08-28,000333.SZ,68.5,69.76,68.3,69.29,432987,3171280840.48,False,7324.194122410142
2025-08-28,300750.SZ,267.75,270.68,264.41,269.1,304664,8407974991.0,False,27597.53364690282
2025-08-28,600000.SH,13.23,13.52,13.02,13.44,956181,1314340524.0,False,1374.5729354588723
2025-08-28,600519.SH,1395.99,1404.12,1386.79,1394.12,39282,5683673273.0,False,144688.99936357618
2025-08-29,000001.SZ,11.45,11.62,11.43,11.45,1805126,2186232853.05,False,1211.1247929784404
2025-08-29,000333.SZ,69.29,70.63,69.18,69.5,567669,4210933505.49,False,7417.938103877435
2025-08-29,300750.SZ,270.0,308.35,269.64,297.87,780139,23482893636.0,False,30100.909755825563
2025-08-29,600000.SH,13.39,13.57,13.21,13.21,1282764,1769227973.0,False,1379.2310767997856
2025-08-29,600519.SH,1401.02,1430.6,1400.02,1428.02,62256,9159701454.0,False,147129.61728989976
2025-09-01,000001.SZ,11.45,11.45,11.25,11.29,1858459,2214306331.71,False,1191.4744052518781
2025-09-01,000333.SZ,70.79,71.63,69.31,69.82,776259,5792738593.77,False,7462.378656827168
2025-09-01,300750.SZ,298.19,298.59,290.99,295.69,429964,13012795663.0,False,30264.849296685305
2025-09-01,600000.SH,13.26,13.48,13.03,13.07,1161316,1584600426.0,False,1364.4868631793586
2025-09-01,600519.SH,1430.22,1436.02,1413.72,1424.12,45123,6658918555.0,False,147572.60277463822
2025-09-02,000001.SZ,11.25,11.39,11.24,11.38,1492716,1780010208.88,False,1192.464078150164
2025-09-02,000333.SZ,70.0,72.19,69.78,71.95,805909,6106472167.21,False,7577.123679236738
2025-09-02,300750.SZ,295.72,302.79,290.72,294.56,371169,11289093082.0,False,30414.9675269217
2025-09-02,600000.SH,13.01,13.33,12.97,13.31,795271,1078332698.0,False,1355.9311203350808
2025-09-02,600519.SH,1426.68,1457.02,1426.02,1439.32,56688,8470012816.0,False,149414.5642111205
2025-09-03,000001.SZ,11.38,11.41,11.14,11.15,1367232,1619322977.46,False,1184.3805421903526
2025-09-03,000333.SZ,72.34,72.93,70.74,71.41,504881,3826685199.74,False,7579.3804871643015
2025-09-03,300750.SZ,295.19,303.34,294.72,300.69,508975,15640548986.0,False,30729.5033862174
2025-09-03,600000.SH,13.31,13.45,13.19,13.36,754189,1039563268.0,False,1378.3856142160653
2025-09-03,600519.SH,1439.02,1451.52,1414.02,1428.57,45045,6656011145.0,False,147763.5951825952
2025-09-04,000001.SZ,11.16,11.17,11.0,11.14,1295300,1513956779.44,False,1168.8078278699916
2025-09-04,000333.SZ,71.77,71.79,70.21,71.38,443539,3328858300.19,False,7505.221187291309
2025-09-04,300750.SZ,305.16,315.02,292.32,295.72,657548,20442631453.0,False,31089.185052650148
2025-09-04,600000.SH,13.28,13.43,13.08,13.35,1012140,1382067033.0,False,1365.4899845871125
2025-09-04,600519.SH,1420.02,1427.32,1408.49,1420.68,47747,7017084750.0,False,146963.88778352566
2025-09-05,000001.SZ,11.13,11.14,11.03,11.12,819662,957547462.67,False,1168.222343685568
2025-09-05,000333.SZ,71.6,72.48,71.23,72.01,464252,3530971109.13,False,7605.720835085256
2025-09-05,300750.SZ,291.59,316.8,291.51,316.8,708198,22440211715.0,False,31686.352849061986
2025-09-05,600000.SH,13.32,13.36,13.05,13.27,790386,1081534596.0,False,1368.362541846642
2025-09-05,600519.SH,1419.02,1434.99,1412.02,1431.02,37388,5519312163.0,False,147622.5570503905
2025-09-08,000001.SZ,11.11,11.18,11.07,11.1,924431,1083054608.28,False,1171.5905332902078
2025-09-08,000333.SZ,72.46,73.87,72.29,72.82,550294,4245832273.75,False,7715.570719924259
2025-09-08,300750.SZ,325.69,329.34,315.19,317.06,588346,19349632049.0,False,32888.184926896756
2025-09-08,600000.SH,13.27,13.56,13.11,13.16,1235535,1702186554.0,False,1377.6918937949956
2025-09-08,600519.SH,1431.02,1454.46,1425.52,1449.25,51383,7682065696.0,False,149505.97855321798
2025-09-09,000001.SZ,11.11,11.18,11.08,11.15,860539,1009279728.78,False,1172.8460055616306
2025-09-09,000333.SZ,72.81,73.39,72.14,72.97,383150,2947171766.61,False,7691.952933864022
2025-09-09,300750.SZ,314.49,326.27,308.85,311.69,434024,14085497657.0,False,32453.26907498203
2025-09-09,600000.SH,13.27,13.6,13.2,13.6,1170672,1622965821.0,False,1386.354009491984
2025-09-09,600519.SH,1453.02,1457.97,1441.44,1453.02,35743,5366650005.0,False,150145.4831715301
2025-09-10,000001.SZ,11.14,11.19,11.11,11.17,792668,932170200.65,False,1175.9907056295951
2025-09-10,000333.SZ,72.79,73.06,72.19,72.81,271542,2087580321.39,False,7687.872673067151
2025-09-10,300750.SZ,309.68,313.69,304.69,307.73,367527,11649703595.0,False,31697.54492867191
2025-09-10,600000.SH,13.64,13.65,13.41,13.55,836178,1169472184.0,False,1398.5923858317249
2025-09-10,600519.SH,1454.68,1477.97,1444.02,1470.03,49663,7541460049.0,False,151852.68809777903
2025-09-11,000001.SZ,11.17,11.25,11.11,11.25,963932,1134234366.9,False,1176.6746688563094
2025-09-11,000333.SZ,72.69,73.06,71.69,72.81,459605,3515566425.2,False,7649.103959269372
2025-09-11,300750.SZ,307.24,314.67,300.73,314.24,380345,12060756826.0,False,31710.044370242806
2025-09-11,600000.SH,13.51,13.75,13.46,13.7,832593,1168876344.0,False,1403.8988365263701
2025-09-11,600519.SH,1470.03,1474.04,1456.52,1471.52,37239,5642778456.0,False,151528.73213566424
2025-09-12,000001.SZ,11.23,11.28,11.1,11.12,940385,1107449056.76,False,1177.6549570229215
2025-09-12,000333.SZ,72.74,73.48,71.2,71.36,591171,4507931248.72,False,7625.426904770363
2025-09-12,300750.SZ,317.59,321.59,313.89,316.69,338713,11031032652.0,False,32567.491215276652
2025-09-12,600000.SH,13.72,13.83,13.03,13.18,1377974,1890112473.0,False,1371.6604761773444
2025-09-12,600519.SH,1474.02,1486.04,1458.55,1464.02,33722,5132184935.0,False,152191.00097858964
2025-09-15,000001.SZ,11.1,11.12,11.03,11.05,840387,980347616.84,False,1166.5430531885906
2025-09-15,000333.SZ,70.99,71.74,70.29,70.96,480680,3614905665.72,False,7520.3995708579505
2025-09-15,300750.SZ,337.7,363.21,335.71,346.39,718410,25586615240.0,False,35615.61676480004
2025-09-15,600000.SH,13.09,13.27,12.95,13.01,840608,1136419804.0,False,1351.9021993604629
2025-09-15,600519.SH,1463.89,1465.5,1449.52,1463.12,25827,3901929718.0,False,151079.47953691872
2025-09-16,000001.SZ,11.06,11.11,11.01,11.04,708048,825169463.93,False,1165.4145819633695
2025-09-16,000333.SZ,70.92,70.99,69.84,70.25,456028,3396155195.72,False,7447.251475172577
2025-09-16,300750.SZ,347.8,350.69,340.19,345.11,377445,13325722241.0,False,35305.07025129489
2025-09-16,600000.SH,12.99,13.02,12.71,12.74,885058,1171744736.0,False,1323.918586126559
2025-09-16,600519.SH,1463.12,1469.01,1444.23,1448.0,32718,4928374478.0,False,150631.89919921756
2025-09-17,000001.SZ,11.04,11.07,10.98,11.04,771129,896750270.44,False,1162.9056493012195
2025-09-17,000333.SZ,70.2,71.22,69.96,70.14,577227,4303710294.28,False,7455.83677527212
2025-09-17,300750.SZ,348.49,373.57,345.69,368.79,543771,20113064234.0,False,36988.11491234361
2025-09-17,600000.SH,12.73,12.83,12.53,12.54,666218,869297895.0,False,1304.8249897180804
2025-09-17,600519.SH,1448.01,1458.3,1438.03,1441.02,30331,4534770634.0,False,149509.43371468136
2025-09-18,000001.SZ,11.05,11.06,10.78,10.81,1386160,1594827200.16,False,1150.5361575575691
2025-09-18,000333.SZ,70.39,71.14,68.98,69.53,600840,4452255640.86,False,7410.0519953065705
2025-09-18,300750.SZ,366.28,371.69,352.49,358.58,518897,19308545613.0,False,37210.74820821859
2025-09-18,600000.SH,12.54,12.59,12.26,12.33,1065073,1365758685.0,False,1282.3146253824855
2025-09-18,600519.SH,1440.02,1445.82,1411.52,1415.98,49721,7347477479.0,False,147774.12922105347
2025-09-19,000001.SZ,10.81,10.91,10.77,10.85,834651,955004096.91,False,1144.1957140289774
2025-09-19,000333.SZ,69.2,70.38,69.0,70.14,388478,2879645242.69,False,7412.634029957939
2025-09-19,300750.SZ,356.69,367.4,353.41,360.18,339149,12515443886.0,False,36902.49384783679
2025-09-19,600000.SH,12.27,12.48,12.14,12.39,796383,1015780801.0,False,1275.492823176788
2025-09-19,600519.SH,1416.01,1423.52,1405.03,1415.99,32637,4784528851.0,False,146598.30410270553
2025-09-22,000001.SZ,10.84,10.87,10.77,10.78,596402,680158438.95,False,1140.4362140804358
2025-09-22,000333.SZ,70.6,70.69,68.69,69.05,479740,3520814681.25,False,7339.005880789595
2025-09-22,300750.SZ,362.19,364.41,354.47,361.74,285278,10474484764.0,False,36716.76317136267
2025-09-22,600000.SH,12.36,12.38,12.08,12.12,491806,620006458.0,False,1260.6728222103839
2025-09-22,600519.SH,1413.11,1415.99,1398.03,1401.37,34947,5085057536.0,False,145507.69840043495
2025-09-23,000001.SZ,10.77,10.98,10.72,10.92,1341430,1543271184.51,False,1150.4671764534862
2025-09-23,000333.SZ,69.04,69.44,68.51,69.32,421477,3082692694.88,False,7314.023528875835
2025-09-23,300750.SZ,359.69,368.65,351.69,359.84,348493,12813882349.0,False,36769.411003951296
2025-09-23,600000.SH,12.09,12.23,11.94,12.03,771591,962632052.0,False,1247.593675924162
2025-09-23,600519.SH,1398.52,1405.52,1388.02,1395.44,38663,5588384388.0,False,144540.88891187956
2025-09-24,000001.SZ,10.91,11.02,10.83,10.86,1139583,1310214181.06,False,1149.731244727238
2025-09-24,000333.SZ,69.3,70.14,68.74,69.89,306285,2260146501.22,False,7379.226867851837
2025-09-24,300750.SZ,362.69,371.69,357.75,371.62,383145,14311189086.0,False,37351.88789100732
2025-09-24,600000.SH,12.03,12.12,11.64,11.8,1027559,1255684176.0,False,1222.006888168952
2025-09-24,600519.SH,1382.09,1404.8,1382.09,1390.02,30744,4443052872.0,False,144517.72287275566
2025-09-25,000001.SZ,10.83,10.87,10.76,10.8,773276,881943147.97,False,1140.5282822304068
2025-09-25,000333.SZ,69.09,69.54,68.34,68.63,478607,3487388577.74,False,7286.539013721069
2025-09-25,300750.SZ,368.29,394.28,368.16,384.54,466393,18251421707.0,False,39133.13816245098
2025-09-25,600000.SH,11.81,12.13,11.71,12.01,1288851,1599981440.0,False,1241.401403265389
2025-09-25,600519.SH,1390.85,1393.23,1384.02,1387.02,33870,4873274661.0,False,143881.74375553586
2025-09-26,000001.SZ,10.79,10.84,10.72,10.8,753239,856917687.88,False,1137.6438127606245
2025-09-26,000333.SZ,68.83,70.49,68.68,69.99,476983,3524465565.68,False,7389.080042014076
2025-09-26,300750.SZ,383.71,391.68,371.69,372.09,362633,14106499741.0,False,38900.20969134083
2025-09-26,600000.SH,11.95,12.06,11.48,11.83,841711,1024777756.0,False,1217.4936005351005
2025-09-26,600519.SH,1389.2,1395.13,1376.03,1383.02,45121,6480889597.0,False,143633.55415438488
2025-09-29,000001.SZ,10.8,10.88,10.67,10.77,1176012,1334456973.74,False,1134.7307457236832
2025-09-29,000333.SZ,70.22,70.34,68.84,69.52,465939,3431995413.21,False,7365.761211682216
2025-09-29,300750.SZ,378.03,391.58,377.7,389.06,389647,15381134070.0,False,39474.534822544505
2025-09-29,600000.SH,11.83,11.84,11.53,11.64,861117,1041131901.0,False,1209.0481328321239
2025-09-29,600519.SH,1387.4,1418.01,1383.02,1408.88,53684,7798434586.0,False,145265.52764324567
2025-09-30,000001.SZ,10.77,10.77,10.69,10.74,832479,942224081.28,False,1131.8292488819538
2025-09-30,000333.SZ,69.49,69.5,68.34,68.45,506108,3690464285.46,False,7291.851315252871
2025-09-30,300750.SZ,387.69,400.57,387.69,393.69,330313,13278445666.0,False,40199.58544168713
2025-09-30,600000.SH,11.65,11.69,11.39,11.48,903836,1077479638.0,False,1192.1185237144791
2025-09-30,600519.SH,1408.02,1408.78,1388.02,1392.01,39364,5687474876.0,False,144484.17020627984
2025-10-09,000001.SZ,10.73,10.81,10.67,10.8,1047469,1187061682.96,False,1133.2666484258723
2025-10-09,000333.SZ,68.14,68.76,67.17,68.42,615939,4446685218.42,False,7219.359739227423
2025-10-09,300750.SZ,391.67,416.05,391.43,401.58,412088,16989122538.0,False,41226.92856380191
2025-10-09,600000.SH,11.33,11.45,11.21,11.38,812791,957141423.0,False,1177.5984515084444
2025-10-09,600519.SH,1384.02,1387.4,1368.02,1384.8,54918,7845448947.0,False,142857.51387523217
2025-10-10,000001.SZ,10.77,10.89,10.76,10.83,1087948,1244213512.59,False,1143.6332550728528
2025-10-10,000333.SZ,68.24,69.52,67.89,68.62,433305,3168138018.81,False,7311.565799633053
2025-10-10,300750.SZ,392.69,395.49,370.7,373.64,533118,20684330795.0,False,38798.785250169756
2025-10-10,600000.SH,11.37,11.61,11.26,11.42,937574,1113065250.0,False,1187.1758922495717
2025-10-10,600519.SH,1385.62,1387.96,1375.52,1378.02,36001,5157459262.0,False,143258.77786728146
2025-10-13,000001.SZ,10.72,10.86,10.68,10.8,1168802,1328180363.51,False,1136.360447287051
2025-10-13,000333.SZ,67.17,67.9,66.81,67.6,481605,3450611699.95,False,7164.8170179919225
2025-10-13,300750.SZ,354.55,376.29,354.55,366.19,471510,17618650276.0,False,37366.440321520226
2025-10-13,600000.SH,11.55,12.18,11.36,12.09,2095882,2580353842.0,False,1231.1541594421824
2025-10-13,600519.SH,1363.72,1370.87,1363.14,1367.22,46069,6533147458.0,False,141812.22639953115
2025-10-14,000001.SZ,10.79,11.0,10.76,10.97,1843428,2124120304.48,False,1152.266486393827
2025-10-14,000333.SZ,67.79,68.94,67.48,68.39,519095,3767793738.65,False,7258.389579267764
2025-10-14,300750.SZ,372.69,377.49,347.46,349.69,496399,18319370880.0,False,36904.52817189398
2025-10-14,600000.SH,12.03,12.45,11.89,12.35,1463994,1860041654.0,False,1270.5254625360487
2025-10-14,600519.SH,1378.01,1412.02,1378.01,1399.04,66672,9639484605.0,False,144580.7026187905
2025-10-15,000001.SZ,10.98,11.06,10.9,11.04,1271061,1443458104.69,False,1135.632439898636
2025-10-15,000333.SZ,68.59,69.28,68.39,68.71,376333,2753955979.24,False,7317.870022666096
2025-10-15,300750.SZ,350.19,361.4,346.45,360.99,369934,13383852916.0,False,36179.0290051739
2025-10-15,600000.SH,12.33,12.82,12.21,12.75,1226253,1591811159.0,False,1298.1098998330688
2025-10-15,600519.SH,1399.0,1411.02,1393.1,1410.02,42785,6233407482.0,False,145691.42180670795
2025-10-16,000001.SZ,11.02,11.19,11.0,11.18,1261937,1447841584.81,False,1147.316850849131
2025-10-16,000333.SZ,68.99,69.48,68.31,68.97,346780,2535057433.02,False,7310.275774323779
2025-10-16,300750.SZ,359.19,365.59,356.19,360.19,276295,10185159269.0,False,36863.34993032809
2025-10-16,600000.SH,12.74,13.11,12.69,12.9,998386,1328610597.0,False,1330.758441123974
2025-10-16,600519.SH,1409.94,1432.97,1406.9,1432.93,45730,6749162949.0,False,147587.20640717255
2025-10-17,000001.SZ,11.14,11.22,11.02,11.04,1039666,1193518554.56,False,1147.982673820246
2025-10-17,000333.SZ,68.49,69.38,68.43,68.59,276491,2017092908.0,False,7295.329352492487
2025-10-17,300750.SZ,359.19,366.69,348.68,349.83,319058,11588825855.0,False,36322.0036952529
2025-10-17,600000.SH,12.87,13.02,12.69,12.9,816932,1084436740.0,False,1327.4504365112396
2025-10-17,600519.SH,1431.12,1436.02,1402.05,1403.02,38086,5594724900.0,False,146897.15118416215
2025-10-20,000001.SZ,11.05,11.09,10.91,11.06,952641,1081829699.98,False,1135.6111063664066
2025-10-20,000333.SZ,68.88,69.19,68.18,68.66,297557,2166679567.63,False,7281.561407158965
2025-10-20,300750.SZ,356.69,360.58,351.22,358.19,284324,10372513059.0,False,36481.31377935032
2025-10-20,600000.SH,12.85,12.85,12.51,12.57,806788,1053892620.0,False,1306.281972463646
2025-10-20,600519.SH,1403.02,1417.52,1402.9,1405.95,25950,3793283759.0,False,146176.63811175336
2025-10-21,000001.SZ,11.04,11.11,11.03,11.07,761165,869658079.64,False,1142.5355601479312
2025-10-21,000333.SZ,68.69,69.05,68.37,68.7,283947,2070032730.89,False,7290.208140568487
2025-10-21,300750.SZ,364.69,373.04,354.79,367.59,446329,16784956526.0,False,37606.690414470046
2025-10-21,600000.SH,12.57,12.88,12.5,12.57,1544032,2026895576.0,False,1312.7289952539843
2025-10-21,600519.SH,1407.02,1417.96,1403.52,1410.28,25443,3727984130.0,False,146522.97802932045
2025-10-22,000001.SZ,11.04,11.18,11.04,11.16,833703,957661635.9,False,1148.684406677198
2025-10-22,000333.SZ,68.59,69.78,68.4,69.67,393298,2894112406.41,False,7358.573922089611
2025-10-22,300750.SZ,367.59,370.57,359.89,364.55,219459,8178934535.0,False,37268.62208886398
2025-10-22,600000.SH,12.55,12.73,12.39,12.61,1196217,1553039597.0,False,1298.2925313718163
2025-10-22,600519.SH,1410.1,1413.75,1404.02,1406.72,18195,2657486636.0,False,146055.87447100852
2025-10-23,000001.SZ,11.16,11.35,11.14,11.27,1373112,1593155218.0,False,1160.2514711108781
2025-10-23,000333.SZ,69.59,70.74,69.47,70.68,347633,2588236880.97,False,7445.31411278561
2025-10-23,300750.SZ,365.49,370.49,360.69,368.14,239981,8982628026.0,False,37430.58002925231
2025-10-23,600000.SH,12.61,12.68,12.42,12.55,806523,1045171788.0,False,1295.898304202112
2025-10-23,600519.SH,1403.02,1416.82,1395.22,1416.0,29322,4274652090.0,False,145783.10108450992
2025-10-24,000001.SZ,11.24,11.32,11.19,11.2,980475,1138026681.09,False,1160.6891364797673
2025-10-24,000333.SZ,70.68,70.79,70.25,70.4,244838,1829626026.28,False,7472.802531796535
2025-10-24,300750.SZ,371.66,379.49,369.69,377.46,320416,12276721104.0,False,38314.944022770396
2025-10-24,600000.SH,12.57,12.68,12.41,12.56,1833429,2383331325.0,False,1299.9310717786182
2025-10-24,600519.SH,1415.97,1426.9,1397.36,1398.02,38226,5578603148.0,False,145937.4025009156
2025-10-27,000001.SZ,11.18,11.25,11.08,11.16,1239485,1428199707.19,False,1152.2525138989176
2025-10-27,000333.SZ,70.53,71.14,70.16,70.67,340553,2552508383.16,False,7495.186896488945
2025-10-27,300750.SZ,384.69,384.69,368.26,377.87,404510,15542852577.0,False,38423.9019480359
2025-10-27,600000.SH,12.5,12.64,12.41,12.55,1516660,1964302302.0,False,1295.1500679123865
2025-10-27,600519.SH,1388.02,1400.51,1384.01,1388.43,37102,5352667152.0,False,144268.96533879577
2025-10-28,000001.SZ,11.17,11.22,11.06,11.11,821568,943626835.3,False,1148.568146884981
2025-10-28,000333.SZ,70.4,70.71,69.92,70.2,233658,1740011911.81,False,7446.832172705407
2025-10-28,300750.SZ,377.85,385.49,374.71,378.17,287083,11160796766.0,False,38876.5505655159
2025-10-28,600000.SH,12.59,12.65,11.81,11.97,1598663,1992336126.0,False,1246.2514776410037
2025-10-28,600519.SH,1390.02,1399.22,1389.12,1393.02,27124,3923817140.0,False,144662.1862557145
2025-10-29,000001.SZ,11.1,11.1,11.0,11.03,966214,1100783363.08,False,1139.2749050210407
2025-10-29,000333.SZ,70.04,70.21,69.29,70.19,273587,2025139820.77,False,7402.178541999437
2025-10-29,300750.SZ,377.69,391.73,376.39,391.69,344740,13644645225.0,False,39579.52435168533
2025-10-29,600000.SH,11.89,11.94,11.33,11.39,1656198,1970345900.0,False,1189.6801590148038
2025-10-29,600519.SH,1388.04,1394.57,1378.06,1379.92,33937,4868780319.0,False,143465.25382326075
2025-10-30,000001.SZ,11.02,11.11,11.0,11.02,943770,1077182643.3,False,1141.3613945134937
2025-10-30,000333.SZ,70.29,71.89,70.29,71.09,499653,3777679276.17,False,7560.605612635169
2025-10-30,300750.SZ,397.67,400.77,388.52,389.98,343061,13797530228.0,False,40218.88302080388
2025-10-30,600000.SH,11.37,11.41,11.2,11.22,1223758,1430066831.0,False,1168.5862981079592
2025-10-30,600519.SH,1369.83,1384.65,1369.83,1374.76,47456,6768821311.0,False,142633.62506321646
2025-10-31,000001.SZ,11.02,11.04,10.94,10.96,970193,1099179193.25,False,1132.9490042187483
2025-10-31,000333.SZ,70.99,72.62,70.89,72.19,509742,3888018216.27,False,7627.423708993962
2025-10-31,300750.SZ,389.69,398.49,379.89,380.46,340484,13515773431.0,False,39695.766705630806
2025-10-31,600000.SH,11.3,11.32,11.07,11.07,1435342,1657883721.0,False,1155.044387330685
2025-10-31,600519.SH,1370.02,1384.0,1368.13,1378.03,35694,5109623861.0,False,143150.77774976185
2025-11-03,000001.SZ,10.98,11.08,10.94,11.07,952326,1084422503.85,False,1138.7093325709893
2025-11-03,000333.SZ,72.18,72.74,70.97,71.18,281970,2132026191.42,False,7561.18094627088
2025-11-03,300750.SZ,378.69,383.6,367.46,378.55,263682,10106566781.0,False,38328.6184912129
2025-11-03,600000.SH,11.07,11.22,10.95,10.99,1233842,1414090218.0,False,1146.0869527864993
2025-11-03,600519.SH,1379.02,1396.02,1368.12,1383.02,34548,4945310830.0,False,143143.18715989348
2025-11-04,000001.SZ,11.06,11.28,11.04,11.23,1503007,1737289513.56,False,1155.8758632261859
2025-11-04,000333.SZ,70.91,71.58,70.69,70.95,302606,2282008180.24,False,7541.1861636583535
2025-11-04,300750.SZ,374.75,378.19,365.69,370.64,239391,9091842152.0,False,37979.047466279015
2025-11-04,600000.SH,10.98,11.21,10.94,11.2,1349643,1553428253.0,False,1150.9919682464179
2025-11-04,600519.SH,1383.12,1383.8,1371.8,1377.02,26566,3793892903.0,False,142810.09195964766
2025-11-05,000001.SZ,11.23,11.24,11.14,11.16,794926,918112474.29,False,1154.9659644922924
2025-11-05,000333.SZ,70.79,72.18,70.09,71.73,266151,2015978787.06,False,7574.567771903919
2025-11-05,300750.SZ,364.54,384.69,363.69,380.39,311425,11937586811.0,False,38332.140358031626
2025-11-05,600000.SH,11.22,11.54,11.16,11.44,1621866,1915573359.0,False,1181.0922474483095
2025-11-05,600519.SH,1373.91,1379.01,1368.03,1368.1,34475,4908475373.0,False,142377.82082668602
2025-11-06,000001.SZ,11.14,11.22,11.11,11.15,766585,882799461.59,False,1151.6002290548342
2025-11-06,000333.SZ,71.73,73.22,71.73,72.82,355111,2732619897.06,False,7695.114758652928
2025-11-06,300750.SZ,381.69,391.18,380.39,386.37,234475,9261688311.0,False,39499.68359526602
2025-11-06,600000.SH,11.38,11.38,11.17,11.24,1278673,1491236057.0,False,1166.237229534056
2025-11-06,600519.SH,1378.02,1389.47,1378.01,1383.15,38348,5505960415.0,False,143578.8154532179
2025-11-07,000001.SZ,11.16,11.22,11.14,11.19,734851,848177983.52,False,1154.217635302939
2025-11-07,000333.SZ,73.06,73.06,71.9,71.99,264420,2021807279.77,False,7646.196504689509
2025-11-07,300750.SZ,385.19,389.2,380.57,387.06,165549,6516185370.0,False,39361.06753891597
2025-11-07,600000.SH,11.22,11.33,11.17,11.28,931252,1088148705.0,False,1168.4793213866924
2025-11-07,600519.SH,1383.13,1387.8,1379.13,1381.35,18861,2704995856.0,False,143417.41455914322
2025-11-10,000001.SZ,11.16,11.28,11.09,11.27,827208,957555600.77,False,1157.575362871249
2025-11-10,000333.SZ,72.05,73.34,71.74,73.12,391008,3010493958.58,False,7699.315509094443
2025-11-10,300750.SZ,390.09,392.0,375.01,376.2,238960,9267204047.0,False,38781.40294191497
2025-11-10,600000.SH,11.23,11.38,11.19,11.27,906158,1060061828.0,False,1169.842155562275
2025-11-10,600519.SH,1383.02,1411.71,1383.0,1410.32,49452,7181246441.0,False,145216.5016783952
2025-11-11,000001.SZ,11.26,11.33,11.21,11.31,886509,1033284775.65,False,1165.5660299557026
2025-11-11,000333.SZ,73.12,73.18,72.47,73.02,227708,1755331383.55,False,7708.694396112565
2025-11-11,300750.SZ,377.69,386.46,376.19,377.29,193032,7500041113.0,False,38853.87455447801
2025-11-11,600000.SH,11.25,11.31,11.18,11.25,789107,920057997.0,False,1165.9483403391428
2025-11-11,600519.SH,1410.02,1410.2,1395.02,1407.01,26692,3882776772.0,False,145465.93631050503
2025-11-12,000001.SZ,11.34,11.43,11.29,11.32,1141325,1337963805.19,False,1172.2899307296345
2025-11-12,000333.SZ,73.02,76.34,73.02,75.28,737847,5857421168.27,False,7938.530844836397
2025-11-12,300750.SZ,382.47,384.68,375.67,378.07,212998,8261238196.0,False,38785.52003305195
2025-11-12,600000.SH,11.27,11.5,11.24,11.26,1509376,1773400018.0,False,1174.9226289539517
2025-11-12,600519.SH,1408.0,1426.38,1407.23,1413.17,32992,4849073051.0,False,146977.23845174588
2025-11-13,000001.SZ,11.32,11.36,11.21,11.34,978991,1139765204.11,False,1164.224394412206
2025-11-13,000333.SZ,74.99,75.79,74.48,75.39,333370,2639881173.73,False,7918.7724562198155
2025-11-13,300750.SZ,376.74,412.99,376.74,407.29,562654,22945441956.0,False,40780.731952496564
2025-11-13,600000.SH,11.24,11.3,11.09,11.24,1217695,1414343347.0,False,1161.4922841926755
2025-11-13,600519.SH,1410.14,1421.6,1406.02,1418.4,31179,4569178269.0,False,146546.6586163764
2025-11-14,000001.SZ,11.31,11.48,11.3,11.39,1316995,1551867288.21,False,1178.3395443490674
2025-11-14,000333.SZ,75.29,76.21,74.84,75.02,273127,2181244560.27,False,7986.191626129968
2025-11-14,300750.SZ,398.69,406.29,395.57,395.81,241721,9879119548.0,False,40869.92668406965
2025-11-14,600000.SH,11.19,11.35,11.19,11.2,1135432,1326048681.0,False,1167.8803142768568
2025-11-14,600519.SH,1418.02,1426.97,1404.32,1404.62,27473,4031007106.0,False,146726.13496887853
2025-11-17,000001.SZ,11.39,11.39,11.26,11.31,995233,1161416221.76,False,1166.9792116619926
2025-11-17,000333.SZ,75.02,75.18,73.7,74.21,261095,2050426784.02,False,7853.182879871311
2025-11-17,300750.SZ,379.69,384.09,374.19,382.47,476855,18542294255.0,False,38884.55453963993
2025-11-17,600000.SH,11.18,11.23,10.93,10.95,984855,1127109373.0,False,1144.4419462763553
2025-11-17,600519.SH,1402.02,1421.02,1393.81,1419.02,34462,5035780027.0,False,146125.5883872091
2025-11-18,000001.SZ,11.29,11.33,11.21,11.23,670077,778887577.92,False,1162.38518546376
2025-11-18,000333.SZ,74.57,74.94,73.28,73.68,235904,1833005279.67,False,7770.132255790491
2025-11-18,300750.SZ,380.69,390.32,372.69,376.69,395658,15353867656.0,False,38805.90726334359
2025-11-18,600000.SH,10.93,11.03,10.83,11.03,565031,642965677.0,False,1137.9299135799629
2025-11-18,600519.SH,1418.72,1434.09,1417.02,1424.02,34205,5055675474.0,False,147805.1593041953
2025-11-19,000001.SZ,11.22,11.47,11.21,11.44,1334996,1565428546.57,False,1172.6091662971273
2025-11-19,000333.SZ,73.66,74.37,73.3,73.68,214415,1661622967.52,False,7749.56494424364
2025-11-19,300750.SZ,377.19,390.13,376.65,382.79,292667,11462348543.0,False,39165.15542579109
2025-11-19,600000.SH,11.01,11.2,10.98,11.14,932644,1078378239.0,False,1156.2592361072393
2025-11-19,600519.SH,1422.02,1427.55,1417.98,1419.03,22045,3249449214.0,False,147400.73549557722
2025-11-20,000001.SZ,11.43,11.63,11.38,11.49,1637040,1948415939.65,False,1190.206677692665
2025-11-20,000333.SZ,73.78,75.16,73.31,74.22,261929,2050174662.8,False,7827.215248407011
2025-11-20,300750.SZ,386.59,386.69,368.7,371.08,336743,12895238922.0,False,38294.007364666824
2025-11-20,600000.SH,11.12,11.39,11.07,11.28,1161250,1361974217.0,False,1172.85185532831
2025-11-20,600519.SH,1420.02,1427.92,1413.05,1415.13,24002,3531653943.0,False,147139.98595950336
2025-11-21,000001.SZ,11.44,11.52,11.3,11.33,1465359,1721871193.26,False,1175.050750880842
2025-11-21,000333.SZ,73.38,75.57,73.38,75.03,439495,3442968264.83,False,7833.919077190867
2025-11-21,300750.SZ,366.69,374.69,361.69,361.69,316313,11850710342.0,False,37465.13846095481
2025-11-21,600000.SH,11.28,11.32,11.08,11.1,1002487,1161931513.0,False,1159.048958240855
2025-11-21,600519.SH,1418.52,1428.02,1404.02,1414.62,42607,6259873433.0,False,146921.243762762
2025-11-24,000001.SZ,11.34,11.37,11.24,11.24,1117119,1302444629.51,False,1165.8960500268995
2025-11-24,000333.SZ,74.88,75.76,74.53,74.84,367739,2903024266.26,False,7894.251809734622
2025-11-24,300750.SZ,365.49,366.59,358.87,362.24,228458,8464724008.0,False,37051.55436885555
2025-11-24,600000.SH,11.12,11.23,11.07,11.11,948154,1097744267.0,False,1157.770010989776
2025-11-24,600519.SH,1415.02,1419.02,1399.15,1400.02,33607,4901903705.0,False,145859.6038027792
2025-11-25,000001.SZ,11.25,11.44,11.22,11.44,1028081,1203879796.74,False,1170.9970291640445
2025-11-25,000333.SZ,75.27,75.28,73.89,74.98,291012,2280195508.5,False,7835.400287617005
2025-11-25,300750.SZ,366.69,371.35,362.28,364.05,206332,7733117131.0,False,37479.00049919547
2025-11-25,600000.SH,11.11,11.22,11.03,11.19,557095,643212946.0,False,1154.583950672686
2025-11-25,600519.SH,1406.02,1406.02,1392.52,1392.67,28441,4119930011.0,False,144858.8309482789
2025-11-26,000001.SZ,11.45,11.49,11.29,11.33,821301,962935429.85,False,1172.4513057332208
2025-11-26,000333.SZ,74.97,76.28,74.69,76.08,320728,2538706359.91,False,7915.449726590756
2025-11-26,300750.SZ,367.19,367.19,361.76,364.51,189107,7048903988.0,False,37274.68569645756
2025-11-26,600000.SH,11.21,11.25,11.03,11.06,608770,702261810.0,False,1153.5749297764344
2025-11-26,600519.SH,1396.9,1401.51,1391.6,1397.17,20306,2938818095.0,False,144726.58795429923
2025-11-27,000001.SZ,11.3,11.35,11.22,11.35,1011847,1178308953.13,False,1164.5129679981262
2025-11-27,000333.SZ,75.88,77.01,75.23,76.08,316461,2524590682.3,False,7977.572851947002
2025-11-27,300750.SZ,364.69,370.57,361.69,362.89,222003,8289124681.0,False,37337.894897816695
2025-11-27,600000.SH,11.0,11.36,10.89,11.2,936986,1086584193.0,False,1159.6589415423496
2025-11-27,600519.SH,1397.52,1398.02,1387.06,1395.32,22287,3216797187.0,False,144335.13649212546
2025-11-28,000001.SZ,11.31,11.32,11.22,11.25,884358,1027933463.87,False,1162.3499350602358
2025-11-28,000333.SZ,76.08,76.35,75.61,76.14,181267,1445017043.31,False,7971.760129036173
2025-11-28,300750.SZ,362.19,367.17,357.85,364.89,203403,7542337298.0,False,37080.7574027915
2025-11-28,600000.SH,11.18,11.28,11.04,11.06,796827,921539832.0,False,1156.5118049463686
2025-11-28,600519.SH,1394.52,1403.52,1391.02,1398.52,23211,3366696622.0,False,145047.4612037396
2025-12-01,000001.SZ,11.24,11.34,11.17,11.33,1037323,1205480322.84,False,1162.107003161021
2025-12-01,000333.SZ,76.08,76.48,75.45,76.28,303520,2419268736.44,False,7970.706169082762
2025-12-01,300750.SZ,366.45,374.66,365.72,374.66,267510,10120862870.0,False,37833.58704347501
2025-12-01,600000.SH,10.99,11.13,10.95,11.12,680002,779356764.0,False,1146.1095173249491
2025-12-01,600519.SH,1399.02,1410.29,1390.02,1396.02,27333,3961994999.0,False,144952.8042659057
2025-12-02,000001.SZ,11.32,11.37,11.23,11.28,768060,894720591.59,False,1164.9097617243444
2025-12-02,000333.SZ,76.38,77.94,76.29,77.84,378049,3071966511.53,False,8125.842183235507
2025-12-02,300750.SZ,375.19,376.67,369.09,371.77,163485,6220569501.0,False,38049.78744838976
2025-12-02,600000.SH,11.09,11.16,11.01,11.03,503314,577904085.0,False,1148.19791422452
2025-12-02,600519.SH,1396.02,1399.94,1383.04,1384.05,25047,3607543825.0,False,144030.9747674372
2025-12-03,000001.SZ,11.28,11.34,11.18,11.19,944601,1099167226.64,False,1163.6312333355565
2025-12-03,000333.SZ,77.83,79.16,77.54,78.45,368660,3038100688.7,False,8240.928467151305
2025-12-03,300750.SZ,371.78,375.06,366.69,367.77,139911,5294871742.0,False,37844.57077713689
2025-12-03,600000.SH,11.0,11.08,10.88,10.88,659167,751358255.0,False,1139.8602402729505
2025-12-03,600519.SH,1383.83,1383.99,1376.02,1377.12,23573,3370080066.0,False,142963.56280490392
2025-12-04,000001.SZ,11.19,11.22,11.1,11.13,886090,1019178990.3,False,1150.198050198061
2025-12-04,000333.SZ,78.41,79.45,78.05,78.17,289180,2377656054.22,False,8222.06257078636
2025-12-04,300750.SZ,370.88,375.29,366.84,375.04,191658,7299943081.0,False,38088.38181030795
2025-12-04,600000.SH,10.91,10.91,10.73,10.83,450669,506206456.0,False,1123.2333619574456
2025-12-04,600519.SH,1377.12,1380.52,1366.4,1372.0,29075,4134921902.0,False,142215.71460017198
2025-12-05,000001.SZ,11.13,11.18,11.04,11.17,890766,1022334911.54,False,1147.7031134327085
2025-12-05,000333.SZ,78.17,78.87,77.98,78.51,246165,2020996777.57,False,8209.92739654297
2025-12-05,300750.SZ,378.89,381.0,373.69,380.78,232916,9004580815.0,False,38660.20717769496
2025-12-05,600000.SH,10.81,10.9,10.72,10.84,567707,637399478.0,False,1122.7613504853737
2025-12-05,600519.SH,1372.0,1381.11,1367.52,1378.03,25402,3622681597.0,False,142614.03027320682
2025-12-08,000001.SZ,11.13,11.24,11.12,11.16,855899,988510035.14,False,1154.937714777094
2025-12-08,000333.SZ,79.28,79.38,77.32,78.09,273365,2235419968.16,False,8177.418353337112
2025-12-08,300750.SZ,382.12,387.07,377.19,384.19,216598,8476698700.0,False,39135.6277527955
2025-12-08,600000.SH,10.84,11.01,10.81,10.97,894184,1017232427.0,False,1137.6097391588307
2025-12-08,600519.SH,1377.22,1384.69,1366.02,1366.24,33603,4789155770.0,False,142521.67276731244
2025-12-09,000001.SZ,11.16,11.18,11.07,11.07,733957,842732358.15,False,1148.2039930813385
2025-12-09,000333.SZ,77.78,77.84,76.22,76.48,356479,2872571866.53,False,8058.179770842042
2025-12-09,300750.SZ,383.19,383.95,377.69,379.28,186918,7255076087.0,False,38814.21846478135
2025-12-09,600000.SH,10.99,11.01,10.89,10.9,585859,664542014.0,False,1134.3036703370606
2025-12-09,600519.SH,1366.25,1369.02,1348.07,1349.03,42634,5995722121.0,False,140632.4088990008
2025-12-10,000001.SZ,11.08,11.1,10.93,10.97,1044065,1184087688.01,False,1134.112998721344
2025-12-10,000333.SZ,76.26,76.9,75.98,76.35,245720,1970629706.26,False,8019.818111102068
2025-12-10,300750.SZ,376.74,379.69,368.95,374.07,194334,7399361240.0,False,38075.4846810131
2025-12-10,600000.SH,10.9,10.91,10.72,10.86,708314,794675028.0,False,1121.9247791233831
2025-12-10,600519.SH,1348.02,1350.82,1331.2,1350.82,33133,4625906139.0,False,139616.27800078472
2025-12-11,000001.SZ,10.99,11.03,10.94,11.01,925261,1049906215.97,False,1134.713573759188
2025-12-11,000333.SZ,76.4,76.84,75.46,75.58,272945,2178536617.35,False,7981.595623110883
2025-12-11,300750.SZ,376.59,390.55,375.07,380.68,282154,11089031994.0,False,39301.34605215592
2025-12-11,600000.SH,10.88,11.03,10.8,11.02,1075867,1222579775.0,False,1136.3670184139862
2025-12-11,600519.SH,1354.68,1360.01,1349.57,1360.01,22385,3149974074.0,False,140718.07344203707
2025-12-12,000001.SZ,11.01,11.07,10.94,10.99,1191895,1357465371.22,False,1138.9135546503678
2025-12-12,000333.SZ,75.63,76.26,75.48,75.6,328959,2615339990.39,False,7950.352446323098
2025-12-12,300750.SZ,383.69,385.08,377.19,383.49,240020,9355490916.0,False,38977.96398633447
2025-12-12,600000.SH,10.99,11.19,10.93,11.19,1453727,1672795399.0,False,1150.6943181216282
2025-12-12,600519.SH,1366.02,1373.02,1361.59,1368.67,37159,5273563274.0,False,141918.86956053716
2025-12-15,000001.SZ,10.98,11.18,10.97,11.15,940833,1080642231.19,False,1148.6015384132997
2025-12-15,000333.SZ,75.97,77.38,75.73,76.69,365547,2945959174.79,False,8059.0435013555025
2025-12-15,300750.SZ,383.19,386.66,376.9,377.19,182750,7099251459.0,False,38846.79320930233
2025-12-15,600000.SH,11.17,11.33,11.08,11.24,1115082,1302167030.0,False,1167.7769258224955
2025-12-15,600519.SH,1387.61,1388.01,1373.59,1374.02,33359,4774362060.0,False,143120.65889265266
2025-12-16,000001.SZ,11.13,11.19,11.08,11.12,647351,743389002.32,False,1148.3553780252137
2025-12-16,000333.SZ,76.53,77.13,76.12,76.24,214231,1718619061.36,False,8022.270639449939
2025-12-16,300750.SZ,377.69,380.77,369.72,370.1,191217,7292054834.0,False,38134.97144082378
2025-12-16,600000.SH,11.25,11.3,11.0,11.13,867334,1000970374.0,False,1154.0771767277658
2025-12-16,600519.SH,1374.22,1376.8,1363.02,1370.02,23964,3403139194.0,False,142010.4821398765
2025-12-17,000001.SZ,11.11,11.22,11.06,11.17,701495,807135164.41,False,1150.5928971838716
2025-12-17,000333.SZ,75.99,77.2,75.66,76.75,230282,1850597015.67,False,8036.220875578639
2025-12-17,300750.SZ,368.14,376.19,366.75,375.11,222574,8453303233.0,False,37979.742615938965
2025-12-17,600000.SH,11.12,11.25,11.03,11.12,608948,704546774.0,False,1156.990045127006
2025-12-17,600519.SH,1373.02,1387.96,1365.7,1381.12,31382,4489482138.0,False,143059.14658084253
2025-12-18,000001.SZ,11.15,11.29,11.12,11.28,790467,916247610.59,False,1159.1218995732902
2025-12-18,000333.SZ,76.55,76.89,75.79,76.11,214098,1710070019.19,False,7987.323651738923
2025-12-18,300750.SZ,371.26,372.64,361.7,363.69,296393,11079385459.0,False,37380.725789745375
2025-12-18,600000.SH,11.17,11.37,11.06,11.36,692010,809469483.0,False,1169.7366844409762
2025-12-18,600519.SH,1381.52,1386.9,1374.13,1379.02,17830,2551177659.0,False,143083.435726304
2025-12-19,000001.SZ,11.27,11.29,11.22,11.26,649886,755106127.43,False,1161.9055148595291
2025-12-19,000333.SZ,76.13,76.18,75.08,75.73,278018,2205368623.68,False,7932.467047745109
2025-12-19,300750.SZ,365.77,369.37,362.49,365.69,175599,6572807889.0,False,37430.78200331437
2025-12-19,600000.SH,11.3,11.38,11.23,11.27,678151,794336354.0,False,1171.326672083356
2025-12-19,600519.SH,1381.98,1384.43,1372.99,1381.98,26509,3733028357.0,False,140821.16854653138
2025-12-22,000001.SZ,11.25,11.25,11.15,11.16,742369,857197057.46,False,1154.6778724057713
2025-12-22,000333.SZ,75.58,76.07,75.18,75.44,245037,1941379877.41,False,7922.802994690598
2025-12-22,300750.SZ,367.69,369.68,359.79,363.53,254935,9489773616.0,False,37224.2870378724
2025-12-22,600000.SH,11.23,11.27,11.12,11.22,499073,580340538.0,False,1162.836975753046
2025-12-22,600519.SH,1381.98,1386.12,1378.56,1380.24,20426,2881636856.0,False,141076.90472926662
2025-12-23,000001.SZ,11.16,11.24,11.14,11.2,666266,770081939.85,False,1155.817556126232
2025-12-23,000333.SZ,75.66,76.59,75.3,75.93,254680,2029842283.13,False,7970.167595138998
2025-12-23,300750.SZ,363.69,372.19,363.29,369.79,236041,8879315764.0,False,37617.68406336187
2025-12-23,600000.SH,11.25,11.46,11.2,11.41,614883,724111796.0,False,1177.6415936039864
2025-12-23,600519.SH,1380.24,1384.91,1369.17,1379.84,24507,3445377032.0,False,140587.4661117232
2025-12-24,000001.SZ,11.19,11.22,11.13,11.18,505244,582458734.52,False,1152.8266234136377
2025-12-24,000333.SZ,75.71,76.22,75.04,75.08,217047,1715476083.55,False,7903.707876865379
2025-12-24,300750.SZ,369.77,369.77,363.69,367.29,210884,7902857946.0,False,37474.905379260636
2025-12-24,600000.SH,11.41,11.48,11.33,11.39,465106,550611164.0,False,1183.8401654676568
2025-12-24,600519.SH,1376.97,1378.34,1371.98,1372.88,25187,3533253565.0,False,140280.8419025688
2025-12-25,000001.SZ,11.18,11.26,11.16,11.2,547455,633772624.98,False,1157.6707217579528
2025-12-25,000333.SZ,74.8,75.16,74.46,74.87,226758,1780124524.55,False,7850.327329355524
2025-12-25,300750.SZ,365.9,365.9,360.81,364.7,203431,7559336244.0,False,37159.2148885863
2025-12-25,600000.SH,11.38,11.44,11.32,11.35,303263,357369168.0,False,1178.4133507879299
2025-12-25,600519.SH,1376.98,1391.46,1373.36,1386.15,23386,3299572096.0,False,141091.7684084495
2025-12-26,000001.SZ,11.2,11.23,11.17,11.18,436340,504079280.05,False,1155.2442591786223
2025-12-26,000333.SZ,74.87,75.35,74.83,75.15,214107,1688269459.89,False,7885.167042133139
2025-12-26,300750.SZ,364.65,369.69,361.79,366.12,257237,9616116052.0,False,37382.32078589006
2025-12-26,600000.SH,11.35,11.4,11.29,11.3,298169,350344914.0,False,1174.9877217282817
2025-12-26,600519.SH,1386.15,1391.12,1381.98,1386.11,17803,2520605635.0,False,141583.195809695
2025-12-29,000001.SZ,11.18,11.26,11.14,11.2,648295,749082977.59,False,1155.4662269337261
2025-12-29,000333.SZ,75.07,76.0,74.53,74.69,256974,2026008965.17,False,7884.100979748924
2025-12-29,300750.SZ,365.69,366.12,359.69,361.0,241241,8924502782.0,False,36994.13773778089
2025-12-29,600000.SH,11.32,11.8,11.26,11.75,878758,1055110814.0,False,1200.6841633305187
2025-12-29,600519.SH,1386.11,1386.11,1372.98,1373.98,26308,3694660107.0,False,140438.65390755664
2025-12-30,000001.SZ,11.17,11.2,11.09,11.12,582584,669409275.27,False,1149.034774847919
2025-12-30,000333.SZ,74.44,75.66,74.4,75.13,213622,1681118068.36,False,7869.592403216897
2025-12-30,300750.SZ,358.79,362.69,358.25,360.89,190308,7014015793.0,False,36856.12687327911
2025-12-30,600000.SH,11.75,11.99,11.68,11.97,740511,910372295.0,False,1229.3838916639995
2025-12-30,600519.SH,1372.98,1373.88,1357.98,1361.7,33792,4702489813.0,False,139159.85478811554
2025-12-31,000001.SZ,11.12,11.13,11.04,11.05,590620,675457357.45,False,1143.641186295757
2025-12-31,000333.SZ,75.15,76.56,74.13,74.43,287758,2256598465.55,False,7842.000797718917
2025-12-31,300750.SZ,361.48,363.69,358.84,358.95,160266,5920431545.0,False,36941.28227446869
2025-12-31,600000.SH,11.93,12.03,11.72,12.02,824459,1016605870.0,False,1233.058126601808
2025-12-31,600519.SH,1361.98,1365.98,1349.15,1349.16,34766,4799456452.0,False,138050.29200943452
